entry_dt,exit_dt,side,entry,exit,n,exit_tag,gross_pnl,net_pnl,bars_held
2026-02-13 06:10:00+00:00,2026-02-13 06:35:00+00:00,BUY,1136.375,1134.0051,5,SL,-59.25,-66.65,5
2026-02-13 06:40:00+00:00,2026-02-13 06:50:00+00:00,BUY,1135.375,1134.6726,1,TP,-3.51,-4.99,2
2026-02-13 07:00:00+00:00,2026-02-13 07:10:00+00:00,BUY,1135.375,1132.6072,1,SL,-13.84,-15.32,2
2026-02-17 08:35:00+00:00,2026-02-17 09:35:00+00:00,BUY,1145.875,1143.375,1,TIME,-12.5,-13.98,12
2026-02-17 09:45:00+00:00,2026-02-17 10:00:00+00:00,SELL,1143.375,1147.6936,1,SL,-21.59,-23.07,3
2026-02-17 10:05:00+00:00,2026-02-17 11:05:00+00:00,SELL,1146.125,1148.125,1,TIME,-10.0,-11.48,12
2026-02-18 01:25:00+00:00,2026-02-18 02:25:00+00:00,SELL,1154.875,1155.875,1,TIME,-5.0,-6.48,12
2026-02-18 02:40:00+00:00,2026-02-18 03:40:00+00:00,SELL,1154.375,1156.125,1,TIME,-8.75,-10.23,12
2026-02-18 03:55:00+00:00,2026-02-18 05:15:00+00:00,SELL,1154.125,1156.125,1,TIME,-10.0,-11.48,12
2026-02-19 02:30:00+00:00,2026-02-19 03:20:00+00:00,BUY,1149.625,1149.7755,1,TP,0.75,-0.73,10
2026-02-19 03:25:00+00:00,2026-02-19 04:25:00+00:00,BUY,1151.625,1149.0042,1,SL,-13.1,-14.58,12
2026-02-19 04:30:00+00:00,2026-02-19 05:40:00+00:00,BUY,1150.625,1148.875,1,TIME,-8.75,-10.23,12
2026-02-20 08:10:00+00:00,2026-02-20 08:15:00+00:00,SELL,1151.875,1154.3038,1,SL,-12.14,-13.620000000000001,1
2026-02-20 08:35:00+00:00,2026-02-20 08:50:00+00:00,SELL,1152.875,1153.4175,1,TP,-2.71,-4.1899999999999995,3
2026-02-20 09:05:00+00:00,2026-02-20 09:10:00+00:00,SELL,1151.875,1154.427,1,SL,-12.76,-14.24,1
2026-02-23 01:05:00+00:00,2026-02-23 02:05:00+00:00,BUY,1149.625,1145.625,1,TIME,-20.0,-21.48,12
2026-02-23 02:15:00+00:00,2026-02-23 03:15:00+00:00,BUY,1147.125,1143.625,1,TIME,-17.5,-18.98,12
2026-02-23 03:20:00+00:00,2026-02-23 04:20:00+00:00,BUY,1145.375,1144.375,1,TIME,-5.0,-6.48,12
2026-02-24 04:15:00+00:00,2026-02-24 05:20:00+00:00,SELL,1146.375,1147.125,1,TIME,-3.75,-5.23,12
2026-02-24 05:40:00+00:00,2026-02-24 05:45:00+00:00,SELL,1144.125,1146.5276,1,SL,-12.01,-13.49,1
2026-02-24 05:50:00+00:00,2026-02-24 06:10:00+00:00,SELL,1144.875,1147.3159,1,SL,-12.2,-13.68,4
2026-02-25 09:00:00+00:00,2026-02-25 09:20:00+00:00,SELL,1159.375,1162.2465,1,SL,-14.36,-15.84,4
2026-02-25 10:10:00+00:00,2026-02-25 10:30:00+00:00,SELL,1158.375,1161.1845,1,SL,-14.05,-15.530000000000001,4
2026-02-25 12:15:00+00:00,2026-02-25 13:05:00+00:00,SELL,1157.375,1160.0823,1,SL,-13.54,-15.02,10
2026-02-26 01:10:00+00:00,2026-02-26 02:10:00+00:00,SELL,1166.375,1169.125,1,TIME,-13.75,-15.23,12
2026-02-26 08:40:00+00:00,2026-02-26 09:30:00+00:00,SELL,1168.375,1168.8009,1,TP,-2.13,-3.61,10
2026-02-26 09:35:00+00:00,2026-02-26 09:35:00+00:00,SELL,1166.625,1166.9248,1,TP,-1.5,-2.98,0
2026-02-27 09:20:00+00:00,2026-02-27 09:45:00+00:00,SELL,1166.625,1167.063,1,TP,-2.19,-3.67,5
2026-02-27 09:50:00+00:00,2026-02-27 10:00:00+00:00,SELL,1165.125,1167.7514,1,SL,-13.13,-14.610000000000001,2
2026-02-27 10:05:00+00:00,2026-02-27 10:20:00+00:00,SELL,1165.125,1167.8048,1,SL,-13.4,-14.88,3
2026-03-02 01:05:00+00:00,2026-03-02 01:20:00+00:00,SELL,1177.125,1172.7857,1,TP,21.7,20.22,3
2026-03-02 01:30:00+00:00,2026-03-02 02:20:00+00:00,BUY,1171.625,1165.9865,1,SL,-28.19,-29.67,10
2026-03-02 02:25:00+00:00,2026-03-02 03:25:00+00:00,BUY,1168.875,1169.125,1,TIME,1.25,-0.22999999999999998,12
2026-03-02 04:30:00+00:00,2026-03-02 05:05:00+00:00,BUY,1171.375,1168.2575,1,SL,-15.59,-17.07,7
2026-03-03 05:50:00+00:00,2026-03-03 06:25:00+00:00,SELL,1171.625,1171.604,1,TP,0.1,-1.38,7
2026-03-03 06:35:00+00:00,2026-03-03 06:40:00+00:00,SELL,1168.625,1171.9862,1,SL,-16.81,-18.29,1
2026-03-03 06:45:00+00:00,2026-03-03 07:45:00+00:00,SELL,1170.375,1172.125,1,TIME,-8.75,-10.23,12
2026-03-04 08:50:00+00:00,2026-03-04 09:50:00+00:00,SELL,1174.625,1175.125,1,TIME,-2.5,-3.98,12
2026-03-04 10:15:00+00:00,2026-03-04 11:15:00+00:00,SELL,1170.375,1172.625,1,TIME,-11.25,-12.73,12
2026-03-04 12:45:00+00:00,2026-03-04 14:30:00+00:00,SELL,1168.375,1171.9884,1,SL,-18.07,-19.55,12
2026-03-05 12:20:00+00:00,2026-03-05 12:35:00+00:00,SELL,1172.875,1173.057,1,TP,-0.91,-2.39,3
2026-03-05 12:40:00+00:00,2026-03-05 13:00:00+00:00,SELL,1170.875,1173.6646,1,SL,-13.95,-15.43,4
2026-03-05 13:05:00+00:00,2026-03-05 13:20:00+00:00,SELL,1172.375,1172.1672,1,TP,1.04,-0.43999999999999995,3
2026-03-06 13:15:00+00:00,2026-03-06 14:30:00+00:00,SELL,1188.375,1192.4185,1,SL,-20.22,-21.7,6
2026-03-06 14:35:00+00:00,2026-03-06 14:45:00+00:00,SELL,1198.625,1203.5097,1,SL,-24.42,-25.900000000000002,2
2026-03-06 14:50:00+00:00,2026-03-06 15:00:00+00:00,SELL,1199.625,1195.4707,1,TP,20.77,19.29,2
2026-03-06 15:25:00+00:00,2026-03-06 16:25:00+00:00,SELL,1197.125,1194.875,1,TIME,11.25,9.77,12
2026-03-09 00:05:00+00:00,2026-03-09 00:20:00+00:00,BUY,1220.625,1213.9541,1,SL,-33.35,-34.83,3
2026-03-09 00:30:00+00:00,2026-03-09 01:00:00+00:00,BUY,1219.125,1226.0153,1,TP,34.45,32.970000000000006,6
2026-03-09 01:15:00+00:00,2026-03-09 02:15:00+00:00,BUY,1228.375,1229.125,1,TIME,3.75,2.27,12
2026-03-09 02:20:00+00:00,2026-03-09 03:20:00+00:00,SELL,1228.875,1229.875,1,TIME,-5.0,-6.48,12
2026-03-09 03:30:00+00:00,2026-03-09 04:30:00+00:00,BUY,1228.125,1229.875,1,TIME,8.75,7.27,12
2026-03-09 04:50:00+00:00,2026-03-09 05:00:00+00:00,BUY,1233.875,1229.6657,1,SL,-21.05,-22.53,2
2026-03-10 00:10:00+00:00,2026-03-10 00:15:00+00:00,SELL,1187.125,1193.5644,1,SL,-32.2,-33.68,1
2026-03-10 02:05:00+00:00,2026-03-10 02:40:00+00:00,SELL,1188.125,1193.7087,1,SL,-27.92,-29.400000000000002,7
2026-03-10 12:05:00+00:00,2026-03-10 12:20:00+00:00,SELL,1196.125,1199.7375,1,SL,-18.06,-19.54,3
2026-03-11 12:20:00+00:00,2026-03-11 12:35:00+00:00,SELL,1218.375,1222.3189,1,SL,-19.72,-21.2,3
2026-03-11 12:40:00+00:00,2026-03-11 13:30:00+00:00,SELL,1220.375,1224.2713,1,SL,-19.48,-20.96,1
2026-03-11 13:45:00+00:00,2026-03-11 13:50:00+00:00,SELL,1221.125,1217.6252,1,TP,17.5,16.02,1
2026-03-11 16:30:00+00:00,2026-03-11 16:40:00+00:00,SELL,1226.125,1223.0466,1,TP,15.39,13.91,2
2026-03-12 11:55:00+00:00,2026-03-12 12:35:00+00:00,SELL,1229.625,1228.294,1,TP,6.65,5.17,8
2026-03-12 14:15:00+00:00,2026-03-12 14:45:00+00:00,SELL,1232.375,1229.2756,1,TP,15.5,14.02,6
2026-03-12 15:05:00+00:00,2026-03-12 15:30:00+00:00,SELL,1233.125,1238.3298,1,SL,-26.02,-27.5,5
2026-03-12 15:35:00+00:00,2026-03-12 15:45:00+00:00,SELL,1237.125,1233.2109,1,TP,19.57,18.09,2
2026-03-12 16:10:00+00:00,2026-03-12 16:35:00+00:00,SELL,1230.625,1226.6846,1,TP,19.7,18.22,5
2026-03-12 16:50:00+00:00,2026-03-12 17:40:00+00:00,SELL,1227.875,1233.2275,1,SL,-26.76,-28.240000000000002,10
2026-03-13 06:50:00+00:00,2026-03-13 07:50:00+00:00,SELL,1219.375,1220.375,1,TIME,-5.0,-6.48,12
2026-03-13 08:10:00+00:00,2026-03-13 08:20:00+00:00,SELL,1217.875,1217.219,1,TP,3.28,1.7999999999999998,2
2026-03-13 08:25:00+00:00,2026-03-13 09:25:00+00:00,SELL,1216.375,1218.625,1,TIME,-11.25,-12.73,12
2026-03-13 10:55:00+00:00,2026-03-13 11:10:00+00:00,SELL,1214.625,1217.718,1,SL,-15.47,-16.95,3
2026-03-13 13:35:00+00:00,2026-03-13 14:30:00+00:00,SELL,1211.875,1210.1875,1,TP,8.44,6.959999999999999,11
2026-03-13 16:45:00+00:00,2026-03-13 17:10:00+00:00,SELL,1225.875,1222.5156,1,TP,16.8,15.32,5
2026-03-16 00:05:00+00:00,2026-03-16 00:50:00+00:00,SELL,1204.125,1197.7266,1,TP,31.99,30.509999999999998,9
2026-03-16 01:05:00+00:00,2026-03-16 01:45:00+00:00,SELL,1196.875,1203.3239,1,SL,-32.24,-33.72,8
2026-03-16 05:10:00+00:00,2026-03-16 05:30:00+00:00,SELL,1199.875,1202.5596,1,SL,-13.42,-14.9,4
2026-03-16 05:35:00+00:00,2026-03-16 05:45:00+00:00,SELL,1200.625,1200.7576,1,TP,-0.66,-2.14,2
2026-03-17 12:05:00+00:00,2026-03-17 12:10:00+00:00,BUY,1163.375,1158.9643,1,SL,-22.05,-23.53,1
2026-03-17 15:20:00+00:00,2026-03-17 16:00:00+00:00,BUY,1157.125,1161.3021,1,TP,20.89,19.41,8
2026-03-18 00:45:00+00:00,2026-03-18 01:45:00+00:00,BUY,1154.375,1151.375,1,TIME,-15.0,-16.48,12
2026-03-18 01:50:00+00:00,2026-03-18 02:50:00+00:00,BUY,1152.875,1148.9547,1,SL,-19.6,-21.080000000000002,12
2026-03-18 02:55:00+00:00,2026-03-18 03:15:00+00:00,BUY,1150.875,1151.5242,1,TP,3.25,1.77,4
2026-03-18 04:05:00+00:00,2026-03-18 05:05:00+00:00,BUY,1151.125,1149.125,1,TIME,-10.0,-11.48,12
2026-03-18 05:10:00+00:00,2026-03-18 05:50:00+00:00,BUY,1150.875,1150.6094,1,TP,-1.33,-2.81,8
2026-03-18 06:10:00+00:00,2026-03-18 06:30:00+00:00,BUY,1151.875,1149.1664,1,SL,-13.54,-15.02,4
2026-03-19 01:30:00+00:00,2026-03-19 02:10:00+00:00,BUY,1167.875,1164.1002,1,SL,-18.87,-20.35,8
2026-03-19 02:15:00+00:00,2026-03-19 02:30:00+00:00,BUY,1165.625,1161.9887,1,SL,-18.18,-19.66,3
2026-03-19 02:35:00+00:00,2026-03-19 03:35:00+00:00,BUY,1162.375,1159.375,1,TIME,-15.0,-16.48,12
2026-03-23 00:05:00+00:00,2026-03-23 01:00:00+00:00,BUY,1158.875,1160.9669,1,TP,10.46,8.98,11
2026-03-23 01:30:00+00:00,2026-03-23 02:30:00+00:00,BUY,1166.625,1164.375,1,TIME,-11.25,-12.73,12
2026-03-23 02:50:00+00:00,2026-03-23 03:00:00+00:00,BUY,1166.375,1166.9919,1,TP,3.08,1.6,2
2026-03-23 03:15:00+00:00,2026-03-23 04:15:00+00:00,BUY,1168.875,1167.875,1,TIME,-5.0,-6.48,12
2026-03-23 05:05:00+00:00,2026-03-23 05:30:00+00:00,SELL,1167.375,1167.9173,1,TP,-2.71,-4.1899999999999995,5
2026-03-23 05:35:00+00:00,2026-03-23 05:40:00+00:00,SELL,1166.625,1167.0598,1,TP,-2.17,-3.65,1
2026-03-24 01:00:00+00:00,2026-03-24 01:25:00+00:00,BUY,1162.875,1164.4687,1,TP,7.97,6.49,5
2026-03-24 07:30:00+00:00,2026-03-24 07:45:00+00:00,BUY,1159.625,1156.7168,1,SL,-14.54,-16.02,3
2026-03-24 13:45:00+00:00,2026-03-24 13:55:00+00:00,BUY,1159.625,1161.1593,1,TP,7.67,6.1899999999999995,2
2026-03-25 01:30:00+00:00,2026-03-25 02:30:00+00:00,BUY,1153.625,1153.125,1,TIME,-2.5,-3.98,12
2026-03-25 03:00:00+00:00,2026-03-25 04:05:00+00:00,SELL,1152.875,1153.875,1,TIME,-5.0,-6.48,12
2026-03-25 04:50:00+00:00,2026-03-25 05:10:00+00:00,SELL,1152.375,1154.8352,1,SL,-12.3,-13.780000000000001,4
2026-03-26 00:15:00+00:00,2026-03-26 00:20:00+00:00,BUY,1179.625,1174.3421,1,SL,-26.41,-27.89,1
2026-03-26 00:25:00+00:00,2026-03-26 01:25:00+00:00,BUY,1175.875,1174.125,1,TIME,-8.75,-10.23,12
2026-03-26 02:05:00+00:00,2026-03-26 02:10:00+00:00,BUY,1174.875,1171.3056,1,SL,-17.85,-19.330000000000002,1
2026-03-27 02:35:00+00:00,2026-03-27 02:50:00+00:00,SELL,1171.625,1174.6142,1,SL,-14.95,-16.43,3
2026-03-27 05:40:00+00:00,2026-03-27 06:15:00+00:00,SELL,1174.125,1176.6376,1,SL,-12.56,-14.040000000000001,7
2026-03-27 06:20:00+00:00,2026-03-27 07:20:00+00:00,SELL,1174.875,1176.375,1,TIME,-7.5,-8.98,12
2026-03-30 03:15:00+00:00,2026-03-30 04:15:00+00:00,BUY,1162.875,1162.875,1,TIME,0.0,-1.48,12
2026-03-30 04:30:00+00:00,2026-03-30 05:40:00+00:00,SELL,1162.625,1164.375,1,TIME,-8.75,-10.23,12
2026-03-30 05:45:00+00:00,2026-03-30 05:55:00+00:00,SELL,1162.375,1162.6888,1,TP,-1.57,-3.05,2
2026-03-31 01:35:00+00:00,2026-03-31 02:35:00+00:00,SELL,1158.125,1159.375,1,TIME,-6.25,-7.73,12
2026-03-31 04:20:00+00:00,2026-03-31 05:20:00+00:00,SELL,1160.625,1161.375,1,TIME,-3.75,-5.23,12
2026-03-31 05:30:00+00:00,2026-03-31 05:35:00+00:00,SELL,1159.375,1161.6496,1,SL,-11.37,-12.85,1
2026-04-01 01:05:00+00:00,2026-04-01 02:05:00+00:00,BUY,1171.125,1171.375,1,TIME,1.25,-0.22999999999999998,12
2026-04-01 05:05:00+00:00,2026-04-01 05:15:00+00:00,BUY,1172.625,1170.213,1,SL,-12.06,-13.540000000000001,2
2026-04-01 10:40:00+00:00,2026-04-01 10:50:00+00:00,BUY,1166.875,1164.1291,1,SL,-13.73,-15.21,2
2026-04-02 15:55:00+00:00,2026-04-02 16:55:00+00:00,BUY,1164.875,1164.875,1,TIME,0.0,-1.48,12
2026-04-06 00:05:00+00:00,2026-04-06 01:05:00+00:00,BUY,1162.625,1160.375,1,TIME,-11.25,-12.73,12
2026-04-06 01:30:00+00:00,2026-04-06 02:30:00+00:00,BUY,1161.375,1158.875,1,TIME,-12.5,-13.98,12
2026-04-06 03:45:00+00:00,2026-04-06 04:05:00+00:00,BUY,1160.875,1158.2551,1,SL,-13.1,-14.58,4
2026-04-07 01:00:00+00:00,2026-04-07 02:00:00+00:00,SELL,1164.625,1166.875,1,TIME,-11.25,-12.73,12
2026-04-07 02:05:00+00:00,2026-04-07 02:05:00+00:00,SELL,1165.375,1168.4039,1,SL,-15.14,-16.62,0
2026-04-07 02:10:00+00:00,2026-04-07 03:10:00+00:00,SELL,1166.125,1168.125,1,TIME,-10.0,-11.48,12
2026-04-08 00:15:00+00:00,2026-04-08 01:15:00+00:00,BUY,1148.375,1149.875,1,TIME,7.5,6.02,12
2026-04-08 01:25:00+00:00,2026-04-08 01:50:00+00:00,BUY,1151.875,1154.588,1,TP,13.56,12.08,5
2026-04-08 01:55:00+00:00,2026-04-08 02:55:00+00:00,BUY,1157.125,1155.625,1,TIME,-7.5,-8.98,12
2026-04-08 03:50:00+00:00,2026-04-08 04:50:00+00:00,BUY,1155.875,1154.625,1,TIME,-6.25,-7.73,12
2026-04-08 04:55:00+00:00,2026-04-08 05:55:00+00:00,BUY,1156.625,1154.875,1,TIME,-8.75,-10.23,12
2026-04-09 01:45:00+00:00,2026-04-09 02:45:00+00:00,BUY,1163.375,1161.375,1,TIME,-10.0,-11.48,12
2026-04-09 03:05:00+00:00,2026-04-09 04:15:00+00:00,BUY,1163.125,1161.125,1,TIME,-10.0,-11.48,12
2026-04-09 05:30:00+00:00,2026-04-09 06:00:00+00:00,BUY,1163.625,1161.3532,1,SL,-11.36,-12.84,6
2026-04-10 01:35:00+00:00,2026-04-10 02:40:00+00:00,BUY,1169.375,1167.375,1,TIME,-10.0,-11.48,12
2026-04-10 02:55:00+00:00,2026-04-10 04:00:00+00:00,BUY,1168.375,1166.625,1,TIME,-8.75,-10.23,12
2026-04-10 04:05:00+00:00,2026-04-10 05:05:00+00:00,BUY,1168.375,1167.7092,1,TP,-3.33,-4.8100000000000005,12
2026-04-13 00:05:00+00:00,2026-04-13 00:10:00+00:00,SELL,1176.625,1180.6911,1,SL,-20.33,-21.81,1
2026-04-13 00:35:00+00:00,2026-04-13 01:05:00+00:00,SELL,1181.125,1178.8488,1,TP,11.38,9.9,6
2026-04-13 02:45:00+00:00,2026-04-13 03:45:00+00:00,BUY,1177.375,1175.125,1,TIME,-11.25,-12.73,12
2026-04-13 03:55:00+00:00,2026-04-13 04:30:00+00:00,BUY,1177.375,1174.7311,1,SL,-13.22,-14.700000000000001,7
2026-04-13 05:05:00+00:00,2026-04-13 05:25:00+00:00,SELL,1174.375,1175.1068,1,TP,-3.66,-5.140000000000001,3
2026-04-14 01:05:00+00:00,2026-04-14 02:05:00+00:00,SELL,1162.625,1163.875,1,TIME,-6.25,-7.73,12
2026-04-14 02:10:00+00:00,2026-04-14 03:10:00+00:00,SELL,1162.125,1164.375,1,TIME,-11.25,-12.73,12
2026-04-14 03:15:00+00:00,2026-04-14 03:15:00+00:00,SELL,1162.625,1165.3141,1,SL,-13.45,-14.93,0
2026-04-15 00:10:00+00:00,2026-04-15 01:10:00+00:00,SELL,1158.375,1160.875,1,TIME,-12.5,-13.98,12
2026-04-15 01:55:00+00:00,2026-04-15 03:05:00+00:00,SELL,1160.375,1162.375,1,TIME,-10.0,-11.48,12
2026-04-15 03:10:00+00:00,2026-04-15 04:15:00+00:00,SELL,1160.875,1161.875,1,TIME,-5.0,-6.48,12
2026-04-16 00:10:00+00:00,2026-04-16 01:10:00+00:00,SELL,1164.125,1166.125,1,TIME,-10.0,-11.48,12
2026-04-16 01:50:00+00:00,2026-04-16 02:50:00+00:00,BUY,1166.875,1165.625,1,TIME,-6.25,-7.73,12
2026-04-16 04:00:00+00:00,2026-04-16 04:35:00+00:00,BUY,1167.875,1165.6386,1,SL,-11.18,-12.66,4
2026-04-17 01:20:00+00:00,2026-04-17 02:20:00+00:00,BUY,1164.625,1161.6339,1,SL,-14.96,-16.44,12
2026-04-17 02:25:00+00:00,2026-04-17 03:25:00+00:00,BUY,1163.375,1162.625,1,TIME,-3.75,-5.23,12
2026-04-17 04:10:00+00:00,2026-04-17 05:00:00+00:00,BUY,1164.125,1161.7669,1,SL,-11.79,-13.27,6
2026-04-20 01:30:00+00:00,2026-04-20 01:35:00+00:00,BUY,1183.375,1180.115,1,SL,-16.3,-17.78,1
2026-04-20 01:40:00+00:00,2026-04-20 02:40:00+00:00,BUY,1180.875,1180.875,1,TIME,0.0,-1.48,12
2026-04-20 09:30:00+00:00,2026-04-20 10:30:00+00:00,BUY,1168.125,1166.375,1,TIME,-8.75,-10.23,12
2026-04-21 02:45:00+00:00,2026-04-21 03:45:00+00:00,SELL,1183.625,1185.375,1,TIME,-8.75,-10.23,12
2026-04-21 04:40:00+00:00,2026-04-21 05:35:00+00:00,SELL,1183.625,1185.8718,1,SL,-11.23,-12.71,8
2026-04-21 06:05:00+00:00,2026-04-21 06:10:00+00:00,SELL,1185.375,1187.7603,1,SL,-11.93,-13.41,1
2026-04-22 01:20:00+00:00,2026-04-22 01:55:00+00:00,SELL,1193.625,1196.7781,1,SL,-15.77,-17.25,7
2026-04-22 02:00:00+00:00,2026-04-22 02:30:00+00:00,SELL,1195.125,1198.1149,1,SL,-14.95,-16.43,6
2026-04-22 02:35:00+00:00,2026-04-22 03:10:00+00:00,SELL,1196.625,1199.3785,1,SL,-13.77,-15.25,7
2026-04-23 00:20:00+00:00,2026-04-23 01:10:00+00:00,SELL,1178.875,1183.2479,1,SL,-21.86,-23.34,10
2026-04-23 07:00:00+00:00,2026-04-23 08:00:00+00:00,SELL,1179.375,1180.875,1,TIME,-7.5,-8.98,12
2026-04-23 08:30:00+00:00,2026-04-23 08:30:00+00:00,SELL,1179.875,1182.5394,1,SL,-13.32,-14.8,0
2026-04-24 06:30:00+00:00,2026-04-24 07:00:00+00:00,SELL,1173.125,1175.9614,1,SL,-14.18,-15.66,6
2026-04-24 09:20:00+00:00,2026-04-24 10:20:00+00:00,SELL,1176.625,1178.125,1,TIME,-7.5,-8.98,12
2026-04-24 11:15:00+00:00,2026-04-24 11:25:00+00:00,SELL,1175.375,1175.5066,1,TP,-0.66,-2.14,2
