Date,brl_usd,cny_usd
2016-05-10,3.4742,6.515
2016-05-11,3.4594,6.491
2016-05-12,3.4942,6.514
2016-05-13,3.5075,6.5285
2016-05-14,3.5075,6.5285
2016-05-15,3.5075,6.5285
2016-05-16,3.5034,6.5184
2016-05-17,3.4942,6.517
2016-05-18,3.5268,6.537
2016-05-19,3.6051,6.544
2016-05-20,3.5386,6.5485
2016-05-21,3.5386,6.5485
2016-05-22,3.5386,6.5485
2016-05-23,3.5753,6.5533
2016-05-24,3.5518,6.5552
2016-05-25,3.6072,6.5538
2016-05-26,3.5775,6.554
2016-05-27,3.6122,6.5615
2016-05-28,3.6122,6.5615
2016-05-29,3.6122,6.5615
2016-05-30,,
2016-05-31,3.6074,6.5798
2016-06-01,3.603,6.5748
2016-06-02,3.5978,6.5815
2016-06-03,3.5332,6.5638
2016-06-04,3.5332,6.5638
2016-06-05,3.5332,6.5638
2016-06-06,3.5094,6.5611
2016-06-07,3.4604,6.571
2016-06-08,3.377,6.56
2016-06-09,3.3934,6.559
2016-06-10,3.4298,6.559
2016-06-11,3.4298,6.559
2016-06-12,3.4298,6.559
2016-06-13,3.4599,6.5823
2016-06-14,3.4959,6.593
2016-06-15,3.4715,6.5785
2016-06-16,3.4952,6.5899
2016-06-17,3.4301,6.5849
2016-06-18,3.4301,6.5849
2016-06-19,3.4301,6.5849
2016-06-20,3.3937,6.5768
2016-06-21,3.4038,6.5893
2016-06-22,3.3794,6.575
2016-06-23,3.344,6.574
2016-06-24,3.3895,6.615
2016-06-25,3.3895,6.615
2016-06-26,3.3895,6.615
2016-06-27,3.4025,6.6481
2016-06-28,3.3074,6.645
2016-06-29,3.2386,6.635
2016-06-30,3.2003,6.6459
2016-07-01,3.2448,6.6547
2016-07-02,3.2448,6.6547
2016-07-03,3.2448,6.6547
2016-07-04,,
2016-07-05,3.2964,6.677
2016-07-06,3.3217,6.69
2016-07-07,3.3436,6.679
2016-07-08,3.2835,6.6878
2016-07-09,3.2835,6.6878
2016-07-10,3.2835,6.6878
2016-07-11,3.3095,6.6917
2016-07-12,3.274,6.686
2016-07-13,3.2895,6.6832
2016-07-14,3.235,6.6801
2016-07-15,3.2731,6.6865
2016-07-16,3.2731,6.6865
2016-07-17,3.2731,6.6865
2016-07-18,3.2523,6.7013
2016-07-19,3.2754,6.6931
2016-07-20,3.2468,6.676
2016-07-21,3.2692,6.6735
2016-07-22,3.2856,6.676
2016-07-23,3.2856,6.676
2016-07-24,3.2856,6.676
2016-07-25,3.287,6.6783
2016-07-26,3.277,6.669
2016-07-27,3.2867,6.668
2016-07-28,3.2737,6.6538
2016-07-29,3.238,6.6371
2016-07-30,3.238,6.6371
2016-07-31,3.238,6.6371
2016-08-01,3.265,6.6421
2016-08-02,3.2521,6.6239
2016-08-03,3.2595,6.632
2016-08-04,3.2,6.6388
2016-08-05,3.1873,6.653
2016-08-06,3.1873,6.653
2016-08-07,3.1873,6.653
2016-08-08,3.1841,6.6597
2016-08-09,3.1325,6.653
2016-08-10,3.1292,6.6345
2016-08-11,3.1369,6.6274
2016-08-12,3.1648,6.6324
2016-08-13,3.1648,6.6324
2016-08-14,3.1648,6.6324
2016-08-15,3.1717,6.637
2016-08-16,3.1782,6.624
2016-08-17,3.2273,6.6328
2016-08-18,3.229,6.6297
2016-08-19,3.2219,6.6515
2016-08-20,3.2219,6.6515
2016-08-21,3.2219,6.6515
2016-08-22,3.2209,6.6475
2016-08-23,3.2196,6.6378
2016-08-24,3.236,6.6562
2016-08-25,3.2291,6.656
2016-08-26,3.2085,6.669
2016-08-27,3.2085,6.669
2016-08-28,3.2085,6.669
2016-08-29,3.2436,6.6775
2016-08-30,3.2525,6.6778
2016-08-31,3.247,6.6776
2016-09-01,3.246,6.6713
2016-09-02,3.248,6.679
2016-09-03,3.248,6.679
2016-09-04,3.248,6.679
2016-09-05,,
2016-09-06,3.2217,6.6722
2016-09-07,3.2223,6.66
2016-09-08,3.1962,6.664
2016-09-09,3.2687,6.6778
2016-09-10,3.2687,6.6778
2016-09-11,3.2687,6.6778
2016-09-12,3.2762,6.6788
2016-09-13,3.3144,6.6782
2016-09-14,3.3196,6.6707
2016-09-15,3.3274,6.6707
2016-09-16,3.2923,6.6707
2016-09-17,3.2923,6.6707
2016-09-18,3.2923,6.6707
2016-09-19,3.2565,6.665
2016-09-20,3.2633,6.67
2016-09-21,3.2393,6.6695
2016-09-22,3.2092,6.663
2016-09-23,3.227,6.669
2016-09-24,3.227,6.669
2016-09-25,3.227,6.669
2016-09-26,3.2345,6.6683
2016-09-27,3.2364,6.6691
2016-09-28,3.2468,6.673
2016-09-29,3.2276,6.665
2016-09-30,3.2434,6.6685
2016-10-01,3.2434,6.6685
2016-10-02,3.2434,6.6685
2016-10-03,3.2333,6.6685
2016-10-04,3.2339,6.6685
2016-10-05,3.2326,6.6685
2016-10-06,3.2309,6.6685
2016-10-07,3.2296,6.6685
2016-10-08,3.2296,6.6685
2016-10-09,3.2296,6.6685
2016-10-10,,
2016-10-11,3.2111,6.719
2016-10-12,3.2111,6.718
2016-10-13,3.199,6.7248
2016-10-14,3.1975,6.7277
2016-10-15,3.1975,6.7277
2016-10-16,3.1975,6.7277
2016-10-17,3.1985,6.735
2016-10-18,3.1787,6.7401
2016-10-19,3.1677,6.737
2016-10-20,3.1548,6.7439
2016-10-21,3.159,6.7654
2016-10-22,3.159,6.7654
2016-10-23,3.159,6.7654
2016-10-24,3.1255,6.7728
2016-10-25,3.1142,6.778
2016-10-26,3.132,6.7706
2016-10-27,3.1494,6.7819
2016-10-28,3.1833,6.776
2016-10-29,3.1833,6.776
2016-10-30,3.1833,6.776
2016-10-31,3.1658,6.7735
2016-11-01,3.2342,6.763
2016-11-02,3.2364,6.7606
2016-11-03,3.2386,6.7612
2016-11-04,3.2411,6.7534
2016-11-05,3.2411,6.7534
2016-11-06,3.2411,6.7534
2016-11-07,3.1978,6.774
2016-11-08,3.1801,6.784
2016-11-09,3.2163,6.7769
2016-11-10,3.3653,6.7987
2016-11-11,,
2016-11-12,,
2016-11-13,,
2016-11-14,3.4485,6.8447
2016-11-15,3.4479,6.8556
2016-11-16,3.4198,6.877
2016-11-17,3.4134,6.8674
2016-11-18,3.3894,6.8873
2016-11-19,3.3894,6.8873
2016-11-20,3.3894,6.8873
2016-11-21,3.3585,6.8918
2016-11-22,3.3595,6.888
2016-11-23,3.3945,6.9195
2016-11-24,,
2016-11-25,3.4229,6.9176
2016-11-26,3.4229,6.9176
2016-11-27,3.4229,6.9176
2016-11-28,3.3871,6.9055
2016-11-29,3.4011,6.8933
2016-11-30,3.3854,6.8837
2016-12-01,3.4717,6.883
2016-12-02,3.4576,6.883
2016-12-03,3.4576,6.883
2016-12-04,3.4576,6.883
2016-12-05,3.4314,6.8775
2016-12-06,3.4269,6.879
2016-12-07,3.3977,6.878
2016-12-08,3.3798,6.8771
2016-12-09,3.3595,6.9042
2016-12-10,3.3595,6.9042
2016-12-11,3.3595,6.9042
2016-12-12,3.3505,6.9045
2016-12-13,3.3308,6.8984
2016-12-14,3.3332,6.9025
2016-12-15,3.3933,6.941
2016-12-16,3.386,6.958
2016-12-17,3.386,6.958
2016-12-18,3.386,6.958
2016-12-19,3.3725,6.9506
2016-12-20,3.3631,6.947
2016-12-21,3.3335,6.939
2016-12-22,3.3153,6.9473
2016-12-23,3.2687,6.9432
2016-12-24,3.2687,6.9432
2016-12-25,3.2687,6.9432
2016-12-26,,
2016-12-27,3.28,6.9491
2016-12-28,3.283,6.9559
2016-12-29,3.2456,6.9535
2016-12-30,3.2532,6.943
2016-12-31,3.2532,6.943
2017-01-01,3.2532,6.943
2017-01-02,,
2017-01-03,3.2526,6.9575
2017-01-04,3.2139,6.9322
2017-01-05,3.2051,6.887
2017-01-06,3.2113,6.9176
2017-01-07,3.2113,6.9176
2017-01-08,3.2113,6.9176
2017-01-09,3.1916,6.935
2017-01-10,3.1971,6.918
2017-01-11,3.2024,6.9365
2017-01-12,3.1821,6.889
2017-01-13,3.2077,6.8985
2017-01-14,3.2077,6.8985
2017-01-15,3.2077,6.8985
2017-01-16,,
2017-01-17,3.2077,6.852
2017-01-18,3.2242,6.836
2017-01-19,3.2024,6.868
2017-01-20,,
2017-01-21,,
2017-01-22,,
2017-01-23,3.1685,6.8514
2017-01-24,3.1695,6.8555
2017-01-25,3.1697,6.8812
2017-01-26,3.1892,6.8768
2017-01-27,3.1537,6.8768
2017-01-28,3.1537,6.8768
2017-01-29,3.1537,6.8768
2017-01-30,3.1152,6.8768
2017-01-31,3.1477,6.8768
2017-02-01,3.153,6.8768
2017-02-02,3.1245,6.8768
2017-02-03,3.1157,6.865
2017-02-04,3.1157,6.865
2017-02-05,3.1157,6.865
2017-02-06,3.1181,6.86
2017-02-07,3.1235,6.8821
2017-02-08,3.119,6.87
2017-02-09,3.1291,6.866
2017-02-10,3.1092,6.8775
2017-02-11,3.1092,6.8775
2017-02-12,3.1092,6.8775
2017-02-13,3.1106,6.8776
2017-02-14,3.1074,6.8649
2017-02-15,3.0557,6.8685
2017-02-16,3.0744,6.8517
2017-02-17,3.1038,6.864
2017-02-18,3.1038,6.864
2017-02-19,3.1038,6.864
2017-02-20,,
2017-02-21,3.0932,6.881
2017-02-22,3.0778,6.8765
2017-02-23,3.0645,6.8622
2017-02-24,3.1123,6.8645
2017-02-25,3.1123,6.8645
2017-02-26,3.1123,6.8645
2017-02-27,3.1085,6.8675
2017-02-28,3.1085,6.8665
2017-03-01,3.1028,6.8794
2017-03-02,3.1264,6.8868
2017-03-03,3.1385,6.8954
2017-03-04,3.1385,6.8954
2017-03-05,3.1385,6.8954
2017-03-06,3.1218,6.8955
2017-03-07,3.1222,6.9
2017-03-08,3.1527,6.9113
2017-03-09,3.1684,6.9086
2017-03-10,3.1552,6.905
2017-03-11,3.1552,6.905
2017-03-12,3.1552,6.905
2017-03-13,3.1524,6.905
2017-03-14,3.159,6.913
2017-03-15,3.1576,6.9132
2017-03-16,3.1194,6.913
2017-03-17,3.106,6.9
2017-03-18,3.106,6.9
2017-03-19,3.106,6.9
2017-03-20,3.0812,6.905
2017-03-21,3.084,6.883
2017-03-22,3.0863,6.8785
2017-03-23,3.1348,6.8843
2017-03-24,3.1144,6.8803
2017-03-25,3.1144,6.8803
2017-03-26,3.1144,6.8803
2017-03-27,3.1197,6.8687
2017-03-28,3.1298,6.8779
2017-03-29,3.1175,6.8879
2017-03-30,3.1203,6.887
2017-03-31,3.1628,6.8832
2017-04-01,3.1628,6.8832
2017-04-02,3.1628,6.8832
2017-04-03,3.1183,6.8832
2017-04-04,3.1147,6.8832
2017-04-05,3.0932,6.892
2017-04-06,3.1087,6.8955
2017-04-07,3.1258,6.8978
2017-04-08,3.1258,6.8978
2017-04-09,3.1258,6.8978
2017-04-10,3.1443,6.8988
2017-04-11,3.1456,6.8893
2017-04-12,3.1519,6.889
2017-04-13,3.1309,6.8865
2017-04-14,3.1445,6.8835
2017-04-15,3.1445,6.8835
2017-04-16,3.1445,6.8835
2017-04-17,3.1036,6.88
2017-04-18,3.0997,6.8778
2017-04-19,3.1399,6.886
2017-04-20,3.1466,6.88
2017-04-21,3.1475,6.8845
2017-04-22,3.1475,6.8845
2017-04-23,3.1475,6.8845
2017-04-24,3.1254,6.884
2017-04-25,3.1669,6.8824
2017-04-26,3.1961,6.8918
2017-04-27,3.1867,6.8958
2017-04-28,3.1896,6.89
2017-04-29,3.1896,6.89
2017-04-30,3.1896,6.89
2017-05-01,3.176,6.89
2017-05-02,3.1685,6.8949
2017-05-03,3.1443,6.8968
2017-05-04,3.1823,6.8959
2017-05-05,3.1703,6.9021
2017-05-06,3.1703,6.9021
2017-05-07,3.1703,6.9021
2017-05-08,3.2003,6.904
2017-05-09,3.1818,6.906
2017-05-10,3.1531,6.9011
2017-05-11,3.1494,6.9033
2017-05-12,3.1207,6.8972
2017-05-13,3.1207,6.8972
2017-05-14,3.1207,6.8972
2017-05-15,3.1049,6.89
2017-05-16,3.0903,6.884
2017-05-17,3.1015,6.8773
2017-05-18,3.3823,6.888
2017-05-19,3.2745,6.883
2017-05-20,3.2745,6.883
2017-05-21,3.2745,6.883
2017-05-22,3.2952,6.8828
2017-05-23,3.2729,6.888
2017-05-24,3.2747,6.8883
2017-05-25,3.288,6.8672
2017-05-26,3.2575,6.8525
2017-05-27,3.2575,6.8525
2017-05-28,3.2575,6.8525
2017-05-29,,
2017-05-30,3.2651,6.8525
2017-05-31,3.2405,6.8098
2017-06-01,3.2398,6.8029
2017-06-02,3.2391,6.8085
2017-06-03,3.2391,6.8085
2017-06-04,3.2391,6.8085
2017-06-05,3.2896,6.803
2017-06-06,3.2813,6.7945
2017-06-07,3.279,6.7935
2017-06-08,3.2822,6.799
2017-06-09,3.2793,6.797
2017-06-10,3.2793,6.797
2017-06-11,3.2793,6.797
2017-06-12,3.3097,6.7974
2017-06-13,3.3125,6.7981
2017-06-14,3.2762,6.7888
2017-06-15,3.274,6.8061
2017-06-16,3.2898,6.8097
2017-06-17,3.2898,6.8097
2017-06-18,3.2898,6.8097
2017-06-19,3.2908,6.818
2017-06-20,3.3292,6.8285
2017-06-21,3.3283,6.8275
2017-06-22,3.3301,6.8275
2017-06-23,3.3281,6.8345
2017-06-24,3.3281,6.8345
2017-06-25,3.3281,6.8345
2017-06-26,3.3106,6.8382
2017-06-27,3.3195,6.81
2017-06-28,3.2977,6.7984
2017-06-29,3.3062,6.784
2017-06-30,3.3057,6.7793
2017-07-01,3.3057,6.7793
2017-07-02,3.3057,6.7793
2017-07-03,3.3,6.7984
2017-07-04,,
2017-07-05,3.3162,6.7995
2017-07-06,3.3048,6.799
2017-07-07,3.2843,6.8039
2017-07-08,3.2843,6.8039
2017-07-09,3.2843,6.8039
2017-07-10,3.2627,6.8026
2017-07-11,3.2505,6.801
2017-07-12,3.2258,6.7865
2017-07-13,3.2133,6.7825
2017-07-14,3.1832,6.7741
2017-07-15,3.1832,6.7741
2017-07-16,3.1832,6.7741
2017-07-17,3.181,6.769
2017-07-18,3.1571,6.7451
2017-07-19,3.1526,6.7511
2017-07-20,3.1374,6.757
2017-07-21,3.1218,6.7663
2017-07-22,3.1218,6.7663
2017-07-23,3.1218,6.7663
2017-07-24,3.1473,6.7488
2017-07-25,3.1617,6.7495
2017-07-26,3.1596,6.753
2017-07-27,3.1527,6.741
2017-07-28,3.1424,6.7362
2017-07-29,3.1424,6.7362
2017-07-30,3.1424,6.7362
2017-07-31,3.1338,6.724
2017-08-01,3.1143,6.717
2017-08-02,3.1165,6.72
2017-08-03,3.1209,6.715
2017-08-04,3.1176,6.7272
2017-08-05,3.1176,6.7272
2017-08-06,3.1176,6.7272
2017-08-07,3.1247,6.7207
2017-08-08,3.1295,6.7049
2017-08-09,3.1498,6.672
2017-08-10,3.1518,6.646
2017-08-11,3.1639,6.6612
2017-08-12,3.1639,6.6612
2017-08-13,3.1639,6.6612
2017-08-14,3.176,6.6695
2017-08-15,3.1942,6.6845
2017-08-16,3.1635,6.69
2017-08-17,3.1585,6.673
2017-08-18,3.1548,6.67
2017-08-19,3.1548,6.67
2017-08-20,3.1548,6.67
2017-08-21,3.1436,6.663
2017-08-22,3.1505,6.66
2017-08-23,3.1521,6.6569
2017-08-24,3.1428,6.66
2017-08-25,3.1463,6.6465
2017-08-26,3.1463,6.6465
2017-08-27,3.1463,6.6465
2017-08-28,3.1577,6.6084
2017-08-29,3.1656,6.5945
2017-08-30,3.1592,6.5918
2017-08-31,3.1454,6.5888
2017-09-01,3.1308,6.5552
2017-09-02,3.1308,6.5552
2017-09-03,3.1308,6.5552
2017-09-04,,
2017-09-05,3.123,6.5345
2017-09-06,3.1085,6.5221
2017-09-07,3.099,6.483
2017-09-08,3.0942,6.4773
2017-09-09,3.0942,6.4773
2017-09-10,3.0942,6.4773
2017-09-11,3.089,6.5254
2017-09-12,3.1093,6.5334
2017-09-13,3.1372,6.54
2017-09-14,3.129,6.552
2017-09-15,3.1263,6.55
2017-09-16,3.1263,6.55
2017-09-17,3.1263,6.55
2017-09-18,3.1288,6.5725
2017-09-19,3.132,6.58
2017-09-20,3.1198,6.57
2017-09-21,3.1358,6.5861
2017-09-22,3.1257,6.5899
2017-09-23,3.1257,6.5899
2017-09-24,3.1257,6.5899
2017-09-25,3.1496,6.6189
2017-09-26,3.1703,6.6371
2017-09-27,3.1915,6.64
2017-09-28,3.1865,6.6591
2017-09-29,3.164,6.6533
2017-09-30,3.164,6.6533
2017-10-01,3.164,6.6533
2017-10-02,3.1585,6.6533
2017-10-03,3.1428,6.6533
2017-10-04,3.1237,6.6533
2017-10-05,3.1359,6.6533
2017-10-06,3.1566,6.6533
2017-10-07,3.1566,6.6533
2017-10-08,3.1566,6.6533
2017-10-09,,
2017-10-10,3.1747,6.5712
2017-10-11,3.1649,6.587
2017-10-12,3.1699,6.5855
2017-10-13,3.1542,6.5785
2017-10-14,3.1542,6.5785
2017-10-15,3.1542,6.5785
2017-10-16,3.1642,6.5885
2017-10-17,3.1803,6.622
2017-10-18,3.1777,6.625
2017-10-19,3.1753,6.6126
2017-10-20,3.1875,6.6185
2017-10-21,3.1875,6.6185
2017-10-22,3.1875,6.6185
2017-10-23,3.2122,6.638
2017-10-24,3.2508,6.6335
2017-10-25,3.2519,6.635
2017-10-26,3.253,6.6392
2017-10-27,3.2731,6.6498
2017-10-28,3.2731,6.6498
2017-10-29,3.2731,6.6498
2017-10-30,3.2599,6.6498
2017-10-31,3.2705,6.6328
2017-11-01,3.2697,6.6018
2017-11-02,3.2671,6.6068
2017-11-03,3.3075,6.636
2017-11-04,3.3075,6.636
2017-11-05,3.3075,6.636
2017-11-06,3.2782,6.6311
2017-11-07,3.2776,6.638
2017-11-08,3.256,6.6249
2017-11-09,3.2513,6.6378
2017-11-10,,
2017-11-11,,
2017-11-12,,
2017-11-13,3.294,6.6385
2017-11-14,3.3031,6.635
2017-11-15,3.3132,6.62
2017-11-16,3.2756,6.6273
2017-11-17,3.2629,6.6245
2017-11-18,3.2629,6.6245
2017-11-19,3.2629,6.6245
2017-11-20,3.2573,6.6245
2017-11-21,3.2447,6.6265
2017-11-22,3.2347,6.6086
2017-11-23,,
2017-11-24,3.2227,6.5998
2017-11-25,3.2227,6.5998
2017-11-26,3.2227,6.5998
2017-11-27,3.2247,6.5967
2017-11-28,3.2055,6.6044
2017-11-29,3.2285,6.6091
2017-11-30,3.2843,6.609
2017-12-01,3.2577,6.6137
2017-12-02,3.2577,6.6137
2017-12-03,3.2577,6.6137
2017-12-04,3.2498,6.6185
2017-12-05,3.2338,6.617
2017-12-06,3.2394,6.6136
2017-12-07,3.2993,6.6173
2017-12-08,3.3075,6.6199
2017-12-09,3.3075,6.6199
2017-12-10,3.3075,6.6199
2017-12-11,3.2883,6.6175
2017-12-12,3.3298,6.621
2017-12-13,3.3049,6.6171
2017-12-14,3.3396,6.6091
2017-12-15,3.3166,6.6088
2017-12-16,3.3166,6.6088
2017-12-17,3.3166,6.6088
2017-12-18,3.2821,6.6088
2017-12-19,3.3008,6.6088
2017-12-20,3.2907,6.5771
2017-12-21,3.3065,6.5833
2017-12-22,3.3209,6.575
2017-12-23,3.3209,6.575
2017-12-24,3.3209,6.575
2017-12-25,,
2017-12-26,3.3173,6.5429
2017-12-27,3.3016,6.556
2017-12-28,3.3005,6.5322
2017-12-29,3.3121,6.5063
2017-12-30,3.3121,6.5063
2017-12-31,3.3121,6.5063
2018-01-01,,
2018-01-02,3.262,6.491
2018-01-03,3.2422,6.501
2018-01-04,3.2274,6.4915
2018-01-05,3.2285,6.4875
2018-01-06,3.2285,6.4875
2018-01-07,3.2285,6.4875
2018-01-08,3.2308,6.497
2018-01-09,3.2491,6.5263
2018-01-10,3.2363,6.5055
2018-01-11,3.2254,6.4956
2018-01-12,3.2162,6.4607
2018-01-13,3.2162,6.4607
2018-01-14,3.2162,6.4607
2018-01-15,,
2018-01-16,3.2274,6.4395
2018-01-17,3.2215,6.433
2018-01-18,3.2169,6.4175
2018-01-19,3.205,6.399
2018-01-20,3.205,6.399
2018-01-21,3.205,6.399
2018-01-22,3.2024,6.4035
2018-01-23,3.2312,6.4
2018-01-24,3.1938,6.365
2018-01-25,3.147,6.3189
2018-01-26,3.1499,6.3199
2018-01-27,3.1499,6.3199
2018-01-28,3.1499,6.3199
2018-01-29,3.1634,6.3328
2018-01-30,3.1874,6.3199
2018-01-31,3.1782,6.2841
2018-02-01,3.1718,6.2969
2018-02-02,3.2205,6.2984
2018-02-03,3.2205,6.2984
2018-02-04,3.2205,6.2984
2018-02-05,3.2365,6.285
2018-02-06,3.2535,6.283
2018-02-07,3.262,6.2649
2018-02-08,3.2895,6.3222
2018-02-09,3.3083,6.2966
2018-02-10,3.3083,6.2966
2018-02-11,3.3083,6.2966
2018-02-12,3.2949,6.325
2018-02-13,3.2947,6.338
2018-02-14,3.2551,6.3438
2018-02-15,3.2318,6.3438
2018-02-16,3.2219,6.3438
2018-02-17,3.2219,6.3438
2018-02-18,3.2219,6.3438
2018-02-19,,
2018-02-20,3.2434,6.3351
2018-02-21,3.2581,6.3351
2018-02-22,3.2579,6.3471
2018-02-23,3.2344,6.3329
2018-02-24,3.2344,6.3329
2018-02-25,3.2344,6.3329
2018-02-26,3.2381,6.3115
2018-02-27,3.2472,6.3169
2018-02-28,3.2428,6.328
2018-03-01,3.2421,6.3565
2018-03-02,3.2513,6.3428
2018-03-03,3.2513,6.3428
2018-03-04,3.2513,6.3428
2018-03-05,3.2527,6.3491
2018-03-06,3.2191,6.3093
2018-03-07,3.2364,6.3225
2018-03-08,3.262,6.3389
2018-03-09,3.2469,6.3285
2018-03-10,3.2469,6.3285
2018-03-11,3.2469,6.3285
2018-03-12,3.2609,6.327
2018-03-13,3.2483,6.318
2018-03-14,3.2641,6.314
2018-03-15,3.2841,6.3202
2018-03-16,3.2897,6.33
2018-03-17,3.2897,6.33
2018-03-18,3.2897,6.33
2018-03-19,3.2873,6.3291
2018-03-20,3.295,6.3328
2018-03-21,3.2865,6.32
2018-03-22,3.3034,6.331
2018-03-23,3.3125,6.311
2018-03-24,3.3125,6.311
2018-03-25,3.3125,6.311
2018-03-26,3.3043,6.2685
2018-03-27,3.3263,6.2781
2018-03-28,3.337,6.2946
2018-03-29,3.3229,6.2876
2018-03-30,3.3045,6.2726
2018-03-31,3.3045,6.2726
2018-04-01,3.3045,6.2726
2018-04-02,3.3149,6.2785
2018-04-03,3.3222,6.2881
2018-04-04,3.3474,6.3045
2018-04-05,3.3212,6.3045
2018-04-06,3.3702,6.3045
2018-04-07,3.3702,6.3045
2018-04-08,3.3702,6.3045
2018-04-09,3.395,6.3035
2018-04-10,3.4146,6.2798
2018-04-11,3.3955,6.2655
2018-04-12,3.3902,6.2876
2018-04-13,3.4088,6.2725
2018-04-14,3.4088,6.2725
2018-04-15,3.4088,6.2725
2018-04-16,3.4282,6.2752
2018-04-17,3.4022,6.2804
2018-04-18,3.3844,6.2722
2018-04-19,3.4028,6.2765
2018-04-20,3.4121,6.2945
2018-04-21,3.4121,6.2945
2018-04-22,3.4121,6.2945
2018-04-23,3.4463,6.3158
2018-04-24,3.4685,6.3035
2018-04-25,3.509,6.3236
2018-04-26,3.4992,6.334
2018-04-27,3.4685,6.3325
2018-04-28,3.4685,6.3325
2018-04-29,3.4685,6.3325
2018-04-30,3.4854,6.3325
2018-05-01,3.507,6.3325
2018-05-02,3.5404,6.361
2018-05-03,3.5496,6.352
2018-05-04,3.5213,6.3589
2018-05-05,3.5213,6.3589
2018-05-06,3.5213,6.3589
2018-05-07,3.5543,6.364
2018-05-08,3.585,6.369
2018-05-09,3.5965,6.3585
2018-05-10,3.5554,6.344
2018-05-11,3.5879,6.3333
2018-05-12,3.5879,6.3333
2018-05-13,3.5879,6.3333
2018-05-14,3.6212,6.336
2018-05-15,3.6659,6.376
2018-05-16,3.68,6.3706
2018-05-17,3.7073,6.3645
2018-05-18,3.7438,6.3768
2018-05-19,3.7438,6.3768
2018-05-20,3.7438,6.3768
2018-05-21,3.7096,6.3815
2018-05-22,3.6367,6.366
2018-05-23,3.6411,6.3875
2018-05-24,3.6402,6.3757
2018-05-25,3.6586,6.3903
2018-05-26,3.6586,6.3903
2018-05-27,3.6586,6.3903
2018-05-28,,
2018-05-29,3.7283,6.4162
2018-05-30,3.7389,6.4175
2018-05-31,3.7262,6.4096
2018-06-01,3.755,6.418
2018-06-02,3.755,6.418
2018-06-03,3.755,6.418
2018-06-04,3.7446,6.405
2018-06-05,3.778,6.4042
2018-06-06,3.8178,6.385
2018-06-07,3.9294,6.389
2018-06-08,3.7429,6.4031
2018-06-09,3.7429,6.4031
2018-06-10,3.7429,6.4031
2018-06-11,3.6839,6.4
2018-06-12,3.6745,6.3992
2018-06-13,3.7116,6.3944
2018-06-14,3.7018,6.398
2018-06-15,3.7511,6.4379
2018-06-16,3.7511,6.4379
2018-06-17,3.7511,6.4379
2018-06-18,3.7537,6.4379
2018-06-19,3.7306,6.4802
2018-06-20,3.7349,6.4713
2018-06-21,3.7992,6.49
2018-06-22,3.7708,6.5027
2018-06-23,3.7708,6.5027
2018-06-24,3.7708,6.5027
2018-06-25,3.7776,6.536
2018-06-26,3.7705,6.5759
2018-06-27,3.8537,6.5992
2018-06-28,3.8543,6.6235
2018-06-29,3.8561,6.6171
2018-06-30,3.8561,6.6171
2018-07-01,3.8561,6.6171
2018-07-02,3.9135,6.6632
2018-07-03,3.8789,6.6368
2018-07-04,,
2018-07-05,3.9242,6.6341
2018-07-06,3.906,6.6396
2018-07-07,3.906,6.6396
2018-07-08,3.906,6.6396
2018-07-09,3.8694,6.6123
2018-07-10,3.826,6.6296
2018-07-11,3.8624,6.6764
2018-07-12,3.8478,6.663
2018-07-13,3.8659,6.69
2018-07-14,3.8659,6.69
2018-07-15,3.8659,6.69
2018-07-16,3.8534,6.6866
2018-07-17,3.8626,6.7018
2018-07-18,3.8412,6.7161
2018-07-19,3.8808,6.7701
2018-07-20,3.7801,6.7659
2018-07-21,3.7801,6.7659
2018-07-22,3.7801,6.7659
2018-07-23,3.7965,6.7927
2018-07-24,3.7381,6.7912
2018-07-25,3.7075,6.7658
2018-07-26,3.7285,6.7865
2018-07-27,3.7134,6.8097
2018-07-28,3.7134,6.8097
2018-07-29,3.7134,6.8097
2018-07-30,3.7228,6.8102
2018-07-31,3.745,6.8038
2018-08-01,3.753,6.8154
2018-08-02,3.7555,6.838
2018-08-03,3.7133,6.8309
2018-08-04,3.7133,6.8309
2018-08-05,3.7133,6.8309
2018-08-06,3.7208,6.85
2018-08-07,3.7128,6.828
2018-08-08,3.7442,6.8344
2018-08-09,3.8164,6.8199
2018-08-10,3.8539,6.8458
2018-08-11,3.8539,6.8458
2018-08-12,3.8539,6.8458
2018-08-13,3.9123,6.888
2018-08-14,3.8852,6.8809
2018-08-15,3.9135,6.933
2018-08-16,3.8985,6.8792
2018-08-17,3.9385,6.874
2018-08-18,3.9385,6.874
2018-08-19,3.9385,6.874
2018-08-20,3.9473,6.8546
2018-08-21,3.9948,6.8444
2018-08-22,4.0751,6.84
2018-08-23,4.0898,6.8748
2018-08-24,4.0944,6.803
2018-08-25,4.0944,6.803
2018-08-26,4.0944,6.803
2018-08-27,4.0707,6.8145
2018-08-28,4.1248,6.8018
2018-08-29,4.122,6.819
2018-08-30,4.2016,6.8415
2018-08-31,4.128,6.83
2018-09-01,4.128,6.83
2018-09-02,4.128,6.83
2018-09-03,,
2018-09-04,4.156,6.8427
2018-09-05,4.1589,6.827
2018-09-06,4.1462,6.8322
2018-09-07,4.0594,6.8419
2018-09-08,4.0594,6.8419
2018-09-09,4.0594,6.8419
2018-09-10,4.1094,6.8545
2018-09-11,4.1564,6.8704
2018-09-12,4.1363,6.8574
2018-09-13,4.1752,6.8407
2018-09-14,4.1852,6.8673
2018-09-15,4.1852,6.8673
2018-09-16,4.1852,6.8673
2018-09-17,4.1718,6.854
2018-09-18,4.1277,6.8591
2018-09-19,4.116,6.8466
2018-09-20,4.0834,6.8455
2018-09-21,4.0536,6.8559
2018-09-22,4.0536,6.8559
2018-09-23,4.0536,6.8559
2018-09-24,4.0733,6.8559
2018-09-25,4.1186,6.8632
2018-09-26,4.0425,6.8763
2018-09-27,3.9968,6.888
2018-09-28,3.9995,6.868
2018-09-29,3.9995,6.868
2018-09-30,3.9995,6.868
2018-10-01,4.0059,6.868
2018-10-02,3.9223,6.868
2018-10-03,3.8806,6.868
2018-10-04,3.9229,6.868
2018-10-05,3.8808,6.868
2018-10-06,3.8808,6.868
2018-10-07,3.8808,6.868
2018-10-08,,
2018-10-09,3.732,6.9217
2018-10-10,3.7594,6.9224
2018-10-11,3.7591,6.888
2018-10-12,3.7825,6.9182
2018-10-13,3.7825,6.9182
2018-10-14,3.7825,6.9182
2018-10-15,3.7214,6.9131
2018-10-16,3.7177,6.9102
2018-10-17,3.6813,6.9263
2018-10-18,3.705,6.9367
2018-10-19,3.7121,6.9291
2018-10-20,3.7121,6.9291
2018-10-21,3.7121,6.9291
2018-10-22,3.685,6.9446
2018-10-23,3.704,6.9373
2018-10-24,3.7188,6.942
2018-10-25,3.6887,6.9477
2018-10-26,3.6695,6.9425
2018-10-27,3.6695,6.9425
2018-10-28,3.6695,6.9425
2018-10-29,3.667,6.9605
2018-10-30,3.7156,6.9663
2018-10-31,3.7129,6.9737
2018-11-01,3.699,6.9205
2018-11-02,3.6965,6.8894
2018-11-03,3.6965,6.8894
2018-11-04,3.6965,6.8894
2018-11-05,3.7155,6.9249
2018-11-06,3.7509,6.9172
2018-11-07,3.7595,6.9174
2018-11-08,3.7563,6.9318
2018-11-09,3.751,6.9553
2018-11-10,3.751,6.9553
2018-11-11,3.751,6.9553
2018-11-12,,
2018-11-13,3.7983,6.9546
2018-11-14,3.7831,6.95
2018-11-15,3.784,6.938
2018-11-16,3.7424,6.9367
2018-11-17,3.7424,6.9367
2018-11-18,3.7424,6.9367
2018-11-19,3.7671,6.9398
2018-11-20,3.7567,6.9448
2018-11-21,3.779,6.9248
2018-11-22,,
2018-11-23,3.8205,6.9477
2018-11-24,3.8205,6.9477
2018-11-25,3.8205,6.9477
2018-11-26,3.879,6.9397
2018-11-27,3.8919,6.9498
2018-11-28,3.8766,6.9534
2018-11-29,3.8546,6.9419
2018-11-30,3.8571,6.9558
2018-12-01,3.8571,6.9558
2018-12-02,3.8571,6.9558
2018-12-03,3.8353,6.8798
2018-12-04,3.8368,6.8343
2018-12-05,,
2018-12-06,3.9027,6.8816
2018-12-07,3.8768,6.8733
2018-12-08,3.8768,6.8733
2018-12-09,3.8768,6.8733
2018-12-10,3.9298,6.9077
2018-12-11,3.9165,6.8968
2018-12-12,3.849,6.8778
2018-12-13,3.8856,6.8798
2018-12-14,3.897,6.905
2018-12-15,3.897,6.905
2018-12-16,3.897,6.905
2018-12-17,3.8922,6.8962
2018-12-18,3.9072,6.8939
2018-12-19,3.8737,6.8918
2018-12-20,3.85,6.8834
2018-12-21,3.8815,6.9048
2018-12-22,3.8815,6.9048
2018-12-23,3.8815,6.9048
2018-12-24,,
2018-12-25,,
2018-12-26,3.9253,6.8847
2018-12-27,3.8895,6.8649
2018-12-28,3.8711,6.8755
2018-12-29,3.8711,6.8755
2018-12-30,3.8711,6.8755
2018-12-31,3.8804,6.8755
2019-01-01,,
2019-01-02,3.8123,6.8597
2019-01-03,3.7429,6.8708
2019-01-04,3.7149,6.8663
2019-01-05,3.7149,6.8663
2019-01-06,3.7149,6.8663
2019-01-07,3.71,6.8501
2019-01-08,3.7204,6.8519
2019-01-09,3.6832,6.8117
2019-01-10,3.6915,6.7875
2019-01-11,3.7073,6.7596
2019-01-12,3.7073,6.7596
2019-01-13,3.7073,6.7596
2019-01-14,,
2019-01-15,3.7162,6.7595
2019-01-16,3.7284,6.7532
2019-01-17,3.7561,6.7735
2019-01-18,3.7658,6.7765
2019-01-19,3.7658,6.7765
2019-01-20,3.7658,6.7765
2019-01-21,,
2019-01-22,3.7811,6.8072
2019-01-23,3.7987,6.7897
2019-01-24,3.7486,6.7835
2019-01-25,3.77,6.7448
2019-01-26,3.77,6.7448
2019-01-27,3.77,6.7448
2019-01-28,3.7628,6.7437
2019-01-29,3.7288,6.7304
2019-01-30,3.7222,6.7115
2019-01-31,3.6501,6.6958
2019-02-01,3.6552,6.7426
2019-02-02,3.6552,6.7426
2019-02-03,3.6552,6.7426
2019-02-04,3.6676,6.7426
2019-02-05,3.6798,6.7426
2019-02-06,3.7015,6.7426
2019-02-07,3.7232,6.7426
2019-02-08,3.7363,6.7426
2019-02-09,3.7363,6.7426
2019-02-10,3.7363,6.7426
2019-02-11,3.765,6.7907
2019-02-12,3.7131,6.7726
2019-02-13,3.7485,6.7598
2019-02-14,3.7462,6.7711
2019-02-15,3.71,6.768
2019-02-16,3.71,6.768
2019-02-17,3.71,6.768
2019-02-18,,
2019-02-19,3.7145,6.756
2019-02-20,,
2019-02-21,3.7636,6.7195
2019-02-22,3.7376,6.7112
2019-02-23,3.7376,6.7112
2019-02-24,3.7376,6.7112
2019-02-25,3.7305,6.6844
2019-02-26,3.7604,6.698
2019-02-27,3.7375,6.6822
2019-02-28,3.7493,6.6912
2019-03-01,3.7852,6.7048
2019-03-02,3.7852,6.7048
2019-03-03,3.7852,6.7048
2019-03-04,3.775,6.7045
2019-03-05,3.775,6.706
2019-03-06,3.8152,6.7099
2019-03-07,3.8836,6.7132
2019-03-08,3.8639,6.7201
2019-03-09,3.8639,6.7201
2019-03-10,3.8639,6.7201
2019-03-11,3.8435,6.7215
2019-03-12,3.809,6.707
2019-03-13,3.8249,6.7064
2019-03-14,3.834,6.7209
2019-03-15,3.814,6.7129
2019-03-16,3.814,6.7129
2019-03-17,3.814,6.7129
2019-03-18,3.8097,6.7121
2019-03-19,3.767,6.7106
2019-03-20,3.7856,6.6916
2019-03-21,3.8176,6.6952
2019-03-22,3.8942,6.7162
2019-03-23,3.8942,6.7162
2019-03-24,3.8942,6.7162
2019-03-25,3.864,6.7079
2019-03-26,3.876,6.7145
2019-03-27,3.9602,6.7262
2019-03-28,3.9689,6.7381
2019-03-29,3.8892,6.7112
2019-03-30,3.8892,6.7112
2019-03-31,3.8892,6.7112
2019-04-01,3.8699,6.7102
2019-04-02,3.8647,6.7223
2019-04-03,3.8437,6.7098
2019-04-04,3.8703,6.7167
2019-04-05,3.8627,6.7182
2019-04-06,3.8627,6.7182
2019-04-07,3.8627,6.7182
2019-04-08,3.8569,6.7158
2019-04-09,3.8531,6.7111
2019-04-10,3.8269,6.7153
2019-04-11,3.8509,6.7188
2019-04-12,3.8711,6.7039
2019-04-13,3.8711,6.7039
2019-04-14,3.8711,6.7039
2019-04-15,3.8717,6.7072
2019-04-16,3.8972,6.7112
2019-04-17,3.9381,6.687
2019-04-18,3.9302,6.7081
2019-04-19,3.9311,6.7032
2019-04-20,3.9311,6.7032
2019-04-21,3.9311,6.7032
2019-04-22,3.9281,6.7112
2019-04-23,3.9418,6.7249
2019-04-24,3.9758,6.7207
2019-04-25,3.9635,6.7418
2019-04-26,3.9227,6.7282
2019-04-27,3.9227,6.7282
2019-04-28,3.9227,6.7282
2019-04-29,3.9362,6.7332
2019-04-30,3.9367,6.7347
2019-05-01,3.9195,6.7319
2019-05-02,3.9644,6.7337
2019-05-03,3.9366,6.7337
2019-05-04,3.9366,6.7337
2019-05-05,3.9366,6.7337
2019-05-06,3.9534,6.7602
2019-05-07,3.9847,6.7755
2019-05-08,3.929,6.7818
2019-05-09,3.9646,6.8256
2019-05-10,3.9614,6.8217
2019-05-11,3.9614,6.8217
2019-05-12,3.9614,6.8217
2019-05-13,3.9778,6.8765
2019-05-14,3.9737,6.8737
2019-05-15,3.9845,6.8742
2019-05-16,4.0061,6.8832
2019-05-17,4.0909,6.9182
2019-05-18,4.0909,6.9182
2019-05-19,4.0909,6.9182
2019-05-20,4.1133,6.9111
2019-05-21,4.0678,6.9007
2019-05-22,4.0245,6.9054
2019-05-23,4.0329,6.9087
2019-05-24,4.0251,6.8997
2019-05-25,4.0251,6.8997
2019-05-26,4.0251,6.8997
2019-05-27,,
2019-05-28,4.0215,6.9078
2019-05-29,3.9937,6.9138
2019-05-30,3.9658,6.9011
2019-05-31,3.9216,6.9027
2019-06-01,3.9216,6.9027
2019-06-02,3.9216,6.9027
2019-06-03,3.8918,6.9028
2019-06-04,3.8593,6.9072
2019-06-05,3.8655,6.9084
2019-06-06,3.874,6.9082
2019-06-07,3.8616,6.9057
2019-06-08,3.8616,6.9057
2019-06-09,3.8616,6.9057
2019-06-10,3.8708,6.9298
2019-06-11,3.8593,6.9107
2019-06-12,3.836,6.9161
2019-06-13,3.8456,6.9212
2019-06-14,3.8936,6.9247
2019-06-15,3.8936,6.9247
2019-06-16,3.8936,6.9247
2019-06-17,3.8858,6.9251
2019-06-18,3.8549,6.9002
2019-06-19,3.8731,6.8996
2019-06-20,3.8386,6.851
2019-06-21,3.8212,6.8686
2019-06-22,3.8212,6.8686
2019-06-23,3.8212,6.8686
2019-06-24,3.8265,6.8758
2019-06-25,3.8312,6.8791
2019-06-26,3.8355,6.8781
2019-06-27,3.8604,6.8762
2019-06-28,3.829,6.865
2019-06-29,3.829,6.865
2019-06-30,3.829,6.865
2019-07-01,3.8217,6.8487
2019-07-02,3.8613,6.8717
2019-07-03,3.8421,6.8806
2019-07-04,,
2019-07-05,3.8178,6.8925
2019-07-06,3.8178,6.8925
2019-07-07,3.8178,6.8925
2019-07-08,3.8045,6.8808
2019-07-09,3.8045,6.8866
2019-07-10,3.7646,6.8705
2019-07-11,3.7577,6.8682
2019-07-12,3.7429,6.8796
2019-07-13,3.7429,6.8796
2019-07-14,3.7429,6.8796
2019-07-15,3.749,6.8769
2019-07-16,3.7607,6.8753
2019-07-17,3.7611,6.8731
2019-07-18,3.7443,6.8788
2019-07-19,3.7406,6.8812
2019-07-20,3.7406,6.8812
2019-07-21,3.7406,6.8812
2019-07-22,3.735,6.8803
2019-07-23,3.768,6.8787
2019-07-24,3.761,6.8717
2019-07-25,3.788,6.8714
2019-07-26,3.7714,6.8785
2019-07-27,3.7714,6.8785
2019-07-28,3.7714,6.8785
2019-07-29,3.7873,6.8927
2019-07-30,3.7867,6.8833
2019-07-31,3.7571,6.8833
2019-08-01,3.8366,6.8972
2019-08-02,3.8789,6.9387
2019-08-03,3.8789,6.9387
2019-08-04,3.8789,6.9387
2019-08-05,3.9423,7.0481
2019-08-06,3.974,7.0192
2019-08-07,3.9863,7.0592
2019-08-08,3.9349,7.044
2019-08-09,3.9385,7.0613
2019-08-10,3.9385,7.0613
2019-08-11,3.9385,7.0613
2019-08-12,3.9862,7.0578
2019-08-13,3.9531,7.0423
2019-08-14,4.0143,7.0224
2019-08-15,4.01,7.0327
2019-08-16,3.9926,7.0413
2019-08-17,3.9926,7.0413
2019-08-18,3.9926,7.0413
2019-08-19,4.0344,7.0499
2019-08-20,4.0409,7.0597
2019-08-21,4.0188,7.0623
2019-08-22,4.0558,7.0829
2019-08-23,4.1114,7.0928
2019-08-24,4.1114,7.0928
2019-08-25,4.1114,7.0928
2019-08-26,4.1528,7.1503
2019-08-27,4.1813,7.1603
2019-08-28,4.1553,7.1628
2019-08-29,4.1595,7.1434
2019-08-30,4.1254,7.1543
2019-08-31,4.1254,7.1543
2019-09-01,4.1254,7.1543
2019-09-02,,
2019-09-03,4.1726,7.1786
2019-09-04,4.114,7.144
2019-09-05,4.0908,7.1468
2019-09-06,4.0643,7.1131
2019-09-07,4.0643,7.1131
2019-09-08,4.0643,7.1131
2019-09-09,4.0819,7.121
2019-09-10,4.101,7.1121
2019-09-11,4.0592,7.1153
2019-09-12,4.0606,7.0787
2019-09-13,4.061,7.0754
2019-09-14,4.061,7.0754
2019-09-15,4.061,7.0754
2019-09-16,4.0831,7.0659
2019-09-17,4.097,7.0905
2019-09-18,4.0964,7.0849
2019-09-19,4.1389,7.0959
2019-09-20,4.1698,7.0909
2019-09-21,4.1698,7.0909
2019-09-22,4.1698,7.0909
2019-09-23,4.1771,7.1168
2019-09-24,4.1737,7.1138
2019-09-25,4.1764,7.1313
2019-09-26,4.1517,7.13
2019-09-27,4.1576,7.1218
2019-09-28,4.1576,7.1218
2019-09-29,4.1576,7.1218
2019-09-30,4.1629,7.1477
2019-10-01,4.1624,7.1473
2019-10-02,4.1434,7.1473
2019-10-03,4.0876,7.1473
2019-10-04,4.0601,7.1473
2019-10-05,4.0601,7.1473
2019-10-06,4.0601,7.1473
2019-10-07,4.0831,7.1473
2019-10-08,4.0846,7.1422
2019-10-09,4.1043,7.1316
2019-10-10,4.1075,7.1153
2019-10-11,4.0945,7.0868
2019-10-12,4.0945,7.0868
2019-10-13,4.0945,7.0868
2019-10-14,,
2019-10-15,4.1506,7.0814
2019-10-16,4.161,7.092
2019-10-17,4.16,7.0766
2019-10-18,4.1312,7.0805
2019-10-19,4.1312,7.0805
2019-10-20,4.1312,7.0805
2019-10-21,4.136,7.0748
2019-10-22,4.0713,7.0761
2019-10-23,4.0674,7.0624
2019-10-24,4.01,7.0684
2019-10-25,4.0018,7.0647
2019-10-26,4.0018,7.0647
2019-10-27,4.0018,7.0647
2019-10-28,3.9769,7.067
2019-10-29,3.9923,7.0655
2019-10-30,4.017,7.0541
2019-10-31,4.013,7.0379
2019-11-01,3.9756,7.0368
2019-11-02,3.9756,7.0368
2019-11-03,3.9756,7.0368
2019-11-04,4.0007,7.03
2019-11-05,3.9865,7.0082
2019-11-06,4.0582,6.9968
2019-11-07,4.0884,6.9766
2019-11-08,4.1545,6.9954
2019-11-09,4.1545,6.9954
2019-11-10,4.1545,6.9954
2019-11-11,,
2019-11-12,4.1742,7.0066
2019-11-13,4.1772,7.0223
2019-11-14,4.1912,7.0195
2019-11-15,4.1957,7.0075
2019-11-16,4.1957,7.0075
2019-11-17,4.1957,7.0075
2019-11-18,4.1932,7.0246
2019-11-19,4.2032,7.0263
2019-11-20,4.1955,7.0344
2019-11-21,4.2213,7.0285
2019-11-22,4.1859,7.0389
2019-11-23,4.1859,7.0389
2019-11-24,4.1859,7.0389
2019-11-25,4.2153,7.0349
2019-11-26,4.2594,7.0319
2019-11-27,4.2569,7.028
2019-11-28,,
2019-11-29,4.2272,7.0308
2019-11-30,4.2272,7.0308
2019-12-01,4.2272,7.0308
2019-12-02,4.22,7.038
2019-12-03,4.1928,7.0609
2019-12-04,4.1886,7.0489
2019-12-05,4.1912,7.0445
2019-12-06,4.1749,7.0348
2019-12-07,4.1749,7.0348
2019-12-08,4.1749,7.0348
2019-12-09,4.1299,7.0389
2019-12-10,4.1412,7.0328
2019-12-11,4.1179,7.0384
2019-12-12,4.099,6.9925
2019-12-13,4.1065,6.9925
2019-12-14,4.1065,6.9925
2019-12-15,4.1065,6.9925
2019-12-16,4.0681,6.9921
2019-12-17,4.0673,6.9967
2019-12-18,4.0624,7.0029
2019-12-19,4.058,7.0097
2019-12-20,4.0859,7.0063
2019-12-21,4.0859,7.0063
2019-12-22,4.0859,7.0063
2019-12-23,4.0621,7.0124
2019-12-24,4.0833,7.0064
2019-12-25,,
2019-12-26,4.0602,6.9949
2019-12-27,4.0507,6.9954
2019-12-28,4.0507,6.9954
2019-12-29,4.0507,6.9954
2019-12-30,4.0152,6.9864
2019-12-31,4.019,6.9618
2020-01-01,,
2020-01-02,4.0384,6.9642
2020-01-03,4.0378,6.9649
2020-01-04,4.0378,6.9649
2020-01-05,4.0378,6.9649
2020-01-06,4.0548,6.9749
2020-01-07,4.0813,6.9443
2020-01-08,4.0463,6.9447
2020-01-09,4.0747,6.9309
2020-01-10,4.0771,6.9178
2020-01-11,4.0771,6.9178
2020-01-12,4.0771,6.9178
2020-01-13,4.1351,6.8924
2020-01-14,4.1409,6.8837
2020-01-15,4.1773,6.8899
2020-01-16,4.1903,6.8769
2020-01-17,4.1857,6.8589
2020-01-18,4.1857,6.8589
2020-01-19,4.1857,6.8589
2020-01-20,,
2020-01-21,4.2,6.9049
2020-01-22,4.1852,6.904
2020-01-23,4.1689,6.9364
2020-01-24,4.1879,6.9161
2020-01-25,4.1879,6.9161
2020-01-26,4.1879,6.9161
2020-01-27,4.2268,6.9161
2020-01-28,4.2094,6.9161
2020-01-29,4.2162,6.9161
2020-01-30,4.2602,6.9161
2020-01-31,4.2801,6.9161
2020-02-01,4.2801,6.9161
2020-02-02,4.2801,6.9161
2020-02-03,4.2411,7.0208
2020-02-04,4.2405,6.9979
2020-02-05,4.2567,6.972
2020-02-06,4.2694,6.9694
2020-02-07,4.3126,7.0003
2020-02-08,4.3126,7.0003
2020-02-09,4.3126,7.0003
2020-02-10,4.3155,6.982
2020-02-11,4.3346,6.965
2020-02-12,4.3428,6.9708
2020-02-13,4.3302,6.9759
2020-02-14,4.3104,6.9859
2020-02-15,4.3104,6.9859
2020-02-16,4.3104,6.9859
2020-02-17,,
2020-02-18,4.3507,6.9949
2020-02-19,4.366,6.9975
2020-02-20,4.3845,7.0225
2020-02-21,4.383,7.0255
2020-02-22,4.383,7.0255
2020-02-23,4.383,7.0255
2020-02-24,4.3878,7.0286
2020-02-25,4.3878,7.0128
2020-02-26,4.4304,7.0214
2020-02-27,4.4587,7.0036
2020-02-28,4.4906,6.9906
2020-02-29,4.4906,6.9906
2020-03-01,4.4906,6.9906
2020-03-02,4.4782,6.9595
2020-03-03,4.4908,6.9579
2020-03-04,4.5497,6.9244
2020-03-05,4.6533,6.9366
2020-03-06,4.638,6.9298
2020-03-07,4.638,6.9298
2020-03-08,4.638,6.9298
2020-03-09,4.7304,6.9448
2020-03-10,4.6745,6.9549
2020-03-11,4.6844,6.9595
2020-03-12,4.8563,7.0282
2020-03-13,4.7622,7.0079
2020-03-14,4.7622,7.0079
2020-03-15,4.7622,7.0079
2020-03-16,4.9813,6.9913
2020-03-17,5.0185,7.003
2020-03-18,5.1136,7.0459
2020-03-19,5.1503,7.1058
2020-03-20,5.001,7.095
2020-03-21,5.001,7.095
2020-03-22,5.001,7.095
2020-03-23,5.1286,7.09
2020-03-24,5.0731,7.061
2020-03-25,5.0589,7.1099
2020-03-26,4.9972,7.0709
2020-03-27,5.1113,7.0942
2020-03-28,5.1113,7.0942
2020-03-29,5.1113,7.0942
2020-03-30,5.1593,7.0986
2020-03-31,5.1855,7.0808
2020-04-01,5.2494,7.0989
2020-04-02,5.2649,7.0857
2020-04-03,5.3129,7.0908
2020-04-04,5.3129,7.0908
2020-04-05,5.3129,7.0908
2020-04-06,5.2342,7.0895
2020-04-07,5.2319,7.0448
2020-04-08,5.1701,7.0649
2020-04-09,5.0708,7.0428
2020-04-10,5.1063,7.0341
2020-04-11,5.1063,7.0341
2020-04-12,5.1063,7.0341
2020-04-13,5.1871,7.0501
2020-04-14,5.2074,7.0479
2020-04-15,5.2559,7.0664
2020-04-16,5.2318,7.0778
2020-04-17,5.255,7.0711
2020-04-18,5.255,7.0711
2020-04-19,5.255,7.0711
2020-04-20,5.2911,7.0721
2020-04-21,5.3166,7.0914
2020-04-22,5.3955,7.0831
2020-04-23,5.4498,7.0654
2020-04-24,5.6858,7.0813
2020-04-25,5.6858,7.0813
2020-04-26,5.6858,7.0813
2020-04-27,5.6741,7.0848
2020-04-28,5.5646,7.0776
2020-04-29,5.3923,7.0755
2020-04-30,5.4296,7.0622
2020-05-01,5.4858,7.0622
2020-05-02,5.4858,7.0622
2020-05-03,5.4858,7.0622
2020-05-04,5.5714,7.0622
2020-05-05,5.5623,7.0622
2020-05-06,5.6798,7.1031
2020-05-07,5.8027,7.0825
2020-05-08,5.7455,7.0732
2020-05-09,5.7455,7.0732
2020-05-10,5.7455,7.0732
2020-05-11,5.7958,7.0972
2020-05-12,5.7922,7.0816
2020-05-13,5.9204,7.0911
2020-05-14,5.9181,7.0935
2020-05-15,5.8235,7.1013
2020-05-16,5.8235,7.1013
2020-05-17,5.8235,7.1013
2020-05-18,5.708,7.1086
2020-05-19,5.7101,7.098
2020-05-20,5.6909,7.0928
2020-05-21,5.5989,7.1138
2020-05-22,5.5663,7.1269
2020-05-23,5.5663,7.1269
2020-05-24,5.5663,7.1269
2020-05-25,,
2020-05-26,5.376,7.134
2020-05-27,5.2818,7.1681
2020-05-28,5.3346,7.1447
2020-05-29,5.4248,7.1348
2020-05-30,5.4248,7.1348
2020-05-31,5.4248,7.1348
2020-06-01,5.3727,7.1263
2020-06-02,5.2331,7.0992
2020-06-03,5.0417,7.1115
2020-06-04,5.0927,7.1075
2020-06-05,4.9542,7.0808
2020-06-06,4.9542,7.0808
2020-06-07,4.9542,7.0808
2020-06-08,4.8858,7.07
2020-06-09,4.899,7.0765
2020-06-10,4.8979,7.0599
2020-06-11,4.976,7.064
2020-06-12,5.0241,7.0825
2020-06-13,5.0241,7.0825
2020-06-14,5.0241,7.0825
2020-06-15,5.2082,7.0887
2020-06-16,5.1563,7.0854
2020-06-17,5.264,7.084
2020-06-18,5.354,7.0869
2020-06-19,5.3388,7.0707
2020-06-20,5.3388,7.0707
2020-06-21,5.3388,7.0707
2020-06-22,5.2235,7.0678
2020-06-23,5.1578,7.0575
2020-06-24,5.302,7.077
2020-06-25,5.3541,7.0768
2020-06-26,5.4661,7.0768
2020-06-27,5.4661,7.0768
2020-06-28,5.4661,7.0768
2020-06-29,5.4587,7.0794
2020-06-30,5.4844,7.0651
2020-07-01,5.3492,7.0703
2020-07-02,5.3146,7.066
2020-07-03,,
2020-07-04,,
2020-07-05,,
2020-07-06,5.314,7.0159
2020-07-07,5.358,7.0127
2020-07-08,5.3581,7.0041
2020-07-09,5.3182,6.9923
2020-07-10,5.3334,6.999
2020-07-11,5.3334,6.999
2020-07-12,5.3334,6.999
2020-07-13,5.3439,6.9959
2020-07-14,5.429,7.006
2020-07-15,5.362,6.9885
2020-07-16,5.343,6.9881
2020-07-17,5.352,6.9912
2020-07-18,5.352,6.9912
2020-07-19,5.352,6.9912
2020-07-20,5.3365,6.9829
2020-07-21,5.1936,6.98
2020-07-22,5.0973,6.9988
2020-07-23,5.1405,7.0034
2020-07-24,5.1948,7.0168
2020-07-25,5.1948,7.0168
2020-07-26,5.1948,7.0168
2020-07-27,5.1835,6.995
2020-07-28,5.1684,6.9998
2020-07-29,5.1483,7.0014
2020-07-30,5.1824,7.008
2020-07-31,5.1967,6.9744
2020-08-01,5.1967,6.9744
2020-08-02,5.1967,6.9744
2020-08-03,5.32,6.9799
2020-08-04,5.3259,6.972
2020-08-05,5.2928,6.9353
2020-08-06,5.3537,6.952
2020-08-07,5.4343,6.967
2020-08-08,5.4343,6.967
2020-08-09,5.4343,6.967
2020-08-10,5.423,6.9611
2020-08-11,5.423,6.9451
2020-08-12,5.4745,6.9363
2020-08-13,5.3835,6.944
2020-08-14,5.3881,6.9501
2020-08-15,5.3881,6.9501
2020-08-16,5.3881,6.9501
2020-08-17,5.4734,6.9318
2020-08-18,5.4845,6.9215
2020-08-19,5.5045,6.9192
2020-08-20,5.637,6.9143
2020-08-21,5.5949,6.9179
2020-08-22,5.5949,6.9179
2020-08-23,5.5949,6.9179
2020-08-24,5.601,6.918
2020-08-25,5.6046,6.9116
2020-08-26,5.6073,6.8855
2020-08-27,5.5965,6.8925
2020-08-28,5.4469,6.8647
2020-08-29,5.4469,6.8647
2020-08-30,5.4469,6.8647
2020-08-31,5.4698,6.8474
2020-09-01,5.3578,6.8272
2020-09-02,5.355,6.8375
2020-09-03,5.3078,6.8474
2020-09-04,5.2873,6.8409
2020-09-05,5.2873,6.8409
2020-09-06,5.2873,6.8409
2020-09-07,,
2020-09-08,5.351,6.8435
2020-09-09,5.2849,6.8308
2020-09-10,5.3023,6.8335
2020-09-11,5.304,6.833
2020-09-12,5.304,6.833
2020-09-13,5.304,6.833
2020-09-14,5.2892,6.808
2020-09-15,5.2852,6.7819
2020-09-16,5.241,6.7529
2020-09-17,5.2584,6.7628
2020-09-18,5.3056,6.7675
2020-09-19,5.3056,6.7675
2020-09-20,5.3056,6.7675
2020-09-21,5.4397,6.8043
2020-09-22,5.47,6.7779
2020-09-23,5.549,6.8089
2020-09-24,5.5308,6.8273
2020-09-25,5.5644,6.822
2020-09-26,5.5644,6.822
2020-09-27,5.5644,6.822
2020-09-28,5.6155,6.8106
2020-09-29,5.6679,6.815
2020-09-30,5.6326,6.7896
2020-10-01,5.6463,6.7898
2020-10-02,5.6822,6.7898
2020-10-03,5.6822,6.7898
2020-10-04,5.6822,6.7898
2020-10-05,5.6173,6.7896
2020-10-06,5.5402,6.7896
2020-10-07,5.6125,6.7896
2020-10-08,5.5948,6.7896
2020-10-09,5.522,6.6933
2020-10-10,5.522,6.6933
2020-10-11,5.522,6.6933
2020-10-12,,
2020-10-13,5.5944,6.7452
2020-10-14,5.5804,6.7136
2020-10-15,5.616,6.7233
2020-10-16,5.6228,6.6962
2020-10-17,5.6228,6.6962
2020-10-18,5.6228,6.6962
2020-10-19,5.578,6.6803
2020-10-20,5.5773,6.6754
2020-10-21,5.6084,6.6503
2020-10-22,5.5843,6.6821
2020-10-23,5.6135,6.6861
2020-10-24,5.6135,6.6861
2020-10-25,5.6135,6.6861
2020-10-26,5.6141,6.7119
2020-10-27,5.6484,6.7044
2020-10-28,5.7406,6.7279
2020-10-29,5.779,6.714
2020-10-30,5.7588,6.6919
2020-10-31,5.7588,6.6919
2020-11-01,5.7588,6.6919
2020-11-02,5.7425,6.6899
2020-11-03,5.7328,6.6759
2020-11-04,5.654,6.6504
2020-11-05,5.5682,6.6027
2020-11-06,5.4577,6.608
2020-11-07,5.4577,6.608
2020-11-08,5.4577,6.608
2020-11-09,5.3696,6.628
2020-11-10,5.3715,6.6146
2020-11-11,,
2020-11-12,5.4141,6.6114
2020-11-13,5.5006,6.6039
2020-11-14,5.5006,6.6039
2020-11-15,5.5006,6.6039
2020-11-16,5.3999,6.583
2020-11-17,5.3401,6.5556
2020-11-18,5.3069,6.5588
2020-11-19,5.3149,6.5823
2020-11-20,5.3671,6.5608
2020-11-21,5.3671,6.5608
2020-11-22,5.3671,6.5608
2020-11-23,5.436,6.585
2020-11-24,5.391,6.59
2020-11-25,5.3224,6.575
2020-11-26,,
2020-11-27,,
2020-11-28,,
2020-11-29,,
2020-11-30,5.3785,6.576
2020-12-01,5.263,6.5705
2020-12-02,5.2384,6.5622
2020-12-03,5.1243,6.5418
2020-12-04,5.161,6.5301
2020-12-05,5.161,6.5301
2020-12-06,5.161,6.5301
2020-12-07,5.0713,6.5295
2020-12-08,5.0824,6.5307
2020-12-09,5.1504,6.541
2020-12-10,5.0699,6.5419
2020-12-11,5.0538,6.5445
2020-12-12,5.0538,6.5445
2020-12-13,5.0538,6.5445
2020-12-14,5.1103,6.548
2020-12-15,5.1105,6.5388
2020-12-16,5.1282,6.5323
2020-12-17,5.0591,6.5321
2020-12-18,5.081,6.5395
2020-12-19,5.081,6.5395
2020-12-20,5.081,6.5395
2020-12-21,5.128,6.5493
2020-12-22,5.1593,6.5426
2020-12-23,5.2087,6.54
2020-12-24,,
2020-12-25,,
2020-12-26,,
2020-12-27,,
2020-12-28,5.3016,6.5346
2020-12-29,5.1679,6.53
2020-12-30,5.176,6.5208
2020-12-31,5.1935,6.525
2021-01-01,,
2021-01-02,,
2021-01-03,,
2021-01-04,5.2466,6.4601
2021-01-05,5.3035,6.455
2021-01-06,5.3368,6.4617
2021-01-07,5.4024,6.476
2021-01-08,5.3855,6.475
2021-01-09,5.3855,6.475
2021-01-10,5.3855,6.475
2021-01-11,5.4809,6.4795
2021-01-12,5.4166,6.461
2021-01-13,5.2938,6.4677
2021-01-14,5.2304,6.4736
2021-01-15,5.2589,6.48
2021-01-16,5.2589,6.48
2021-01-17,5.2589,6.48
2021-01-18,,
2021-01-19,5.333,6.4777
2021-01-20,,
2021-01-21,5.3753,6.4595
2021-01-22,5.4518,6.481
2021-01-23,5.4518,6.481
2021-01-24,5.4518,6.481
2021-01-25,5.4665,6.4784
2021-01-26,5.3682,6.4635
2021-01-27,5.4139,6.4822
2021-01-28,5.3992,6.4491
2021-01-29,5.4479,6.4282
2021-01-30,5.4479,6.4282
2021-01-31,5.4479,6.4282
2021-02-01,5.4746,6.4669
2021-02-02,5.3704,6.457
2021-02-03,5.3624,6.4614
2021-02-04,5.4236,6.4715
2021-02-05,5.3522,6.4664
2021-02-06,5.3522,6.4664
2021-02-07,5.3522,6.4664
2021-02-08,5.3153,6.4475
2021-02-09,5.4261,6.4344
2021-02-10,5.3601,6.4576
2021-02-11,5.3876,6.4567
2021-02-12,5.3699,6.4567
2021-02-13,5.3699,6.4567
2021-02-14,5.3699,6.4567
2021-02-15,,
2021-02-16,5.3765,6.4567
2021-02-17,5.4059,6.4567
2021-02-18,5.4391,6.4869
2021-02-19,5.3938,6.4555
2021-02-20,5.3938,6.4555
2021-02-21,5.3938,6.4555
2021-02-22,5.4781,6.4625
2021-02-23,5.4267,6.464
2021-02-24,5.4249,6.4556
2021-02-25,5.4903,6.4541
2021-02-26,5.5724,6.473
2021-02-27,5.5724,6.473
2021-02-28,5.5724,6.473
2021-03-01,5.5704,6.4648
2021-03-02,5.711,6.4702
2021-03-03,5.7591,6.4675
2021-03-04,5.5666,6.4694
2021-03-05,5.6912,6.496
2021-03-06,5.6912,6.496
2021-03-07,5.6912,6.496
2021-03-08,5.7341,6.525
2021-03-09,5.8084,6.505
2021-03-10,5.672,6.505
2021-03-11,5.553,6.4932
2021-03-12,5.553,6.5081
2021-03-13,5.553,6.5081
2021-03-14,5.553,6.5081
2021-03-15,5.6539,6.4996
2021-03-16,5.5756,6.5052
2021-03-17,5.655,6.503
2021-03-18,5.5366,6.5054
2021-03-19,5.475,6.507
2021-03-20,5.475,6.507
2021-03-21,5.475,6.507
2021-03-22,5.5316,6.507
2021-03-23,5.4771,6.516
2021-03-24,5.555,6.523
2021-03-25,5.6352,6.5452
2021-03-26,5.7132,6.5412
2021-03-27,5.7132,6.5412
2021-03-28,5.7132,6.5412
2021-03-29,5.7778,6.5696
2021-03-30,5.7439,6.5716
2021-03-31,5.659,6.5518
2021-04-01,5.6887,6.5645
2021-04-02,5.7075,6.5646
2021-04-03,5.7075,6.5646
2021-04-04,5.7075,6.5646
2021-04-05,5.6584,6.5649
2021-04-06,5.6143,6.537
2021-04-07,5.6062,6.5415
2021-04-08,5.5743,6.5505
2021-04-09,5.6522,6.5522
2021-04-10,5.6522,6.5522
2021-04-11,5.6522,6.5522
2021-04-12,5.6974,6.5475
2021-04-13,5.6898,6.5431
2021-04-14,5.6806,6.5292
2021-04-15,5.611,6.522
2021-04-16,5.6107,6.5203
2021-04-17,5.6107,6.5203
2021-04-18,5.6107,6.5203
2021-04-19,5.5687,6.5085
2021-04-20,5.5185,6.4981
2021-04-21,5.5687,6.4903
2021-04-22,5.4971,6.491
2021-04-23,5.5011,6.4945
2021-04-24,5.5011,6.4945
2021-04-25,5.5011,6.4945
2021-04-26,5.4508,6.4844
2021-04-27,5.4342,6.483
2021-04-28,5.3964,6.4771
2021-04-29,5.3624,6.471
2021-04-30,5.4194,6.4749
2021-05-01,5.4194,6.4749
2021-05-02,5.4194,6.4749
2021-05-03,5.3857,6.4749
2021-05-04,5.449,6.4749
2021-05-05,5.3648,6.4749
2021-05-06,5.2804,6.4635
2021-05-07,5.214,6.431
2021-05-08,5.214,6.431
2021-05-09,5.214,6.431
2021-05-10,5.2244,6.4156
2021-05-11,5.2124,6.4285
2021-05-12,5.2529,6.4566
2021-05-13,5.2793,6.4506
2021-05-14,5.2574,6.4367
2021-05-15,5.2574,6.4367
2021-05-16,5.2574,6.4367
2021-05-17,5.2594,6.4388
2021-05-18,5.2359,6.425
2021-05-19,5.265,6.4342
2021-05-20,5.2831,6.4339
2021-05-21,5.3235,6.4339
2021-05-22,5.3235,6.4339
2021-05-23,5.3235,6.4339
2021-05-24,5.3223,6.4177
2021-05-25,5.306,6.41
2021-05-26,5.3062,6.3905
2021-05-27,5.2642,6.3824
2021-05-28,5.2187,6.3674
2021-05-29,5.2187,6.3674
2021-05-30,5.2187,6.3674
2021-05-31,,
2021-06-01,5.1631,6.3796
2021-06-02,5.0743,6.3805
2021-06-03,5.0777,6.4036
2021-06-04,5.067,6.3945
2021-06-05,5.067,6.3945
2021-06-06,5.067,6.3945
2021-06-07,5.019,6.3963
2021-06-08,5.0383,6.4
2021-06-09,5.0651,6.3865
2021-06-10,5.0672,6.3929
2021-06-11,5.1299,6.3967
2021-06-12,5.1299,6.3967
2021-06-13,5.1299,6.3967
2021-06-14,5.0567,6.3979
2021-06-15,5.0911,6.4052
2021-06-16,4.9991,6.3969
2021-06-17,5.0244,6.4477
2021-06-18,5.0405,6.4525
2021-06-19,5.0405,6.4525
2021-06-20,5.0405,6.4525
2021-06-21,5.0306,6.4659
2021-06-22,4.9994,6.4811
2021-06-23,4.9518,6.4727
2021-06-24,4.9169,6.4701
2021-06-25,4.9245,6.4545
2021-06-26,4.9245,6.4545
2021-06-27,4.9245,6.4545
2021-06-28,4.9451,6.4555
2021-06-29,4.9378,6.4635
2021-06-30,5.0083,6.4566
2021-07-01,5.0339,6.4679
2021-07-02,5.0431,6.4721
2021-07-03,5.0431,6.4721
2021-07-04,5.0431,6.4721
2021-07-05,,
2021-07-06,5.1803,6.4786
2021-07-07,5.2678,6.4718
2021-07-08,5.2336,6.4898
2021-07-09,5.2579,6.4788
2021-07-10,5.2579,6.4788
2021-07-11,5.2579,6.4788
2021-07-12,5.1939,6.4751
2021-07-13,5.1544,6.4685
2021-07-14,5.0861,6.4688
2021-07-15,5.118,6.46
2021-07-16,5.0922,6.4785
2021-07-17,5.0922,6.4785
2021-07-18,5.0922,6.4785
2021-07-19,5.21,6.4893
2021-07-20,5.219,6.4845
2021-07-21,5.2313,6.4664
2021-07-22,5.2071,6.47
2021-07-23,5.1766,6.4808
2021-07-24,5.1766,6.4808
2021-07-25,5.1766,6.4808
2021-07-26,5.172,6.4825
2021-07-27,5.1603,6.5104
2021-07-28,5.1547,6.4905
2021-07-29,5.0497,6.4562
2021-07-30,5.1411,6.4609
2021-07-31,5.1411,6.4609
2021-08-01,5.1411,6.4609
2021-08-02,5.1251,6.462
2021-08-03,5.2362,6.47
2021-08-04,5.2362,6.4655
2021-08-05,5.175,6.4608
2021-08-06,5.2236,6.4825
2021-08-07,5.2236,6.4825
2021-08-08,5.2236,6.4825
2021-08-09,5.2861,6.4857
2021-08-10,5.1931,6.4852
2021-08-11,5.203,6.4783
2021-08-12,5.2352,6.4782
2021-08-13,5.2345,6.4768
2021-08-14,5.2345,6.4768
2021-08-15,5.2345,6.4768
2021-08-16,5.2466,6.4742
2021-08-17,5.2538,6.4854
2021-08-18,5.3421,6.4841
2021-08-19,5.4027,6.4942
2021-08-20,5.399,6.5012
2021-08-21,5.399,6.5012
2021-08-22,5.399,6.5012
2021-08-23,5.384,6.4805
2021-08-24,5.2771,6.471
2021-08-25,5.247,6.4756
2021-08-26,5.2428,6.4809
2021-08-27,5.1956,6.4711
2021-08-28,5.1956,6.4711
2021-08-29,5.1956,6.4711
2021-08-30,5.1921,6.4658
2021-08-31,5.1405,6.4604
2021-09-01,5.1809,6.4586
2021-09-02,5.164,6.456
2021-09-03,5.1692,6.4528
2021-09-04,5.1692,6.4528
2021-09-05,5.1692,6.4528
2021-09-06,,
2021-09-07,5.1692,6.4662
2021-09-08,5.2843,6.4612
2021-09-09,5.2764,6.4547
2021-09-10,5.2169,6.444
2021-09-11,5.2169,6.444
2021-09-12,5.2169,6.444
2021-09-13,5.2073,6.4511
2021-09-14,5.2235,6.4382
2021-09-15,5.255,6.432
2021-09-16,5.2535,6.4566
2021-09-17,5.295,6.4655
2021-09-18,5.295,6.4655
2021-09-19,5.295,6.4655
2021-09-20,5.3266,6.4651
2021-09-21,5.2895,6.4651
2021-09-22,5.2715,6.4611
2021-09-23,5.2917,6.459
2021-09-24,5.3404,6.466
2021-09-25,5.3404,6.466
2021-09-26,5.3404,6.466
2021-09-27,5.3571,6.456
2021-09-28,5.4279,6.4595
2021-09-29,5.4062,6.4702
2021-09-30,5.4528,6.4434
2021-10-01,5.3674,6.4434
2021-10-02,5.3674,6.4434
2021-10-03,5.3674,6.4434
2021-10-04,5.4333,6.4434
2021-10-05,5.4633,6.4434
2021-10-06,5.513,6.4434
2021-10-07,5.5073,6.4434
2021-10-08,5.5178,6.4435
2021-10-09,5.5178,6.4435
2021-10-10,5.5178,6.4435
2021-10-11,,
2021-10-12,5.532,6.4485
2021-10-13,5.5525,6.4262
2021-10-14,5.5048,6.438
2021-10-15,5.4457,6.434
2021-10-16,5.4457,6.434
2021-10-17,5.4457,6.434
2021-10-18,5.5211,6.429
2021-10-19,5.5525,6.3822
2021-10-20,5.5476,6.3936
2021-10-21,5.6455,6.3925
2021-10-22,5.7223,6.3839
2021-10-23,5.7223,6.3839
2021-10-24,5.7223,6.3839
2021-10-25,5.6009,6.3856
2021-10-26,5.5833,6.382
2021-10-27,5.5812,6.3915
2021-10-28,5.612,6.3917
2021-10-29,5.6291,6.405
2021-10-30,5.6291,6.405
2021-10-31,5.6291,6.405
2021-11-01,5.6795,6.3972
2021-11-02,5.6795,6.3995
2021-11-03,5.6188,6.4061
2021-11-04,5.5877,6.397
2021-11-05,5.5335,6.3961
2021-11-06,5.5335,6.3961
2021-11-07,5.5335,6.3961
2021-11-08,5.5455,6.3902
2021-11-09,5.502,6.3916
2021-11-10,5.4709,6.3882
2021-11-11,,
2021-11-12,5.4341,6.3787
2021-11-13,5.4341,6.3787
2021-11-14,5.4341,6.3787
2021-11-15,5.4575,6.3824
2021-11-16,5.498,6.3919
2021-11-17,5.5082,6.3775
2021-11-18,5.5485,6.3851
2021-11-19,5.5728,6.3863
2021-11-20,5.5728,6.3863
2021-11-21,5.5728,6.3863
2021-11-22,5.586,6.3842
2021-11-23,5.6485,6.391
2021-11-24,5.5937,6.3917
2021-11-25,,
2021-11-26,5.5903,6.3924
2021-11-27,5.5903,6.3924
2021-11-28,5.5903,6.3924
2021-11-29,5.6233,6.3875
2021-11-30,5.6569,6.364
2021-12-01,5.6355,6.3641
2021-12-02,5.6272,6.3763
2021-12-03,5.6773,6.3758
2021-12-04,5.6773,6.3758
2021-12-05,5.6773,6.3758
2021-12-06,5.682,6.3756
2021-12-07,5.6294,6.3657
2021-12-08,5.5395,6.3435
2021-12-09,5.5838,6.3772
2021-12-10,5.5991,6.3685
2021-12-11,5.5991,6.3685
2021-12-12,5.5991,6.3685
2021-12-13,5.6598,6.3659
2021-12-14,5.6713,6.3671
2021-12-15,5.7099,6.3673
2021-12-16,5.6652,6.3674
2021-12-17,5.6754,6.3748
2021-12-18,5.6754,6.3748
2021-12-19,5.6754,6.3748
2021-12-20,5.722,6.3756
2021-12-21,5.7475,6.3716
2021-12-22,5.7017,6.3695
2021-12-23,5.6821,6.3696
2021-12-24,,
2021-12-25,,
2021-12-26,,
2021-12-27,5.6401,6.3705
2021-12-28,5.6372,6.3684
2021-12-29,5.6915,6.368
2021-12-30,5.5749,6.3726
2021-12-31,,
2022-01-01,,
2022-01-02,,
2022-01-03,5.6597,6.355
2022-01-04,5.677,6.3721
2022-01-05,5.6876,6.364
2022-01-06,5.7027,6.3822
2022-01-07,5.6253,6.3769
2022-01-08,5.6253,6.3769
2022-01-09,5.6253,6.3769
2022-01-10,5.6788,6.3756
2022-01-11,5.598,6.3735
2022-01-12,5.5541,6.358
2022-01-13,5.5122,6.3595
2022-01-14,5.5393,6.3524
2022-01-15,5.5393,6.3524
2022-01-16,5.5393,6.3524
2022-01-17,,
2022-01-18,5.5329,6.3525
2022-01-19,5.4668,6.3447
2022-01-20,5.4052,6.3406
2022-01-21,5.4225,6.3385
2022-01-22,5.4225,6.3385
2022-01-23,5.4225,6.3385
2022-01-24,5.5116,6.3304
2022-01-25,5.4818,6.3257
2022-01-26,5.4366,6.3206
2022-01-27,5.4252,6.3677
2022-01-28,5.3943,6.3605
2022-01-29,5.3943,6.3605
2022-01-30,5.3943,6.3605
2022-01-31,5.2893,6.361
2022-02-01,5.2812,6.361
2022-02-02,5.2787,6.361
2022-02-03,5.3047,6.361
2022-02-04,5.3266,6.361
2022-02-05,5.3266,6.361
2022-02-06,5.3266,6.361
2022-02-07,5.2922,6.361
2022-02-08,5.2712,6.366
2022-02-09,5.2641,6.3619
2022-02-10,5.1978,6.3526
2022-02-11,5.2015,6.354
2022-02-12,5.2015,6.354
2022-02-13,5.2015,6.354
2022-02-14,5.2153,6.3567
2022-02-15,5.1807,6.3385
2022-02-16,5.1584,6.3366
2022-02-17,5.1599,6.3381
2022-02-18,5.1219,6.3251
2022-02-19,5.1219,6.3251
2022-02-20,5.1219,6.3251
2022-02-21,,
2022-02-22,5.0611,6.326
2022-02-23,5.0181,6.3134
2022-02-24,5.1248,6.3283
2022-02-25,5.1515,6.3169
2022-02-26,5.1515,6.3169
2022-02-27,5.1515,6.3169
2022-02-28,5.1599,6.3084
2022-03-01,5.1595,6.3116
2022-03-02,5.1511,6.321
2022-03-03,5.0551,6.3195
2022-03-04,5.0867,6.3188
2022-03-05,5.0867,6.3188
2022-03-06,5.0867,6.3188
2022-03-07,5.0841,6.3194
2022-03-08,5.0874,6.3178
2022-03-09,4.9932,6.3174
2022-03-10,5.0424,6.3212
2022-03-11,5.0513,6.3389
2022-03-12,5.0513,6.3389
2022-03-13,5.0513,6.3389
2022-03-14,5.0834,6.3645
2022-03-15,5.1424,6.3696
2022-03-16,5.1083,6.351
2022-03-17,5.0427,6.3459
2022-03-18,5.0165,6.3609
2022-03-19,5.0165,6.3609
2022-03-20,5.0165,6.3609
2022-03-21,4.9477,6.3552
2022-03-22,4.9365,6.366
2022-03-23,4.8479,6.372
2022-03-24,4.8202,6.367
2022-03-25,4.7577,6.3658
2022-03-26,4.7577,6.3658
2022-03-27,4.7577,6.3658
2022-03-28,4.7917,6.3714
2022-03-29,4.7554,6.3635
2022-03-30,4.7695,6.347
2022-03-31,4.7264,6.3393
2022-04-01,4.6944,6.3625
2022-04-02,4.6944,6.3625
2022-04-03,4.6944,6.3625
2022-04-04,4.6195,6.3619
2022-04-05,4.6592,6.3619
2022-04-06,4.6892,6.359
2022-04-07,4.7619,6.36
2022-04-08,4.7495,6.3643
2022-04-09,4.7495,6.3643
2022-04-10,4.7495,6.3643
2022-04-11,4.7031,6.3692
2022-04-12,4.6705,6.3651
2022-04-13,4.684,6.3678
2022-04-14,4.707,6.3775
2022-04-15,4.6965,6.3705
2022-04-16,4.6965,6.3705
2022-04-17,4.6965,6.3705
2022-04-18,4.6772,6.363
2022-04-19,4.6689,6.393
2022-04-20,4.6171,6.4188
2022-04-21,4.622,6.45
2022-04-22,4.7675,6.501
2022-04-23,4.7675,6.501
2022-04-24,4.7675,6.501
2022-04-25,4.941,6.5585
2022-04-26,4.985,6.5552
2022-04-27,5.0058,6.5595
2022-04-28,4.9973,6.6243
2022-04-29,4.9325,6.608
2022-04-30,4.9325,6.608
2022-05-01,4.9325,6.608
2022-05-02,5.0275,6.6079
2022-05-03,4.9999,6.6079
2022-05-04,4.9962,6.6079
2022-05-05,5.0481,6.6535
2022-05-06,5.0626,6.6651
2022-05-07,5.0626,6.6651
2022-05-08,5.0626,6.6651
2022-05-09,5.1235,6.7295
2022-05-10,5.151,6.7343
2022-05-11,5.1042,6.7186
2022-05-12,5.1368,6.786
2022-05-13,5.0801,6.788
2022-05-14,5.0801,6.788
2022-05-15,5.0801,6.788
2022-05-16,5.0645,6.7852
2022-05-17,4.9546,6.7361
2022-05-18,4.972,6.754
2022-05-19,4.9035,6.7109
2022-05-20,4.8618,6.6921
2022-05-21,4.8618,6.6921
2022-05-22,4.8618,6.6921
2022-05-23,4.7934,6.649
2022-05-24,4.8275,6.653
2022-05-25,4.8498,6.6916
2022-05-26,4.7824,6.738
2022-05-27,4.7255,6.698
2022-05-28,4.7255,6.698
2022-05-29,4.7255,6.698
2022-05-30,,
2022-05-31,4.7264,6.6715
2022-06-01,4.8003,6.6858
2022-06-02,4.779,6.6596
2022-06-03,4.7973,6.6595
2022-06-04,4.7973,6.6595
2022-06-05,4.7973,6.6595
2022-06-06,4.7974,6.6534
2022-06-07,4.8848,6.6675
2022-06-08,4.8714,6.6825
2022-06-09,4.888,6.6915
2022-06-10,4.9947,6.7081
2022-06-11,4.9947,6.7081
2022-06-12,4.9947,6.7081
2022-06-13,5.0988,6.753
2022-06-14,5.1353,6.7395
2022-06-15,5.1117,6.7128
2022-06-16,5.0535,6.703
2022-06-17,5.142,6.716
2022-06-18,5.142,6.716
2022-06-19,5.142,6.716
2022-06-20,,
2022-06-21,5.1333,6.688
2022-06-22,5.1563,6.6983
2022-06-23,5.2021,6.698
2022-06-24,5.2363,6.6878
2022-06-25,5.2363,6.6878
2022-06-26,5.2363,6.6878
2022-06-27,5.2078,6.6899
2022-06-28,5.2531,6.707
2022-06-29,5.2386,6.6997
2022-06-30,5.2196,6.6981
2022-07-01,5.3083,6.7
2022-07-02,5.3083,6.7
2022-07-03,5.3083,6.7
2022-07-04,,
2022-07-05,5.3903,6.7192
2022-07-06,5.4558,6.707
2022-07-07,5.352,6.7005
2022-07-08,5.2961,6.6945
2022-07-09,5.2961,6.6945
2022-07-10,5.2961,6.6945
2022-07-11,5.3432,6.7175
2022-07-12,5.4192,6.7234
2022-07-13,5.3764,6.7175
2022-07-14,5.4237,6.7542
2022-07-15,5.384,6.7565
2022-07-16,5.384,6.7565
2022-07-17,5.384,6.7565
2022-07-18,5.373,6.742
2022-07-19,5.394,6.743
2022-07-20,5.4325,6.754
2022-07-21,5.497,6.7655
2022-07-22,5.4558,6.75
2022-07-23,5.4558,6.75
2022-07-24,5.4558,6.75
2022-07-25,5.4015,6.7499
2022-07-26,5.3699,6.7616
2022-07-27,5.2962,6.757
2022-07-28,5.215,6.7465
2022-07-29,5.181,6.7433
2022-07-30,5.181,6.7433
2022-07-31,5.181,6.7433
2022-08-01,5.1508,6.7674
2022-08-02,5.242,6.7499
2022-08-03,5.2693,6.7565
2022-08-04,5.2165,6.7485
2022-08-05,5.1987,6.7607
2022-08-06,5.1987,6.7607
2022-08-07,5.1987,6.7607
2022-08-08,5.1331,6.7505
2022-08-09,5.1302,6.7525
2022-08-10,5.053,6.723
2022-08-11,5.1396,6.7445
2022-08-12,5.086,6.7425
2022-08-13,5.086,6.7425
2022-08-14,5.086,6.7425
2022-08-15,5.0818,6.7715
2022-08-16,5.1443,6.7875
2022-08-17,5.1705,6.7805
2022-08-18,5.1873,6.7855
2022-08-19,5.1947,6.8164
2022-08-20,5.1947,6.8164
2022-08-21,5.1947,6.8164
2022-08-22,5.1669,6.8476
2022-08-23,5.081,6.8476
2022-08-24,5.0939,6.8581
2022-08-25,5.116,6.8477
2022-08-26,5.0826,6.8715
2022-08-27,5.0826,6.8715
2022-08-28,5.0826,6.8715
2022-08-29,5.0273,6.9067
2022-08-30,5.077,6.91
2022-08-31,5.187,6.889
2022-09-01,5.2238,6.9066
2022-09-02,5.172,6.8985
2022-09-03,5.172,6.8985
2022-09-04,5.172,6.8985
2022-09-05,,
2022-09-06,5.2305,6.9532
2022-09-07,5.248,6.965
2022-09-08,5.2196,6.9562
2022-09-09,5.1541,6.924
2022-09-10,5.1541,6.924
2022-09-11,5.1541,6.924
2022-09-12,5.1562,6.9265
2022-09-13,5.186,6.9245
2022-09-14,5.1755,6.9612
2022-09-15,5.233,6.9934
2022-09-16,5.287,6.9799
2022-09-17,5.287,6.9799
2022-09-18,5.287,6.9799
2022-09-19,5.1762,7.005
2022-09-20,5.1516,7.0176
2022-09-21,5.1806,7.0479
2022-09-22,5.1742,7.0772
2022-09-23,5.237,7.1266
2022-09-24,5.237,7.1266
2022-09-25,5.237,7.1266
2022-09-26,5.3914,7.1384
2022-09-27,5.3595,7.176
2022-09-28,5.3636,7.199
2022-09-29,5.3943,7.1196
2022-09-30,5.4008,7.1135
2022-10-01,5.4008,7.1135
2022-10-02,5.4008,7.1135
2022-10-03,5.1823,7.1103
2022-10-04,5.1523,7.1103
2022-10-05,5.2205,7.1103
2022-10-06,5.2052,7.1103
2022-10-07,5.2151,7.1103
2022-10-08,5.2151,7.1103
2022-10-09,5.2151,7.1103
2022-10-10,,
2022-10-11,5.2105,7.1639
2022-10-12,5.2929,7.172
2022-10-13,5.2779,7.17
2022-10-14,5.298,7.1895
2022-10-15,5.298,7.1895
2022-10-16,5.298,7.1895
2022-10-17,5.2606,7.1946
2022-10-18,5.2905,7.2001
2022-10-19,5.2816,7.228
2022-10-20,5.2053,7.2129
2022-10-21,5.175,7.2399
2022-10-22,5.175,7.2399
2022-10-23,5.175,7.2399
2022-10-24,5.2768,7.2629
2022-10-25,5.2898,7.2688
2022-10-26,5.3228,7.171
2022-10-27,5.2839,7.2239
2022-10-28,5.3547,7.2499
2022-10-29,5.3547,7.2499
2022-10-30,5.3547,7.2499
2022-10-31,5.2464,7.3048
2022-11-01,5.1073,7.273
2022-11-02,5.1432,7.289
2022-11-03,5.1005,7.3
2022-11-04,5.0443,7.2996
2022-11-05,5.0443,7.2996
2022-11-06,5.0443,7.2996
2022-11-07,5.1222,7.2266
2022-11-08,5.1422,7.2485
2022-11-09,5.1499,7.2401
2022-11-10,5.3287,7.184
2022-11-11,,
2022-11-12,,
2022-11-13,,
2022-11-14,5.3173,7.071
2022-11-15,5.333,7.044
2022-11-16,5.3542,7.0964
2022-11-17,5.4584,7.1551
2022-11-18,5.3757,7.1192
2022-11-19,5.3757,7.1192
2022-11-20,5.3757,7.1192
2022-11-21,5.3335,7.164
2022-11-22,5.3571,7.1388
2022-11-23,5.3905,7.158
2022-11-24,,
2022-11-25,5.3838,7.1642
2022-11-26,5.3838,7.1642
2022-11-27,5.3838,7.1642
2022-11-28,5.368,7.2074
2022-11-29,5.2945,7.1568
2022-11-30,5.2563,7.0879
2022-12-01,5.1868,7.0424
2022-12-02,5.21,7.019
2022-12-03,5.21,7.019
2022-12-04,5.21,7.019
2022-12-05,5.2611,6.961
2022-12-06,5.2415,6.9935
2022-12-07,5.2187,6.9702
2022-12-08,5.2003,6.9649
2022-12-09,5.2365,6.9559
2022-12-10,5.2365,6.9559
2022-12-11,5.2365,6.9559
2022-12-12,5.3344,6.9773
2022-12-13,5.269,6.943
2022-12-14,5.2997,6.9498
2022-12-15,5.3285,6.9716
2022-12-16,5.2725,6.9708
2022-12-17,5.2725,6.9708
2022-12-18,5.2725,6.9708
2022-12-19,5.3097,6.9772
2022-12-20,5.2006,6.96
2022-12-21,5.1955,6.981
2022-12-22,5.1655,6.9829
2022-12-23,5.1368,6.988
2022-12-24,5.1368,6.988
2022-12-25,5.1368,6.988
2022-12-26,,
2022-12-27,5.279,6.96
2022-12-28,5.2675,6.9774
2022-12-29,5.2547,6.9625
2022-12-30,5.286,6.8972
2022-12-31,5.286,6.8972
2023-01-01,5.286,6.8972
2023-01-02,,
2023-01-03,5.4257,6.9135
2023-01-04,5.443,6.8875
2023-01-05,5.384,6.88
2023-01-06,5.2533,6.837
2023-01-07,5.2533,6.837
2023-01-08,5.2533,6.837
2023-01-09,5.2648,6.77
2023-01-10,5.2159,6.777
2023-01-11,5.195,6.77
2023-01-12,5.112,6.7365
2023-01-13,5.0968,6.701
2023-01-14,5.0968,6.701
2023-01-15,5.0968,6.701
2023-01-16,,
2023-01-17,5.0974,6.7723
2023-01-18,5.1288,6.7534
2023-01-19,5.2233,6.7738
2023-01-20,5.2109,6.7825
2023-01-21,5.2109,6.7825
2023-01-22,5.2109,6.7825
2023-01-23,5.1884,6.7899
2023-01-24,5.1405,6.7899
2023-01-25,5.0902,6.7899
2023-01-26,5.0875,6.7899
2023-01-27,5.0902,6.7899
2023-01-28,5.0902,6.7899
2023-01-29,5.0902,6.7899
2023-01-30,5.1024,6.7501
2023-01-31,5.0934,6.754
2023-02-01,5.0746,6.7406
2023-02-02,5.0138,6.7266
2023-02-03,5.1339,6.7733
2023-02-04,5.1339,6.7733
2023-02-05,5.1339,6.7733
2023-02-06,5.2025,6.7918
2023-02-07,5.1868,6.791
2023-02-08,5.2183,6.789
2023-02-09,5.2528,6.7782
2023-02-10,5.2528,6.8106
2023-02-11,5.2528,6.8106
2023-02-12,5.2528,6.8106
2023-02-13,5.1822,6.8198
2023-02-14,5.1738,6.8255
2023-02-15,5.2172,6.851
2023-02-16,5.2313,6.859
2023-02-17,5.1776,6.8661
2023-02-18,5.1776,6.8661
2023-02-19,5.1776,6.8661
2023-02-20,,
2023-02-21,5.1674,6.87
2023-02-22,5.194,6.8908
2023-02-23,5.1386,6.9075
2023-02-24,5.1865,6.9545
2023-02-25,5.1865,6.9545
2023-02-26,5.1865,6.9545
2023-02-27,5.2031,6.945
2023-02-28,5.2283,6.9325
2023-03-01,5.1965,6.8656
2023-03-02,5.2033,6.9122
2023-03-03,5.2067,6.9048
2023-03-04,5.2067,6.9048
2023-03-05,5.2067,6.9048
2023-03-06,5.168,6.9295
2023-03-07,5.1933,6.9605
2023-03-08,5.1251,6.9496
2023-03-09,5.1542,6.963
2023-03-10,5.1838,6.9025
2023-03-11,5.1838,6.9025
2023-03-12,5.1838,6.9025
2023-03-13,5.2382,6.8455
2023-03-14,5.2565,6.868
2023-03-15,5.3062,6.9005
2023-03-16,5.28,6.8965
2023-03-17,5.2813,6.887
2023-03-18,5.2813,6.887
2023-03-19,5.2813,6.887
2023-03-20,5.2475,6.877
2023-03-21,5.2458,6.883
2023-03-22,5.2594,6.8802
2023-03-23,5.2692,6.8188
2023-03-24,5.2506,6.8675
2023-03-25,5.2506,6.8675
2023-03-26,5.2506,6.8675
2023-03-27,5.234,6.8834
2023-03-28,5.1678,6.8725
2023-03-29,5.1405,6.8862
2023-03-30,5.1203,6.87
2023-03-31,5.0702,6.8676
2023-04-01,5.0702,6.8676
2023-04-02,5.0702,6.8676
2023-04-03,5.0683,6.8776
2023-04-04,5.0919,6.878
2023-04-05,5.038,6.8781
2023-04-06,5.0644,6.875
2023-04-07,5.0565,6.875
2023-04-08,5.0565,6.875
2023-04-09,5.0565,6.875
2023-04-10,5.0832,6.8807
2023-04-11,5.0078,6.8866
2023-04-12,4.937,6.873
2023-04-13,4.902,6.8677
2023-04-14,4.9385,6.869
2023-04-15,4.9385,6.869
2023-04-16,4.9385,6.869
2023-04-17,4.945,6.8786
2023-04-18,4.9735,6.8755
2023-04-19,5.0511,6.8851
2023-04-20,5.0422,6.8725
2023-04-21,5.0486,6.892
2023-04-22,5.0486,6.892
2023-04-23,5.0486,6.892
2023-04-24,5.0554,6.8958
2023-04-25,5.0618,6.932
2023-04-26,5.0487,6.9261
2023-04-27,5.0116,6.922
2023-04-28,5.0049,6.911
2023-04-29,5.0049,6.911
2023-04-30,5.0049,6.911
2023-05-01,4.9889,6.9164
2023-05-02,5.041,6.9164
2023-05-03,5.0133,6.9164
2023-05-04,5.0196,6.9094
2023-05-05,4.9534,6.9101
2023-05-06,4.9534,6.9101
2023-05-07,4.9534,6.9101
2023-05-08,4.9925,6.9125
2023-05-09,4.9838,6.9201
2023-05-10,4.9559,6.9321
2023-05-11,4.958,6.948
2023-05-12,4.925,6.9575
2023-05-13,4.925,6.9575
2023-05-14,4.925,6.9575
2023-05-15,4.9056,6.952
2023-05-16,4.9139,6.9751
2023-05-17,4.9416,6.9981
2023-05-18,4.9641,7.0355
2023-05-19,4.9842,7.006
2023-05-20,4.9842,7.006
2023-05-21,4.9842,7.006
2023-05-22,4.9627,7.0351
2023-05-23,4.9535,7.049
2023-05-24,4.9427,7.0585
2023-05-25,5.0147,7.0775
2023-05-26,5.0035,7.063
2023-05-27,5.0035,7.063
2023-05-28,5.0035,7.063
2023-05-29,,
2023-05-30,5.0614,7.0792
2023-05-31,5.1087,7.11
2023-06-01,5.0201,7.0934
2023-06-02,4.9592,7.0827
2023-06-03,4.9592,7.0827
2023-06-04,4.9592,7.0827
2023-06-05,4.9171,7.105
2023-06-06,4.9108,7.119
2023-06-07,4.9082,7.1287
2023-06-08,4.9235,7.1109
2023-06-09,4.8846,7.1273
2023-06-10,4.8846,7.1273
2023-06-11,4.8846,7.1273
2023-06-12,4.8773,7.1437
2023-06-13,4.8567,7.1585
2023-06-14,4.8424,7.148
2023-06-15,4.8111,7.13
2023-06-16,4.8309,7.125
2023-06-17,4.8309,7.125
2023-06-18,4.8309,7.125
2023-06-19,,
2023-06-20,4.7959,7.1811
2023-06-21,4.764,7.1779
2023-06-22,4.7764,7.1777
2023-06-23,4.7734,7.1777
2023-06-24,4.7734,7.1777
2023-06-25,4.7734,7.1777
2023-06-26,4.77,7.2364
2023-06-27,4.8042,7.2193
2023-06-28,4.8433,7.2436
2023-06-29,4.8491,7.2515
2023-06-30,4.8102,7.2513
2023-07-01,4.8102,7.2513
2023-07-02,4.8102,7.2513
2023-07-03,4.79,7.24
2023-07-04,,
2023-07-05,4.8574,7.2465
2023-07-06,4.925,7.25
2023-07-07,4.8622,7.2205
2023-07-08,4.8622,7.2205
2023-07-09,4.8622,7.2205
2023-07-10,4.8652,7.2315
2023-07-11,4.8823,7.209
2023-07-12,4.8148,7.1656
2023-07-13,4.8131,7.15
2023-07-14,4.7988,7.1403
2023-07-15,4.7988,7.1403
2023-07-16,4.7988,7.1403
2023-07-17,4.8249,7.1711
2023-07-18,4.7985,7.1786
2023-07-19,4.8022,7.226
2023-07-20,4.8074,7.1761
2023-07-21,4.768,7.1861
2023-07-22,4.768,7.1861
2023-07-23,4.768,7.1861
2023-07-24,4.7309,7.1855
2023-07-25,4.7442,7.134
2023-07-26,4.7355,7.1503
2023-07-27,4.7179,7.173
2023-07-28,4.7306,7.1488
2023-07-29,4.7306,7.1488
2023-07-30,4.7306,7.1488
2023-07-31,4.7407,7.1426
2023-08-01,4.7824,7.1775
2023-08-02,4.814,7.192
2023-08-03,4.882,7.1651
2023-08-04,4.8548,7.1709
2023-08-05,4.8548,7.1709
2023-08-06,4.8548,7.1709
2023-08-07,4.8971,7.1895
2023-08-08,4.9083,7.216
2023-08-09,4.902,7.2085
2023-08-10,4.8453,7.2165
2023-08-11,4.8944,7.2367
2023-08-12,4.8944,7.2367
2023-08-13,4.8944,7.2367
2023-08-14,4.9555,7.2585
2023-08-15,4.9753,7.2817
2023-08-16,4.966,7.2985
2023-08-17,4.9836,7.291
2023-08-18,4.9649,7.28
2023-08-19,4.9649,7.28
2023-08-20,4.9649,7.28
2023-08-21,4.9864,7.2865
2023-08-22,4.937,7.293
2023-08-23,4.8789,7.2771
2023-08-24,4.8825,7.2786
2023-08-25,4.8765,7.289
2023-08-26,4.8765,7.289
2023-08-27,4.8765,7.289
2023-08-28,4.8931,7.29
2023-08-29,4.8566,7.2796
2023-08-30,4.8592,7.2839
2023-08-31,4.9324,7.2582
2023-09-01,4.9425,7.2606
2023-09-02,4.9425,7.2606
2023-09-03,4.9425,7.2606
2023-09-04,,
2023-09-05,4.9643,7.3018
2023-09-06,4.969,7.316
2023-09-07,4.9767,7.3287
2023-09-08,4.9762,7.343
2023-09-09,4.9762,7.343
2023-09-10,4.9762,7.343
2023-09-11,4.9346,7.2882
2023-09-12,4.9423,7.2911
2023-09-13,4.9053,7.27
2023-09-14,4.8669,7.277
2023-09-15,4.8674,7.2744
2023-09-16,4.8674,7.2744
2023-09-17,4.8674,7.2744
2023-09-18,4.8469,7.2915
2023-09-19,4.8586,7.2964
2023-09-20,4.8471,7.287
2023-09-21,4.9212,7.3066
2023-09-22,4.9128,7.298
2023-09-23,4.9128,7.298
2023-09-24,4.9128,7.298
2023-09-25,4.9637,7.311
2023-09-26,4.9835,7.31
2023-09-27,5.0565,7.3105
2023-09-28,5.0357,7.301
2023-09-29,5.0021,7.296
2023-09-30,5.0021,7.296
2023-10-01,5.0021,7.296
2023-10-02,5.077,7.296
2023-10-03,5.1348,7.296
2023-10-04,5.1362,7.296
2023-10-05,5.1809,7.296
2023-10-06,5.153,7.296
2023-10-07,5.153,7.296
2023-10-08,5.153,7.296
2023-10-09,,
2023-10-10,5.0668,7.2948
2023-10-11,5.0501,7.2992
2023-10-12,5.0472,7.3019
2023-10-13,5.074,7.3049
2023-10-14,5.074,7.3049
2023-10-15,5.074,7.3049
2023-10-16,5.0571,7.3105
2023-10-17,5.0157,7.3105
2023-10-18,5.0635,7.3161
2023-10-19,5.0435,7.3126
2023-10-20,5.0346,7.3155
2023-10-21,5.0346,7.3155
2023-10-22,5.0346,7.3155
2023-10-23,5.0066,7.3158
2023-10-24,4.9998,7.309
2023-10-25,4.9987,7.3165
2023-10-26,5.0051,7.315
2023-10-27,4.9464,7.3171
2023-10-28,4.9464,7.3171
2023-10-29,4.9464,7.3171
2023-10-30,5.039,7.3133
2023-10-31,5.0433,7.3166
2023-11-01,5.0154,7.3175
2023-11-02,4.9539,7.316
2023-11-03,4.8879,7.3005
2023-11-04,4.8879,7.3005
2023-11-05,4.8879,7.3005
2023-11-06,4.8921,7.2695
2023-11-07,4.8677,7.2788
2023-11-08,4.8905,7.28
2023-11-09,4.9037,7.2835
2023-11-10,,
2023-11-11,,
2023-11-12,,
2023-11-13,4.909,7.289
2023-11-14,4.8658,7.253
2023-11-15,4.86,7.2466
2023-11-16,4.879,7.2416
2023-11-17,4.8964,7.212
2023-11-18,4.8964,7.212
2023-11-19,4.8964,7.212
2023-11-20,4.8652,7.168
2023-11-21,4.8933,7.1352
2023-11-22,4.8885,7.155
2023-11-23,,
2023-11-24,4.899,7.1488
2023-11-25,4.899,7.1488
2023-11-26,4.899,7.1488
2023-11-27,4.9058,7.1528
2023-11-28,4.8614,7.138
2023-11-29,4.8962,7.13
2023-11-30,4.9297,7.136
2023-12-01,4.886,7.1386
2023-12-02,4.886,7.1386
2023-12-03,4.886,7.1386
2023-12-04,4.9293,7.1424
2023-12-05,4.9483,7.1444
2023-12-06,4.8987,7.158
2023-12-07,4.9042,7.1515
2023-12-08,4.9324,7.1645
2023-12-09,4.9324,7.1645
2023-12-10,4.9324,7.1645
2023-12-11,4.9404,7.1765
2023-12-12,4.9635,7.1755
2023-12-13,4.9721,7.1725
2023-12-14,4.8976,7.1088
2023-12-15,4.9391,7.1179
2023-12-16,4.9391,7.1179
2023-12-17,4.9391,7.1179
2023-12-18,4.9363,7.1297
2023-12-19,4.8638,7.1287
2023-12-20,4.8906,7.1355
2023-12-21,4.8742,7.1381
2023-12-22,4.8579,7.1315
2023-12-23,4.8579,7.1315
2023-12-24,4.8579,7.1315
2023-12-25,,
2023-12-26,4.826,7.1432
2023-12-27,4.8321,7.1405
2023-12-28,4.8514,7.1065
2023-12-29,4.8521,7.0999
2023-12-30,4.8521,7.0999
2023-12-31,4.8521,7.0999
2024-01-01,,
2024-01-02,4.8943,7.1426
2024-01-03,4.9239,7.1497
2024-01-04,4.9143,7.1589
2024-01-05,4.8744,7.145
2024-01-06,4.8744,7.145
2024-01-07,4.8744,7.145
2024-01-08,4.8745,7.154
2024-01-09,4.8956,7.1675
2024-01-10,4.8929,7.1711
2024-01-11,4.8838,7.167
2024-01-12,4.8536,7.1665
2024-01-13,4.8536,7.1665
2024-01-14,4.8536,7.1665
2024-01-15,,
2024-01-16,4.9163,7.1874
2024-01-17,4.928,7.196
2024-01-18,4.944,7.1961
2024-01-19,4.928,7.1931
2024-01-20,4.928,7.1931
2024-01-21,4.928,7.1931
2024-01-22,4.9815,7.192
2024-01-23,4.9744,7.172
2024-01-24,4.919,7.158
2024-01-25,4.9272,7.169
2024-01-26,4.9135,7.1763
2024-01-27,4.9135,7.1763
2024-01-28,4.9135,7.1763
2024-01-29,4.9422,7.1798
2024-01-30,4.9627,7.1755
2024-01-31,4.939,7.1673
2024-02-01,4.9195,7.1799
2024-02-02,4.97,7.192
2024-02-03,4.97,7.192
2024-02-04,4.97,7.192
2024-02-05,5.0018,7.1982
2024-02-06,4.9539,7.1908
2024-02-07,4.9628,7.1943
2024-02-08,4.994,7.1965
2024-02-09,4.9678,7.1929
2024-02-10,4.9678,7.1929
2024-02-11,4.9678,7.1929
2024-02-12,4.9536,7.1928
2024-02-13,4.9536,7.1928
2024-02-14,4.9653,7.1928
2024-02-15,4.9739,7.1928
2024-02-16,4.9702,7.1928
2024-02-17,4.9702,7.1928
2024-02-18,4.9702,7.1928
2024-02-19,,
2024-02-20,4.9324,7.1905
2024-02-21,4.9276,7.1891
2024-02-22,4.9408,7.1944
2024-02-23,4.976,7.197
2024-02-24,4.976,7.197
2024-02-25,4.976,7.197
2024-02-26,4.989,7.1972
2024-02-27,4.9423,7.1977
2024-02-28,4.952,7.1976
2024-02-29,4.971,7.1977
2024-03-01,4.9483,7.196
2024-03-02,4.9483,7.196
2024-03-03,4.9483,7.196
2024-03-04,4.9428,7.1987
2024-03-05,4.9565,7.1965
2024-03-06,4.9351,7.1977
2024-03-07,4.9319,7.1925
2024-03-08,4.9766,7.1855
2024-03-09,4.9766,7.1855
2024-03-10,4.9766,7.1855
2024-03-11,4.9678,7.182
2024-03-12,4.982,7.1804
2024-03-13,4.9763,7.1875
2024-03-14,4.9812,7.1932
2024-03-15,4.9948,7.1953
2024-03-16,4.9948,7.1953
2024-03-17,4.9948,7.1953
2024-03-18,5.0194,7.1981
2024-03-19,5.0214,7.1991
2024-03-20,5.0041,7.1992
2024-03-21,4.9785,7.1993
2024-03-22,4.9872,7.2289
2024-03-23,4.9872,7.2289
2024-03-24,4.9872,7.2289
2024-03-25,4.9859,7.2102
2024-03-26,4.991,7.2176
2024-03-27,4.9756,7.227
2024-03-28,5.0042,7.2262
2024-03-29,5.0153,7.2203
2024-03-30,5.0153,7.2203
2024-03-31,5.0153,7.2203
2024-04-01,5.067,7.2308
2024-04-02,5.0528,7.232
2024-04-03,5.0621,7.233
2024-04-04,5.0086,7.2339
2024-04-05,5.0638,7.2339
2024-04-06,5.0638,7.2339
2024-04-07,5.0638,7.2339
2024-04-08,5.0292,7.2305
2024-04-09,5.0049,7.2316
2024-04-10,5.0736,7.2341
2024-04-11,5.0763,7.2373
2024-04-12,5.1374,7.2374
2024-04-13,5.1374,7.2374
2024-04-14,5.1374,7.2374
2024-04-15,5.1791,7.2382
2024-04-16,5.2679,7.2383
2024-04-17,5.2401,7.2389
2024-04-18,5.2567,7.2382
2024-04-19,5.2103,7.2403
2024-04-20,5.2103,7.2403
2024-04-21,5.2103,7.2403
2024-04-22,5.209,7.2403
2024-04-23,5.1919,7.2445
2024-04-24,5.157,7.246
2024-04-25,5.1643,7.246
2024-04-26,5.1143,7.2464
2024-04-27,5.1143,7.2464
2024-04-28,5.1143,7.2464
2024-04-29,5.1169,7.2318
2024-04-30,5.1764,7.2401
2024-05-01,5.1936,7.2405
2024-05-02,5.1131,7.2405
2024-05-03,5.072,7.2405
2024-05-04,5.072,7.2405
2024-05-05,5.072,7.2405
2024-05-06,5.0648,7.2071
2024-05-07,5.0656,7.2185
2024-05-08,5.0645,7.2185
2024-05-09,5.1568,7.2198
2024-05-10,5.1545,7.226
2024-05-11,5.1545,7.226
2024-05-12,5.1545,7.226
2024-05-13,5.1605,7.2325
2024-05-14,5.1348,7.2335
2024-05-15,5.1298,7.219
2024-05-16,5.1277,7.2181
2024-05-17,5.1155,7.2233
2024-05-18,5.1155,7.2233
2024-05-19,5.1155,7.2233
2024-05-20,5.097,7.2344
2024-05-21,5.1123,7.2376
2024-05-22,5.146,7.2405
2024-05-23,5.15,7.2421
2024-05-24,5.1491,7.2425
2024-05-25,5.1491,7.2425
2024-05-26,5.1491,7.2425
2024-05-27,,
2024-05-28,5.1541,7.2451
2024-05-29,5.203,7.2494
2024-05-30,5.2034,7.2493
2024-05-31,5.2413,7.241
2024-06-01,5.2413,7.241
2024-06-02,5.2413,7.241
2024-06-03,5.2345,7.242
2024-06-04,5.2887,7.2393
2024-06-05,5.2824,7.2475
2024-06-06,5.2549,7.2451
2024-06-07,5.2731,7.2466
2024-06-08,5.2731,7.2466
2024-06-09,5.2731,7.2466
2024-06-10,5.3645,7.2475
2024-06-11,5.3529,7.2544
2024-06-12,5.392,7.2544
2024-06-13,5.3777,7.2519
2024-06-14,5.3559,7.2557
2024-06-15,5.3559,7.2557
2024-06-16,5.3559,7.2557
2024-06-17,5.4173,7.2561
2024-06-18,5.4054,7.2543
2024-06-19,,
2024-06-20,5.4471,7.2604
2024-06-21,5.4539,7.2609
2024-06-22,5.4539,7.2609
2024-06-23,5.4539,7.2609
2024-06-24,5.4025,7.2586
2024-06-25,5.4358,7.2629
2024-06-26,5.5081,7.2666
2024-06-27,5.5295,7.2688
2024-06-28,5.5596,7.2672
2024-06-29,5.5596,7.2672
2024-06-30,5.5596,7.2672
2024-07-01,5.5887,7.2683
2024-07-02,5.6768,7.2712
2024-07-03,5.5724,7.2699
2024-07-04,,
2024-07-05,5.4802,7.268
2024-07-06,5.4802,7.268
2024-07-07,5.4802,7.268
2024-07-08,5.4587,7.2683
2024-07-09,5.4316,7.2725
2024-07-10,5.403,7.2758
2024-07-11,5.4265,7.2573
2024-07-12,5.4559,7.2495
2024-07-13,5.4559,7.2495
2024-07-14,5.4559,7.2495
2024-07-15,5.4383,7.2592
2024-07-16,5.4566,7.2685
2024-07-17,5.4769,7.2607
2024-07-18,5.5395,7.26
2024-07-19,5.5569,7.2695
2024-07-20,5.5569,7.2695
2024-07-21,5.5569,7.2695
2024-07-22,5.5485,7.2736
2024-07-23,5.5685,7.2748
2024-07-24,5.6352,7.2622
2024-07-25,5.6254,7.231
2024-07-26,5.6551,7.2502
2024-07-27,5.6551,7.2502
2024-07-28,5.6551,7.2502
2024-07-29,5.6514,7.2597
2024-07-30,5.6543,7.2511
2024-07-31,5.6628,7.2193
2024-08-01,5.6935,7.2441
2024-08-02,5.7359,7.16
2024-08-03,5.7359,7.16
2024-08-04,5.7359,7.16
2024-08-05,5.7496,7.13
2024-08-06,5.6409,7.1563
2024-08-07,5.6,7.176
2024-08-08,5.6012,7.1747
2024-08-09,5.5099,7.166
2024-08-10,5.5099,7.166
2024-08-11,5.5099,7.166
2024-08-12,5.5058,7.1744
2024-08-13,5.4867,7.1558
2024-08-14,5.4577,7.1382
2024-08-15,5.461,7.1734
2024-08-16,5.4751,7.1644
2024-08-17,5.4751,7.1644
2024-08-18,5.4751,7.1644
2024-08-19,5.4048,7.1393
2024-08-20,5.4727,7.132
2024-08-21,5.4737,7.1344
2024-08-22,5.5675,7.144
2024-08-23,5.5102,7.1244
2024-08-24,5.5102,7.1244
2024-08-25,5.5102,7.1244
2024-08-26,5.498,7.1212
2024-08-27,5.5043,7.1244
2024-08-28,5.5351,7.1245
2024-08-29,5.6355,7.0972
2024-08-30,5.6193,7.09
2024-08-31,5.6193,7.09
2024-09-01,5.6193,7.09
2024-09-02,,
2024-09-03,5.649,7.1209
2024-09-04,5.6403,7.1119
2024-09-05,5.5924,7.0921
2024-09-06,5.5884,7.0876
2024-09-07,5.5884,7.0876
2024-09-08,5.5884,7.0876
2024-09-09,5.6042,7.1133
2024-09-10,5.6483,7.1205
2024-09-11,5.6481,7.1192
2024-09-12,5.6499,7.1173
2024-09-13,5.5495,7.093
2024-09-14,5.5495,7.093
2024-09-15,5.5495,7.093
2024-09-16,5.5104,7.0958
2024-09-17,5.5013,7.0958
2024-09-18,5.4825,7.0812
2024-09-19,5.4048,7.0675
2024-09-20,5.4895,7.0505
2024-09-21,5.4895,7.0505
2024-09-22,5.4895,7.0505
2024-09-23,5.5353,7.0508
2024-09-24,5.466,7.0318
2024-09-25,5.4809,7.0315
2024-09-26,5.4332,7.0106
2024-09-27,5.4318,7.0111
2024-09-28,5.4318,7.0111
2024-09-29,5.4318,7.0111
2024-09-30,5.4509,7.0176
2024-10-01,5.4451,7.0175
2024-10-02,5.4363,7.0175
2024-10-03,5.4916,7.0175
2024-10-04,5.4585,7.0175
2024-10-05,5.4585,7.0175
2024-10-06,5.4585,7.0175
2024-10-07,5.4859,7.0175
2024-10-08,5.5297,7.0595
2024-10-09,5.5823,7.0818
2024-10-10,5.5824,7.0794
2024-10-11,5.6346,7.0667
2024-10-12,5.6346,7.0667
2024-10-13,5.6346,7.0667
2024-10-14,,
2024-10-15,5.6446,7.1192
2024-10-16,5.6602,7.1192
2024-10-17,5.6764,7.1216
2024-10-18,5.6787,7.1015
2024-10-19,5.6787,7.1015
2024-10-20,5.6787,7.1015
2024-10-21,5.7026,7.1189
2024-10-22,5.6914,7.123
2024-10-23,5.7045,7.1252
2024-10-24,5.7068,7.119
2024-10-25,5.7018,7.1199
2024-10-26,5.7018,7.1199
2024-10-27,5.7018,7.1199
2024-10-28,5.7063,7.1254
2024-10-29,5.7248,7.1301
2024-10-30,5.778,7.1229
2024-10-31,5.7887,7.1178
2024-11-01,5.8292,7.1214
2024-11-02,5.8292,7.1214
2024-11-03,5.8292,7.1214
2024-11-04,5.7707,7.0995
2024-11-05,5.772,7.1047
2024-11-06,5.7043,7.1782
2024-11-07,5.7028,7.1412
2024-11-08,5.7813,7.1785
2024-11-09,5.7813,7.1785
2024-11-10,5.7813,7.1785
2024-11-11,,
2024-11-12,5.7779,7.232
2024-11-13,5.8127,7.2245
2024-11-14,5.7771,7.2272
2024-11-15,5.7947,7.2288
2024-11-16,5.7947,7.2288
2024-11-17,5.7947,7.2288
2024-11-18,5.7453,7.2364
2024-11-19,5.7645,7.2392
2024-11-20,5.7726,7.2459
2024-11-21,5.8279,7.2368
2024-11-22,5.804,7.2455
2024-11-23,5.804,7.2455
2024-11-24,5.804,7.2455
2024-11-25,5.8115,7.2395
2024-11-26,5.8089,7.252
2024-11-27,5.8721,7.2458
2024-11-28,,
2024-11-29,5.9956,7.2423
2024-11-30,5.9956,7.2423
2024-12-01,5.9956,7.2423
2024-12-02,6.0741,7.2714
2024-12-03,6.065,7.2858
2024-12-04,6.033,7.2632
2024-12-05,5.9745,7.2558
2024-12-06,6.0739,7.27
2024-12-07,6.0739,7.27
2024-12-08,6.0739,7.27
2024-12-09,6.0648,7.2604
2024-12-10,6.0549,7.25
2024-12-11,6.009,7.2605
2024-12-12,6.0097,7.2685
2024-12-13,6.0645,7.2756
2024-12-14,6.0645,7.2756
2024-12-15,6.0645,7.2756
2024-12-16,6.0579,7.2836
2024-12-17,6.1122,7.2846
2024-12-18,6.1906,7.2864
2024-12-19,6.1414,7.2965
2024-12-20,6.0815,7.2953
2024-12-21,6.0815,7.2953
2024-12-22,6.0815,7.2953
2024-12-23,6.1784,7.2977
2024-12-24,6.1906,7.2946
2024-12-25,,
2024-12-26,6.157,7.2981
2024-12-27,6.2021,7.298
2024-12-28,6.2021,7.298
2024-12-29,6.2021,7.298
2024-12-30,6.2013,7.2993
2024-12-31,6.184,7.2993
2025-01-01,,
2025-01-02,6.1556,7.2994
2025-01-03,6.1759,7.3199
2025-01-04,6.1759,7.3199
2025-01-05,6.1759,7.3199
2025-01-06,6.1086,7.3223
2025-01-07,6.0641,7.3264
2025-01-08,6.128,7.3316
2025-01-09,6.0691,7.3321
2025-01-10,6.1123,7.3326
2025-01-11,6.1123,7.3326
2025-01-12,6.1123,7.3326
2025-01-13,6.1089,7.3319
2025-01-14,6.0506,7.3311
2025-01-15,6.0466,7.3304
2025-01-16,6.0448,7.3316
2025-01-17,6.0368,7.3249
2025-01-18,6.0368,7.3249
2025-01-19,6.0368,7.3249
2025-01-20,,
2025-01-21,6.0275,7.2712
2025-01-22,5.9234,7.2728
2025-01-23,5.906,7.288
2025-01-24,5.8811,7.244
2025-01-25,5.8811,7.244
2025-01-26,5.8811,7.244
2025-01-27,5.9156,7.2507
2025-01-28,5.8596,7.2422
2025-01-29,5.881,7.2422
2025-01-30,5.896,7.2422
2025-01-31,5.837,7.2422
2025-02-01,5.837,7.2422
2025-02-02,5.837,7.2422
2025-02-03,5.8322,7.2422
2025-02-04,5.7598,7.2422
2025-02-05,5.7986,7.272
2025-02-06,5.7735,7.2883
2025-02-07,5.7849,7.2943
2025-02-08,5.7849,7.2943
2025-02-09,5.7849,7.2943
2025-02-10,5.7754,7.3045
2025-02-11,5.7621,7.3072
2025-02-12,5.76,7.3088
2025-02-13,5.7623,7.2888
2025-02-14,5.7152,7.253
2025-02-15,5.7152,7.253
2025-02-16,5.7152,7.253
2025-02-17,,
2025-02-18,5.688,7.2786
2025-02-19,5.7143,7.2833
2025-02-20,5.697,7.2555
2025-02-21,5.6976,7.2501
2025-02-22,5.6976,7.2501
2025-02-23,5.6976,7.2501
2025-02-24,5.7325,7.2476
2025-02-25,5.7677,7.2512
2025-02-26,5.78,7.2595
2025-02-27,5.8282,7.2853
2025-02-28,5.8835,7.2828
2025-03-01,5.8835,7.2828
2025-03-02,5.8835,7.2828
2025-03-03,5.8852,7.2843
2025-03-04,5.8872,7.2651
2025-03-05,5.8077,7.2506
2025-03-06,5.7785,7.2468
2025-03-07,5.7872,7.234
2025-03-08,5.7872,7.234
2025-03-09,5.7872,7.234
2025-03-10,5.7964,7.2591
2025-03-11,5.8247,7.2278
2025-03-12,5.8208,7.2372
2025-03-13,5.8032,7.2439
2025-03-14,5.7299,7.2377
2025-03-15,5.7299,7.2377
2025-03-16,5.7299,7.2377
2025-03-17,5.6874,7.2327
2025-03-18,5.6714,7.2273
2025-03-19,5.6494,7.23
2025-03-20,5.673,7.2477
2025-03-21,5.7242,7.2486
2025-03-22,5.7242,7.2486
2025-03-23,5.7242,7.2486
2025-03-24,5.7295,7.2531
2025-03-25,5.6837,7.2569
2025-03-26,5.7386,7.2675
2025-03-27,5.7339,7.2645
2025-03-28,5.7672,7.2628
2025-03-29,5.7672,7.2628
2025-03-30,5.7672,7.2628
2025-03-31,5.7405,7.2567
2025-04-01,5.6874,7.2697
2025-04-02,5.7004,7.2675
2025-04-03,5.6022,7.2813
2025-04-04,5.8039,7.2803
2025-04-05,5.8039,7.2803
2025-04-06,5.8039,7.2803
2025-04-07,5.9242,7.3081
2025-04-08,5.9878,7.3388
2025-04-09,6.0542,7.3499
2025-04-10,5.9429,7.314
2025-04-11,5.8781,7.2915
2025-04-12,5.8781,7.2915
2025-04-13,5.8781,7.2915
2025-04-14,5.8649,7.3119
2025-04-15,5.8809,7.315
2025-04-16,5.861,7.3053
2025-04-17,5.8308,7.299
2025-04-18,5.8067,7.2996
2025-04-19,5.8067,7.2996
2025-04-20,5.8067,7.2996
2025-04-21,5.8067,7.2914
2025-04-22,5.7392,7.3118
2025-04-23,5.6969,7.286
2025-04-24,5.6709,7.2879
2025-04-25,5.681,7.2864
2025-04-26,5.681,7.2864
2025-04-27,5.681,7.2864
2025-04-28,5.6777,7.2942
2025-04-29,5.633,7.269
2025-04-30,5.6612,7.2706
2025-05-01,5.6729,7.2706
2025-05-02,5.6485,7.2706
2025-05-03,5.6485,7.2706
2025-05-04,5.6485,7.2706
2025-05-05,5.6663,7.2706
2025-05-06,5.7206,7.2164
2025-05-07,5.7438,7.225
2025-05-08,5.6798,7.234
2025-05-09,5.6435,7.2364
2025-05-10,5.6435,7.2364
2025-05-11,5.6435,7.2364
2025-05-12,5.6843,7.2018
2025-05-13,5.6023,7.2057
2025-05-14,5.6131,7.208
2025-05-15,5.637,7.2067
2025-05-16,5.6775,7.209
2025-05-17,5.6775,7.209
2025-05-18,5.6775,7.209
2025-05-19,5.6424,7.2144
2025-05-20,5.6687,7.2194
2025-05-21,5.6591,7.2019
2025-05-22,5.6205,7.2037
2025-05-23,5.6887,7.1798
2025-05-24,5.6887,7.1798
2025-05-25,5.6887,7.1798
2025-05-26,,
2025-05-27,5.6518,7.195
2025-05-28,5.7053,7.1941
2025-05-29,5.6505,7.1855
2025-05-30,5.7184,7.1991
2025-05-31,5.7184,7.1991
2025-06-01,5.7184,7.1991
2025-06-02,5.7061,7.1975
2025-06-03,5.6444,7.1872
2025-06-04,5.6396,7.1844
2025-06-05,5.5911,7.175
2025-06-06,5.598,7.1886
2025-06-07,5.598,7.1886
2025-06-08,5.598,7.1886
2025-06-09,5.5755,7.1802
2025-06-10,5.5646,7.187
2025-06-11,5.5288,7.1928
2025-06-12,5.5456,7.1726
2025-06-13,5.545,7.181
2025-06-14,5.545,7.181
2025-06-15,5.545,7.181
2025-06-16,5.5165,7.179
2025-06-17,5.4772,7.1845
2025-06-18,5.4921,7.1888
2025-06-19,,
2025-06-20,5.5035,7.1785
2025-06-21,5.5035,7.1785
2025-06-22,5.5035,7.1785
2025-06-23,5.5163,7.179
2025-06-24,5.4985,7.1713
2025-06-25,5.5589,7.1764
2025-06-26,5.5043,7.1675
2025-06-27,5.4801,7.1721
2025-06-28,5.4801,7.1721
2025-06-29,5.4801,7.1721
2025-06-30,5.4294,7.1636
2025-07-01,5.4589,7.1647
2025-07-02,5.4286,7.1649
2025-07-03,5.4178,7.1684
2025-07-04,,
2025-07-05,,
2025-07-06,,
2025-07-07,5.4638,7.1744
2025-07-08,5.46,7.1738
2025-07-09,5.4552,7.18
2025-07-10,5.5355,7.1748
2025-07-11,5.5723,7.1681
2025-07-12,5.5723,7.1681
2025-07-13,5.5723,7.1681
2025-07-14,5.5748,7.167
2025-07-15,5.5661,7.1729
2025-07-16,5.565,7.1791
2025-07-17,5.5644,7.1832
2025-07-18,5.5628,7.1776
2025-07-19,5.5628,7.1776
2025-07-20,5.5628,7.1776
2025-07-21,5.5512,7.176
2025-07-22,5.5543,7.1748
2025-07-23,5.5456,7.1599
2025-07-24,5.5209,7.1541
2025-07-25,5.5669,7.1679
2025-07-26,5.5669,7.1679
2025-07-27,5.5669,7.1679
2025-07-28,5.5936,7.1778
2025-07-29,5.5687,7.1769
2025-07-30,5.6193,7.1934
2025-07-31,5.5848,7.2002
2025-08-01,5.5422,7.2116
2025-08-02,5.5422,7.2116
2025-08-03,5.5422,7.2116
2025-08-04,5.5151,7.178
2025-08-05,5.5062,7.1835
2025-08-06,5.4757,7.1822
2025-08-07,5.4548,7.1806
2025-08-08,5.4208,7.1839
2025-08-09,5.4208,7.1839
2025-08-10,5.4208,7.1839
2025-08-11,5.4414,7.1884
2025-08-12,5.3915,7.1785
2025-08-13,5.4049,7.1744
2025-08-14,5.4137,7.1795
2025-08-15,5.3964,7.1817
2025-08-16,5.3964,7.1817
2025-08-17,5.3964,7.1817
2025-08-18,5.4206,7.1847
2025-08-19,5.4764,7.1819
2025-08-20,5.4742,7.1757
2025-08-21,5.4868,7.1793
2025-08-22,5.4196,7.1651
2025-08-23,5.4196,7.1651
2025-08-24,5.4196,7.1651
2025-08-25,5.4086,7.151
2025-08-26,5.4335,7.152
2025-08-27,5.4332,7.1536
2025-08-28,5.4093,7.1306
2025-08-29,5.4299,7.1304
2025-08-30,5.4299,7.1304
2025-08-31,5.4299,7.1304
2025-09-01,,
2025-09-02,5.4633,7.139
2025-09-03,5.4571,7.1415
2025-09-04,5.4641,7.1414
2025-09-05,5.3983,7.1323
2025-09-06,5.3983,7.1323
2025-09-07,5.3983,7.1323
2025-09-08,5.4275,7.1293
2025-09-09,5.428,7.1209
2025-09-10,5.4089,7.1207
2025-09-11,5.3828,7.1184
2025-09-12,5.3541,7.1242
2025-09-13,5.3541,7.1242
2025-09-14,5.3541,7.1242
2025-09-15,5.3088,7.1186
2025-09-16,5.3006,7.1142
2025-09-17,5.3069,7.1033
2025-09-18,5.302,7.1125
2025-09-19,5.3257,7.1142
2025-09-20,5.3257,7.1142
2025-09-21,5.3257,7.1142
2025-09-22,5.3505,7.114
2025-09-23,5.289,7.1116
2025-09-24,5.318,7.1315
2025-09-25,5.3435,7.1338
2025-09-26,5.3413,7.1328
2025-09-27,5.3413,7.1328
2025-09-28,5.3413,7.1328
2025-09-29,5.3254,7.1194
2025-09-30,5.3269,7.119
2025-10-01,5.3343,7.12
2025-10-02,5.3658,7.12
2025-10-03,5.3492,7.12
2025-10-04,5.3492,7.12
2025-10-05,5.3492,7.12
2025-10-06,5.315,7.12
2025-10-07,5.342,7.12
2025-10-08,5.345,7.12
2025-10-09,5.3639,7.1275
2025-10-10,5.4845,7.134
2025-10-11,5.4845,7.134
2025-10-12,5.4845,7.134
2025-10-13,,
2025-10-14,5.4795,7.1384
2025-10-15,5.4426,7.1262
2025-10-16,5.4348,7.123
2025-10-17,5.4178,7.1264
2025-10-18,5.4178,7.1264
2025-10-19,5.4178,7.1264
2025-10-20,5.3708,7.1195
2025-10-21,5.3722,7.1218
2025-10-22,5.3919,7.1257
2025-10-23,5.3837,7.1221
2025-10-24,5.3822,7.1211
2025-10-25,5.3822,7.1211
2025-10-26,5.3822,7.1211
2025-10-27,5.3763,7.1102
2025-10-28,5.3629,7.0988
2025-10-29,5.3452,7.098
2025-10-30,5.384,7.1097
2025-10-31,5.3858,7.1169
2025-11-01,5.3858,7.1169
2025-11-02,5.3858,7.1169
2025-11-03,5.3608,7.1222
2025-11-04,5.384,7.1295
2025-11-05,5.3578,7.126
2025-11-06,5.358,7.1195
2025-11-07,5.3432,7.1219
2025-11-08,5.3432,7.1219
2025-11-09,5.3432,7.1219
2025-11-10,5.3184,7.1193
2025-11-11,,
2025-11-12,5.2955,7.112
2025-11-13,5.2858,7.095
2025-11-14,5.2865,7.0992
2025-11-15,5.2865,7.0992
2025-11-16,5.2865,7.0992
2025-11-17,5.3066,7.1075
2025-11-18,5.3203,7.1074
2025-11-19,5.3366,7.1106
2025-11-20,5.3297,7.1098
2025-11-21,5.389,7.1066
2025-11-22,5.389,7.1066
2025-11-23,5.389,7.1066
2025-11-24,5.395,7.102
2025-11-25,5.39,7.0845
2025-11-26,5.3496,7.0758
2025-11-27,,
2025-11-28,5.3399,7.0751
2025-11-29,5.3399,7.0751
2025-11-30,5.3399,7.0751
2025-12-01,5.3543,7.0717
2025-12-02,5.3424,7.07
2025-12-03,5.3115,7.0636
2025-12-04,5.3018,7.0714
2025-12-05,5.4108,7.0696
2025-12-06,5.4108,7.0696
2025-12-07,5.4108,7.0696
2025-12-08,5.4431,7.071
2025-12-09,5.4359,7.0633
2025-12-10,5.4728,7.064
2025-12-11,5.4037,7.0579
2025-12-12,5.4072,7.0548
2025-12-13,5.4072,7.0548
2025-12-14,5.4072,7.0548
2025-12-15,5.4063,7.047
2025-12-16,5.4603,7.0417
2025-12-17,5.5234,7.0431
2025-12-18,5.5162,7.0404
2025-12-19,5.5107,7.0409
2025-12-20,5.5107,7.0409
2025-12-21,5.5107,7.0409
2025-12-22,5.5747,7.0367
2025-12-23,5.5384,7.028
2025-12-24,5.52,7.0142
2025-12-25,,
2025-12-26,5.5384,7.0063
2025-12-27,5.5384,7.0063
2025-12-28,5.5384,7.0063
2025-12-29,5.5789,7.0056
2025-12-30,5.4978,6.9961
2025-12-31,5.477,6.9931
2026-01-01,,
2026-01-02,5.4224,6.9877
2026-01-03,5.4224,6.9877
2026-01-04,5.4224,6.9877
2026-01-05,5.409,6.988
2026-01-06,5.3702,6.9834
2026-01-07,5.3898,6.9965
2026-01-08,5.3849,6.9835
2026-01-09,5.3543,6.9772
2026-01-10,5.3543,6.9772
2026-01-11,5.3543,6.9772
2026-01-12,5.368,6.9731
2026-01-13,5.3843,6.9775
2026-01-14,5.3796,6.973
2026-01-15,5.3629,6.966
2026-01-16,5.3719,6.9681
2026-01-17,5.3719,6.9681
2026-01-18,5.3719,6.9681
2026-01-19,,
2026-01-20,5.3618,6.9599
2026-01-21,5.3235,6.9637
2026-01-22,5.2965,6.97
2026-01-23,5.2951,6.9631
2026-01-24,5.2951,6.9631
2026-01-25,5.2951,6.9631
2026-01-26,5.2734,6.9542
2026-01-27,5.213,6.9545
2026-01-28,5.2114,6.9462
2026-01-29,5.2145,6.948
2026-01-30,5.2459,6.951
2026-01-31,5.2459,6.951
2026-02-01,5.2459,6.951
2026-02-02,5.2595,6.9463
2026-02-03,5.2238,6.9377
2026-02-04,5.2466,6.9415
2026-02-05,5.2612,6.9378
2026-02-06,5.2183,6.9388
2026-02-07,5.2183,6.9388
2026-02-08,5.2183,6.9388
2026-02-09,5.1906,6.92
2026-02-10,5.1993,6.9106
2026-02-11,5.1756,6.9125
2026-02-12,5.1967,6.901
2026-02-13,5.2297,6.908
2026-02-14,5.2297,6.908
2026-02-15,5.2297,6.908
2026-02-16,,
2026-02-17,5.2228,6.9031
2026-02-18,5.215,6.9031
2026-02-19,5.2244,6.9031
2026-02-20,5.186,6.9031
2026-02-21,5.186,6.9031
2026-02-22,5.186,6.9031
2026-02-23,5.154,6.9031
2026-02-24,5.1471,6.883
2026-02-25,5.1374,6.8692
2026-02-26,5.1524,6.8409
2026-02-27,5.1369,6.8579
2026-02-28,5.1369,6.8579
2026-03-01,5.1369,6.8579
2026-03-02,5.1901,6.8821
2026-03-03,5.2732,6.8996
2026-03-04,5.2125,6.8969
2026-03-05,5.2585,6.8912
2026-03-06,5.2698,6.8965
2026-03-07,5.2698,6.8965
2026-03-08,5.2698,6.8965
2026-03-09,5.2099,6.9066
2026-03-10,5.1405,6.8766
2026-03-11,5.157,6.8655
2026-03-12,5.214,6.8689
2026-03-13,5.2914,6.8961
2026-03-14,5.2914,6.8961
2026-03-15,5.2914,6.8961
2026-03-16,5.2661,6.8955
2026-03-17,5.1971,6.8863
2026-03-18,5.2013,6.8726
2026-03-19,5.2449,6.8998
2026-03-20,5.2896,6.8857
2026-03-21,5.2896,6.8857
2026-03-22,5.2896,6.8857
2026-03-23,5.246,6.8807
2026-03-24,5.2617,6.8918
2026-03-25,5.2195,6.9011
2026-03-26,5.2296,6.9107
2026-03-27,5.2312,6.9116
2026-03-28,5.2312,6.9116
2026-03-29,5.2312,6.9116
2026-03-30,5.2367,6.9119
2026-03-31,5.2115,6.898
2026-04-01,5.151,6.872
2026-04-02,5.1597,6.8856
2026-04-03,5.1568,6.8824
2026-04-04,5.1568,6.8824
2026-04-05,5.1568,6.8824
2026-04-06,5.1525,6.8778
2026-04-07,5.1598,6.8567
2026-04-08,5.0935,6.8287
2026-04-09,5.0704,6.8314
2026-04-10,5.0254,6.8278
2026-04-11,5.0254,6.8278
2026-04-12,5.0254,6.8278
2026-04-13,5.0219,6.8303
2026-04-14,4.9867,6.8157
2026-04-15,4.9974,6.818
2026-04-16,5.0012,6.8208
2026-04-17,4.981,6.817
2026-04-18,4.981,6.817
2026-04-19,4.981,6.817
2026-04-20,4.9825,6.8172
2026-04-21,4.9535,6.8208
2026-04-22,4.9671,6.8275
2026-04-23,4.9536,6.826
2026-04-24,4.9997,6.8359
2026-04-25,4.9997,6.8359
2026-04-26,4.9997,6.8359
2026-04-27,4.9691,6.8228
2026-04-28,4.9864,6.8374
2026-04-29,4.9984,6.8375
2026-04-30,4.9792,6.8273
2026-05-01,4.955,6.8276
