Date,precip_mm,tmean_c,tmax_c,tmin_c,rh_pct,srad,region,crop_stress_score
2026-05-29,0.0,12.69,17.92,9.46,84.24,9.22,ar_pampa,0.0
2026-05-30,0.0,11.4,17.39,7.36,81.61,8.95,ar_pampa,0.0
2026-05-31,0.0,11.91,18.11,6.01,85.78,8.78,ar_pampa,0.0
2026-06-01,0.0,12.9,17.56,9.05,82.98,5.56,ar_pampa,0.0
2026-06-02,0.0,11.05,16.75,8.39,83.53,6.1,ar_pampa,0.0
2026-06-03,1.11,12.6,17.34,7.67,87.44,6.76,ar_pampa,0.0
2026-06-04,0.22,15.93,21.44,13.4,87.71,6.91,ar_pampa,0.0
2026-06-05,0.51,17.65,23.9,12.68,77.39,5.09,ar_pampa,0.0
2026-06-06,0.59,16.08,21.27,12.06,84.93,6.35,ar_pampa,0.0
2026-06-07,11.06,13.3,15.66,10.88,94.87,3.14,ar_pampa,0.0
2026-06-08,6.56,10.93,12.69,8.16,92.46,3.96,ar_pampa,0.0
2026-06-09,0.04,11.53,16.36,8.26,86.41,4.25,ar_pampa,0.0
2026-06-10,0.0,12.17,15.37,10.48,91.3,3.61,ar_pampa,0.0
2026-06-11,0.0,11.38,17.72,6.8,73.71,10.62,ar_pampa,0.0
2026-06-12,0.0,10.75,17.9,5.12,84.18,10.23,ar_pampa,0.0
2026-06-13,0.45,10.15,16.81,5.66,85.06,2.37,ar_pampa,0.0
2026-06-14,0.0,4.93,10.85,0.12,67.16,11.88,ar_pampa,0.0
2026-06-15,0.0,7.35,15.74,1.49,77.06,10.56,ar_pampa,0.0
2026-06-16,0.0,10.91,19.88,6.0,80.77,11.02,ar_pampa,0.0
2026-06-17,0.0,8.14,12.7,2.86,86.52,10.44,ar_pampa,0.0
2026-06-18,16.08,9.04,10.72,7.68,95.73,1.51,ar_pampa,0.0
2026-06-19,0.06,8.81,15.58,3.24,68.44,11.89,ar_pampa,0.0
2026-06-20,0.0,7.79,15.98,1.26,69.39,7.79,ar_pampa,0.0
2026-06-21,0.0,9.61,16.32,4.41,73.7,7.33,ar_pampa,0.0
2026-06-22,0.0,6.95,12.72,2.57,71.68,10.5,ar_pampa,0.0
2026-06-23,0.0,5.63,13.84,0.08,76.52,11.02,ar_pampa,0.0
2026-06-24,0.0,5.37,11.83,0.64,77.99,4.36,ar_pampa,0.0
2026-06-25,0.0,6.59,13.84,1.78,77.73,11.73,ar_pampa,0.0
2026-06-26,0.0,7.52,16.81,1.43,83.82,11.17,ar_pampa,0.0
2026-06-27,0.09,9.33,17.54,3.42,76.35,10.62,ar_pampa,0.0
2026-06-28,0.7,8.18,14.96,4.05,78.41,10.99,ar_pampa,0.0
2026-06-29,0.05,7.1,14.71,3.08,70.31,9.13,ar_pampa,0.0
2026-06-30,0.0,6.63,14.65,0.35,69.14,11.3,ar_pampa,0.0
2026-07-01,0.0,7.1,13.95,2.08,80.56,5.05,ar_pampa,0.0
2026-07-02,0.0,2.92,9.02,-1.23,72.37,11.3,ar_pampa,0.0
2026-07-03,0.0,1.79,8.78,-3.39,74.97,11.28,ar_pampa,0.0
2026-07-04,0.0,3.44,10.78,-2.32,70.68,4.58,ar_pampa,0.0
2026-07-05,2.67,4.31,10.53,0.38,86.7,7.84,ar_pampa,0.0
2026-07-06,0.18,4.89,13.86,-1.43,73.66,11.5,ar_pampa,0.0
2026-07-07,0.0,7.15,17.23,-0.58,72.16,9.28,ar_pampa,0.0
2026-07-08,0.0,9.91,18.18,3.41,79.73,8.12,ar_pampa,0.0
2026-07-09,0.0,11.55,18.06,7.33,82.85,10.99,ar_pampa,0.0
2026-07-10,0.02,9.66,15.05,6.9,88.58,8.09,ar_pampa,0.0
2026-07-11,0.07,9.11,13.87,5.47,83.7,7.7,ar_pampa,0.0
2026-07-12,0.0,7.82,13.58,4.1,80.86,9.96,ar_pampa,0.0
2026-07-13,0.0,8.56,15.86,2.84,80.92,10.11,ar_pampa,0.0
2026-07-14,0.0,10.98,18.38,6.22,79.01,8.37,ar_pampa,0.0
2026-07-15,0.0,14.32,18.7,10.41,78.45,5.83,ar_pampa,0.0
2026-07-16,0.01,17.99,23.55,12.49,88.64,11.15,ar_pampa,0.0
2026-07-17,0.46,18.93,24.46,14.32,88.79,6.9,ar_pampa,0.0
2026-07-18,0.12,14.32,19.97,10.6,78.89,2.49,ar_pampa,0.0
2026-07-19,0.01,10.34,15.07,7.81,84.12,7.76,ar_pampa,0.0
2026-07-20,0.75,8.92,11.54,6.28,88.1,4.29,ar_pampa,0.0
2026-07-21,1.4,9.65,13.01,7.07,86.43,3.0,ar_pampa,0.0
2026-07-22,2.77,10.65,14.89,8.46,83.94,10.08,ar_pampa,0.0
2026-07-23,0.09,11.74,15.8,8.08,84.45,3.36,ar_pampa,0.0
2026-07-24,0.02,12.45,16.8,9.04,81.65,6.36,ar_pampa,0.0
2026-07-25,0.0,13.08,19.48,7.78,83.63,6.38,ar_pampa,0.0
2026-07-26,0.0,13.83,19.25,9.8,83.41,9.31,ar_pampa,0.0
2026-07-27,0.0,15.03,21.86,10.97,86.6,7.06,ar_pampa,1.6642240799545107
2026-07-28,0.01,14.23,20.1,10.24,88.31,2.74,ar_pampa,1.1360950084546049
2026-07-29,0.0,11.45,17.71,7.36,80.28,10.25,ar_pampa,0.44628901956106404
2026-07-30,0.0,14.09,20.28,7.57,82.32,9.67,ar_pampa,1.1657541963080311
2026-07-31,16.06,20.25,26.65,14.61,90.14,8.46,ar_pampa,2.783795050107109
2026-08-01,1.38,14.85,20.82,10.2,68.84,13.47,ar_pampa,1.179244056965596
2026-08-02,0.54,14.4,20.39,10.36,87.43,9.87,ar_pampa,1.0459187945585138
2026-08-03,0.0,15.42,21.08,10.59,86.65,3.61,ar_pampa,1.2094689425632623
2026-08-04,0.01,14.44,20.11,9.66,85.92,5.84,ar_pampa,0.9351435815250272
2026-08-05,2.99,15.65,19.26,13.29,88.6,3.97,ar_pampa,0.3978662264287691
2026-08-06,60.14,12.19,16.78,5.12,83.0,8.44,ar_pampa,-3.0
2026-08-07,0.07,7.8,15.23,2.23,74.43,14.57,ar_pampa,-3.0
2026-08-08,0.0,7.8,14.7,3.22,65.77,14.98,ar_pampa,-3.0
2026-08-09,0.0,7.12,15.48,1.0,61.93,14.54,ar_pampa,-3.0
2026-08-10,0.0,6.14,13.95,0.28,74.41,14.85,ar_pampa,-3.0
2026-08-11,0.0,7.37,13.88,2.72,75.01,11.62,ar_pampa,-3.0
2026-08-12,0.01,9.21,15.28,4.75,79.77,7.65,ar_pampa,-2.917410638419419
2026-08-13,0.51,8.42,13.17,5.59,83.19,6.68,ar_pampa,-3.0
2026-08-14,0.23,10.3,16.2,5.44,87.54,4.26,ar_pampa,-2.4210963756511914
2026-08-15,1.41,13.33,16.96,11.27,90.73,6.25,ar_pampa,-2.1551161122836984
2026-08-16,0.13,12.22,17.7,8.01,86.41,10.02,ar_pampa,-1.838418374727179
2026-08-17,1.36,11.64,14.94,9.69,84.56,6.63,ar_pampa,-2.584564890115777
2026-08-18,2.97,8.52,11.88,4.86,82.42,11.71,ar_pampa,-3.0
2026-08-19,0.0,9.7,18.32,1.95,72.42,12.42,ar_pampa,-1.5207035065557375
2026-08-20,0.3,12.38,21.98,5.53,65.49,16.38,ar_pampa,-0.39489410892029153
2026-08-21,0.07,8.05,14.22,1.94,69.77,16.0,ar_pampa,-2.4509524493190122
2026-08-22,0.0,7.2,15.15,-0.63,58.05,16.87,ar_pampa,-2.1308606830670787
2026-08-23,0.0,9.16,16.8,2.12,58.62,16.72,ar_pampa,-1.611834756517748
2026-08-24,0.0,10.41,17.54,4.12,72.38,13.22,ar_pampa,-1.3584015798179288
2026-08-25,0.0,10.77,17.64,5.45,75.76,9.01,ar_pampa,-1.2928706015737428
2026-08-26,0.42,13.79,22.56,7.03,79.86,11.25,ar_pampa,0.1267142631303222
2026-08-27,3.1,12.61,16.31,10.0,80.14,5.97,ar_pampa,-1.739504105897226
2026-08-28,0.61,12.86,20.61,8.26,75.03,14.73,ar_pampa,-0.48807862877914365
2026-08-29,0.0,14.31,22.44,8.6,67.89,14.77,ar_pampa,0.04341840543265851
2026-08-30,0.0,15.0,24.19,9.05,66.7,15.98,ar_pampa,1.0119555277628447
2026-08-31,0.0,14.56,21.7,7.65,81.46,12.24,ar_pampa,0.34645903658126365
2026-09-01,0.0,15.33,23.26,8.81,66.58,18.15,ar_pampa,0.7727905349954863
2026-09-02,0.64,18.07,26.34,10.97,68.83,17.85,ar_pampa,1.5146379717278318
2026-09-03,0.96,15.32,20.19,9.83,48.22,18.38,ar_pampa,-0.1649724217187455
2026-09-04,0.0,13.18,20.93,6.52,43.35,18.79,ar_pampa,0.12831788295691937
2026-09-05,0.0,10.0,14.42,6.15,46.8,18.34,ar_pampa,0.2991706461600918
2026-09-06,0.0,7.81,13.79,2.74,49.69,19.77,ar_pampa,0.12815873468896488
2026-09-07,0.0,9.04,16.27,2.38,49.94,,ar_pampa,0.7884702576024439
2026-09-08,0.0,12.62,20.61,4.85,56.66,19.38,ar_pampa,1.9467463643373193
2026-09-09,0.21,15.49,22.67,9.16,59.93,14.58,ar_pampa,2.4649134243022996
2026-09-10,0.02,16.57,24.1,10.04,59.16,17.77,ar_pampa,2.7997023526846023
2026-09-11,3.47,13.4,16.69,10.67,77.64,5.72,ar_pampa,0.7076727244070659
2026-09-12,0.64,9.17,10.64,6.51,73.39,5.26,ar_pampa,-0.8908729388224373
2026-09-13,0.0,8.18,14.82,2.33,55.71,20.55,ar_pampa,0.22194822887912724
2026-09-14,0.01,10.47,17.36,2.72,62.58,17.08,ar_pampa,0.9350033606761685
2026-09-15,0.0,14.83,23.93,7.31,56.59,20.83,ar_pampa,2.651704236239242
2026-09-16,0.0,14.09,21.98,6.64,63.43,20.68,ar_pampa,2.156965705552567
2026-09-17,0.0,18.28,27.32,9.87,61.56,20.8,ar_pampa,3.0
2026-09-18,0.0,18.62,25.04,12.38,59.35,12.97,ar_pampa,2.919863158392234
2026-09-19,0.08,20.21,27.02,14.15,69.15,18.2,ar_pampa,3.0
2026-09-20,4.74,18.26,25.62,12.46,80.1,3.53,ar_pampa,2.7964548680585217
2026-09-21,0.0,14.75,19.24,9.5,41.67,21.39,ar_pampa,1.227507941169874
2026-09-22,0.0,11.59,17.98,5.9,45.37,22.1,ar_pampa,0.9116708009843101
2026-09-23,0.0,15.78,24.04,7.43,44.07,21.2,ar_pampa,2.3753465138054777
2026-09-24,0.0,20.11,29.01,11.81,46.29,,ar_pampa,3.0
2026-09-25,0.0,20.74,28.39,13.36,47.6,,ar_pampa,3.0
2026-09-26,,,,,,,ar_pampa,0.8822173317432285
2026-05-29,0.0,25.81,33.2,19.79,60.26,11.72,br_mt,0.0
2026-05-30,0.09,25.98,33.24,20.58,58.03,15.24,br_mt,0.0
2026-05-31,0.35,26.17,33.56,18.42,58.44,16.79,br_mt,0.0
2026-06-01,0.0,26.57,33.71,19.52,56.3,16.93,br_mt,0.0
2026-06-02,0.0,25.8,32.89,20.0,58.72,18.36,br_mt,0.0
2026-06-03,0.0,25.19,32.33,19.09,59.03,18.28,br_mt,0.0
2026-06-04,0.0,25.59,33.48,18.81,55.77,18.4,br_mt,0.0
2026-06-05,0.0,25.68,33.29,20.31,51.58,20.03,br_mt,0.0
2026-06-06,0.0,24.88,32.96,17.88,52.6,19.97,br_mt,0.0
2026-06-07,0.0,24.86,33.2,17.11,53.66,19.76,br_mt,0.0
2026-06-08,0.0,25.49,33.24,18.66,56.86,18.33,br_mt,0.0
2026-06-09,0.0,26.89,34.73,19.3,55.33,18.35,br_mt,0.0
2026-06-10,0.0,27.22,33.76,21.54,56.78,13.27,br_mt,0.0
2026-06-11,0.03,25.91,30.89,21.89,67.03,11.26,br_mt,0.0
2026-06-12,0.01,27.57,34.12,22.03,68.08,16.42,br_mt,0.0
2026-06-13,0.14,28.15,35.19,21.61,64.5,16.48,br_mt,0.0
2026-06-14,0.05,29.07,36.18,22.46,61.05,17.6,br_mt,0.0
2026-06-15,0.01,28.16,35.92,21.58,57.3,17.24,br_mt,0.0
2026-06-16,0.09,27.49,34.32,21.67,59.51,16.62,br_mt,0.0
2026-06-17,0.39,27.38,34.46,21.33,58.69,17.07,br_mt,0.0
2026-06-18,0.48,26.98,34.87,20.42,58.67,18.42,br_mt,0.0
2026-06-19,4.99,26.37,34.93,20.54,63.81,15.35,br_mt,0.0
2026-06-20,0.47,24.08,30.11,20.26,77.3,14.66,br_mt,0.0
2026-06-21,0.1,26.6,33.87,20.48,61.05,14.82,br_mt,0.0
2026-06-22,2.58,26.69,32.35,22.35,66.69,14.5,br_mt,0.0
2026-06-23,0.52,26.91,34.22,20.77,61.61,13.0,br_mt,0.0
2026-06-24,2.68,25.13,32.34,19.67,64.07,15.53,br_mt,0.0
2026-06-25,0.0,24.67,32.39,18.75,62.04,16.59,br_mt,0.0
2026-06-26,0.0,25.95,33.89,19.41,60.32,18.44,br_mt,0.0
2026-06-27,0.0,26.21,34.19,19.86,55.43,19.5,br_mt,0.0
2026-06-28,0.0,26.61,34.26,20.14,60.85,17.85,br_mt,0.0
2026-06-29,0.0,27.37,34.71,22.47,54.87,18.44,br_mt,0.0
2026-06-30,0.01,26.68,34.33,20.62,53.53,18.7,br_mt,0.0
2026-07-01,0.0,26.93,34.59,21.26,54.82,17.9,br_mt,0.0
2026-07-02,0.0,26.18,34.07,20.32,47.71,18.61,br_mt,0.0
2026-07-03,0.0,24.92,33.11,18.46,44.15,19.07,br_mt,0.0
2026-07-04,0.0,24.27,33.03,17.42,53.69,18.76,br_mt,0.0
2026-07-05,0.01,24.83,34.5,16.52,50.19,19.28,br_mt,0.0
2026-07-06,0.01,25.05,34.68,16.94,46.68,18.7,br_mt,0.0
2026-07-07,0.02,25.22,33.52,18.88,49.38,18.44,br_mt,0.0
2026-07-08,0.18,25.3,34.42,17.11,51.33,18.9,br_mt,0.0
2026-07-09,0.02,26.21,34.86,19.77,46.79,18.76,br_mt,0.0
2026-07-10,0.02,27.3,35.03,21.56,51.63,16.75,br_mt,0.0
2026-07-11,0.21,26.55,32.82,20.88,58.93,10.62,br_mt,0.0
2026-07-12,0.63,25.84,31.01,22.4,69.31,10.51,br_mt,0.0
2026-07-13,0.26,25.94,32.93,20.39,61.93,15.26,br_mt,0.0
2026-07-14,0.0,26.84,34.76,19.86,57.66,18.35,br_mt,0.0
2026-07-15,0.0,28.06,35.84,20.78,50.57,17.5,br_mt,0.0
2026-07-16,0.26,27.96,33.41,23.48,51.98,14.24,br_mt,0.0
2026-07-17,0.06,28.34,34.87,22.37,50.57,15.95,br_mt,0.0
2026-07-18,0.0,27.57,35.44,20.77,42.58,19.33,br_mt,0.0
2026-07-19,0.0,27.48,35.49,20.59,45.88,19.28,br_mt,0.0
2026-07-20,0.0,27.26,35.64,20.22,44.51,18.53,br_mt,0.0
2026-07-21,0.0,26.86,35.09,20.12,43.28,19.47,br_mt,0.0
2026-07-22,0.0,27.74,36.39,19.81,41.72,19.17,br_mt,0.0
2026-07-23,0.0,27.86,36.41,20.28,39.94,18.7,br_mt,0.0
2026-07-24,0.0,28.81,36.37,21.19,42.11,17.9,br_mt,0.0
2026-07-25,0.0,29.8,37.04,23.03,39.62,18.74,br_mt,0.0
2026-07-26,0.0,29.43,36.93,21.93,37.52,18.77,br_mt,0.0
2026-07-27,0.0,29.28,36.66,22.33,39.17,17.85,br_mt,1.7143297091973118
2026-07-28,1.22,28.42,37.12,20.82,43.86,17.21,br_mt,1.948399426629037
2026-07-29,1.38,28.43,35.62,22.63,54.26,15.78,br_mt,0.9278555097836616
2026-07-30,1.08,28.81,35.13,22.16,48.45,15.19,br_mt,0.5923793686702725
2026-07-31,0.0,28.7,36.9,21.58,38.45,19.52,br_mt,1.730189066156511
2026-08-01,0.08,29.08,37.15,21.03,41.01,16.84,br_mt,1.8310102926803953
2026-08-02,0.06,29.52,36.08,24.25,36.93,17.37,br_mt,1.1148509684072194
2026-08-03,0.0,29.57,35.94,25.33,33.82,17.69,br_mt,1.0083513911062074
2026-08-04,0.01,28.25,35.89,21.95,37.05,19.43,br_mt,0.9619626978470281
2026-08-05,0.0,28.37,36.48,21.54,35.69,19.82,br_mt,1.7389780119489795
2026-08-06,0.0,29.27,37.27,21.83,36.99,19.36,br_mt,2.193917886830423
2026-08-07,0.02,30.2,37.77,22.87,36.8,18.09,br_mt,2.46237647232217
2026-08-08,0.01,30.8,37.99,22.74,34.95,18.73,br_mt,2.515563761253834
2026-08-09,0.01,30.65,38.92,22.7,35.93,19.06,br_mt,2.9416530861990062
2026-08-10,0.0,30.61,39.23,22.94,30.71,19.3,br_mt,3.0
2026-08-11,0.0,30.47,38.8,24.03,32.34,20.11,br_mt,2.8077890477360996
2026-08-12,0.04,30.39,37.71,23.71,28.92,19.87,br_mt,2.214289492917246
2026-08-13,0.09,28.55,37.12,20.97,29.87,20.46,br_mt,1.850662488637266
2026-08-14,0.02,28.95,37.56,21.41,29.45,20.85,br_mt,2.047415651853408
2026-08-15,0.0,29.6,37.99,22.04,28.69,19.98,br_mt,2.2841143356305347
2026-08-16,0.0,29.59,38.55,21.7,30.9,20.96,br_mt,2.5297074880237718
2026-08-17,0.01,30.08,38.21,23.3,27.18,21.27,br_mt,2.3049332494786023
2026-08-18,0.0,30.03,37.39,22.65,25.28,21.32,br_mt,1.8592535484081023
2026-08-19,0.0,29.97,38.01,21.45,28.98,21.29,br_mt,2.1395748209749432
2026-08-20,0.0,29.32,38.16,21.65,27.65,21.42,br_mt,2.1773497767744603
2026-08-21,0.01,29.87,37.73,21.86,32.27,21.33,br_mt,1.9318444571568558
2026-08-22,0.01,30.53,38.01,23.74,34.8,21.27,br_mt,2.0384984359416323
2026-08-23,0.0,31.38,38.64,24.86,31.87,19.36,br_mt,2.3070523756590857
2026-08-24,0.0,31.24,37.81,25.21,32.32,17.06,br_mt,1.8742992122936588
2026-08-25,0.17,31.1,39.66,23.19,33.38,20.25,br_mt,2.671472804254758
2026-08-26,0.04,31.35,39.84,23.67,31.67,20.36,br_mt,2.675963084091094
2026-08-27,0.0,32.25,39.91,23.36,31.25,20.56,br_mt,2.8993754694841636
2026-08-28,0.0,31.65,39.03,24.58,33.92,17.73,br_mt,2.7434540061976875
2026-08-29,0.0,32.59,39.44,26.43,31.6,20.86,br_mt,3.0
2026-08-30,0.0,32.83,40.09,24.93,28.82,19.03,br_mt,3.0
2026-08-31,0.04,32.38,40.49,24.77,27.97,20.04,br_mt,3.0
2026-09-01,3.05,30.47,37.66,24.1,58.54,17.32,br_mt,1.5320033079712534
2026-09-02,2.97,28.93,35.23,23.87,63.86,18.62,br_mt,-0.16079024144467502
2026-09-03,2.89,29.82,37.39,23.18,59.76,17.6,br_mt,0.15917619114753845
2026-09-04,6.13,29.03,36.85,23.32,64.69,15.73,br_mt,-1.357723801020596
2026-09-05,2.43,29.02,35.31,23.27,64.63,20.06,br_mt,-2.4637606597346315
2026-09-06,14.9,26.41,31.81,22.67,75.03,13.97,br_mt,-3.0
2026-09-07,0.01,25.7,32.15,20.37,64.82,,br_mt,-3.0
2026-09-08,5.05,28.78,35.82,22.25,62.18,17.47,br_mt,-3.0
2026-09-09,2.79,29.24,36.05,24.16,63.05,16.52,br_mt,-3.0
2026-09-10,0.14,29.27,36.52,23.12,61.82,18.32,br_mt,-3.0
2026-09-11,0.0,29.68,37.69,22.85,57.47,21.48,br_mt,-2.6906270251404365
2026-09-12,0.03,30.4,38.35,23.49,53.02,21.53,br_mt,-2.167554210985209
2026-09-13,0.0,30.6,39.2,23.4,46.94,21.27,br_mt,-1.6198358078440753
2026-09-14,0.0,28.47,35.31,23.01,50.96,21.67,br_mt,-3.0
2026-09-15,0.93,29.61,37.57,22.29,49.55,19.77,br_mt,-2.1034421819575764
2026-09-16,1.65,30.83,38.6,24.02,49.23,19.76,br_mt,-1.666357874212208
2026-09-17,2.76,31.14,39.29,24.13,51.52,19.89,br_mt,-1.4714792345385115
2026-09-18,0.09,31.61,39.84,23.65,45.57,15.04,br_mt,-1.131187955929612
2026-09-19,0.01,31.94,40.23,23.8,38.02,15.85,br_mt,-0.8797183590435698
2026-09-20,0.0,31.29,39.49,24.17,45.8,17.04,br_mt,-1.1088468468173114
2026-09-21,2.22,30.29,37.47,24.39,55.11,15.72,br_mt,-2.024348257109362
2026-09-22,3.42,30.44,38.12,23.77,56.49,18.17,br_mt,-1.8831956858542205
2026-09-23,2.32,29.87,37.21,23.81,57.17,20.34,br_mt,-2.307375956019568
2026-09-24,0.87,30.55,38.4,24.1,53.39,,br_mt,-1.7376348443906706
2026-09-25,2.85,31.3,39.29,24.73,50.42,,br_mt,-1.4387051587505235
2026-09-26,,,,,,,br_mt,-2.758328526819341
2026-05-29,0.08,22.68,28.29,16.54,63.0,19.66,us_iowa,0.0
2026-05-30,4.57,21.36,25.82,17.97,77.17,11.5,us_iowa,0.0
2026-05-31,2.13,21.22,27.38,15.2,74.0,14.48,us_iowa,0.0
2026-06-01,0.86,23.41,30.01,17.19,71.84,26.9,us_iowa,0.0
2026-06-02,0.0,21.16,27.95,14.47,53.92,27.09,us_iowa,0.0
2026-06-03,0.0,21.49,28.29,13.79,61.13,28.58,us_iowa,0.0
2026-06-04,27.12,21.39,26.82,16.97,78.77,14.9,us_iowa,0.0
2026-06-05,7.56,24.24,29.03,20.22,81.08,20.03,us_iowa,0.0
2026-06-06,0.99,25.24,30.54,20.22,73.72,27.18,us_iowa,0.0
2026-06-07,2.99,23.32,25.47,21.14,87.19,13.93,us_iowa,0.0
2026-06-08,1.9,24.45,28.91,21.06,81.42,18.37,us_iowa,0.0
2026-06-09,0.04,27.13,32.09,21.23,78.67,26.76,us_iowa,0.0
2026-06-10,9.23,26.82,30.2,22.1,82.4,17.69,us_iowa,0.0
2026-06-11,22.4,20.58,25.67,14.82,73.38,16.82,us_iowa,0.0
2026-06-12,0.0,20.96,28.11,13.11,61.05,30.55,us_iowa,0.0
2026-06-13,5.27,20.68,27.99,14.67,76.75,11.34,us_iowa,0.0
2026-06-14,0.01,17.87,23.33,12.23,58.71,29.75,us_iowa,0.0
2026-06-15,0.0,19.44,25.96,10.61,52.08,27.9,us_iowa,0.0
2026-06-16,0.22,18.76,24.71,13.29,52.53,30.85,us_iowa,0.0
2026-06-17,21.59,21.38,28.67,15.18,65.09,19.94,us_iowa,0.0
2026-06-18,0.02,19.41,24.61,13.46,64.49,27.04,us_iowa,0.0
2026-06-19,1.65,19.31,26.2,13.72,65.48,15.53,us_iowa,0.0
2026-06-20,0.13,20.24,27.17,11.57,63.95,29.66,us_iowa,0.0
2026-06-21,10.58,18.27,22.7,14.82,82.49,7.37,us_iowa,0.0
2026-06-22,0.03,19.89,25.25,13.37,72.19,26.83,us_iowa,0.0
2026-06-23,0.31,20.66,27.12,15.66,70.13,24.93,us_iowa,0.0
2026-06-24,0.57,21.88,29.02,16.1,67.83,28.06,us_iowa,0.0
2026-06-25,0.01,20.12,24.57,13.57,64.17,26.78,us_iowa,0.0
2026-06-26,0.01,21.26,26.27,15.63,71.41,18.62,us_iowa,0.0
2026-06-27,0.04,21.89,27.16,15.84,77.46,16.3,us_iowa,0.0
2026-06-28,4.28,26.21,30.62,20.32,83.48,11.69,us_iowa,0.0
2026-06-29,1.23,28.66,32.55,24.02,78.13,25.99,us_iowa,0.0
2026-06-30,0.07,29.25,33.36,25.62,73.74,20.19,us_iowa,0.0
2026-07-01,0.84,28.54,33.01,25.0,69.89,12.83,us_iowa,0.0
2026-07-02,33.57,27.19,31.05,24.19,80.74,15.01,us_iowa,0.0
2026-07-03,37.6,25.52,29.03,23.02,87.86,24.23,us_iowa,0.0
2026-07-04,16.19,24.81,27.56,22.48,85.99,20.42,us_iowa,0.0
2026-07-05,0.12,24.17,27.94,20.5,81.65,26.37,us_iowa,0.0
2026-07-06,0.01,24.39,29.52,18.6,74.93,25.56,us_iowa,0.0
2026-07-07,0.01,25.47,31.0,19.13,74.13,26.07,us_iowa,0.0
2026-07-08,4.76,25.49,31.16,19.01,76.36,25.42,us_iowa,0.0
2026-07-09,7.51,24.4,28.4,19.81,85.36,19.63,us_iowa,0.0
2026-07-10,0.83,24.14,27.42,20.04,85.48,15.77,us_iowa,0.0
2026-07-11,0.16,25.12,29.8,19.86,79.36,28.1,us_iowa,0.0
2026-07-12,0.0,24.65,29.94,18.91,66.6,28.88,us_iowa,0.0
2026-07-13,0.0,25.21,31.03,17.91,65.93,28.63,us_iowa,0.0
2026-07-14,0.0,26.5,32.26,19.82,66.11,28.55,us_iowa,0.0
2026-07-15,0.0,27.08,32.21,22.3,65.75,27.38,us_iowa,0.0
2026-07-16,0.02,27.59,32.5,22.36,64.77,26.05,us_iowa,0.0
2026-07-17,0.04,28.37,34.16,22.26,61.22,26.58,us_iowa,0.0
2026-07-18,0.4,27.12,32.49,21.63,66.28,25.53,us_iowa,0.0
2026-07-19,0.01,25.41,31.05,18.96,64.72,25.24,us_iowa,0.0
2026-07-20,34.94,27.88,35.4,20.91,70.55,22.33,us_iowa,0.0
2026-07-21,0.17,22.28,26.55,16.82,66.49,25.55,us_iowa,0.0
2026-07-22,0.45,19.34,24.56,13.91,66.85,19.5,us_iowa,0.0
2026-07-23,0.99,20.22,25.84,14.25,66.6,22.63,us_iowa,0.0
2026-07-24,0.47,21.65,26.98,16.53,72.28,20.67,us_iowa,0.0
2026-07-25,0.11,26.86,33.57,19.5,78.51,18.67,us_iowa,0.0
2026-07-26,0.09,30.91,37.75,24.2,66.1,15.67,us_iowa,0.0
2026-07-27,0.38,30.6,36.81,23.89,63.87,25.99,us_iowa,2.389641901555994
2026-07-28,0.01,26.84,32.88,20.85,65.5,23.24,us_iowa,1.1619250541616377
2026-07-29,0.0,26.32,32.47,20.46,62.68,24.67,us_iowa,1.0194523436604428
2026-07-30,0.41,25.33,31.26,19.32,59.58,15.14,us_iowa,0.6426349257576327
2026-07-31,24.92,22.23,27.71,17.96,82.82,8.65,us_iowa,-0.44254019229251423
2026-08-01,0.1,22.3,28.01,17.36,70.85,25.4,us_iowa,-0.3469007032646718
2026-08-02,0.0,22.85,28.9,16.16,66.94,26.14,us_iowa,-0.06960828300736426
2026-08-03,0.0,24.42,31.0,17.17,66.18,25.77,us_iowa,0.5826210276864976
2026-08-04,11.66,21.16,24.96,17.93,79.77,3.24,us_iowa,-1.293410907871801
2026-08-05,9.42,19.06,25.06,15.96,82.16,13.69,us_iowa,-0.4588203324472543
2026-08-06,0.0,21.64,27.98,14.96,70.92,23.91,us_iowa,0.4448177945083807
2026-08-07,1.73,24.52,31.3,18.11,79.71,6.82,us_iowa,1.5567486015759657
2026-08-08,2.13,21.71,28.65,14.24,69.19,26.35,us_iowa,0.86485667499066
2026-08-09,7.49,26.08,32.14,20.76,83.41,24.85,us_iowa,1.753293613002564
2026-08-10,3.33,27.0,31.39,22.83,78.33,18.95,us_iowa,1.4063603979059616
2026-08-11,4.17,27.57,32.37,22.84,76.2,24.22,us_iowa,1.5751775670293378
2026-08-12,5.49,25.76,28.71,22.82,87.98,23.36,us_iowa,0.24413794394259616
2026-08-13,46.52,23.83,27.71,21.18,91.8,13.36,us_iowa,-1.4525404660488412
2026-08-14,17.23,23.48,26.18,21.24,94.89,6.17,us_iowa,-2.415028883083809
2026-08-15,1.24,25.65,29.75,21.88,87.39,10.4,us_iowa,-1.2669718396030187
2026-08-16,0.03,23.74,27.27,20.31,80.48,16.99,us_iowa,-2.033455290987377
2026-08-17,0.0,22.16,27.5,16.08,70.61,24.71,us_iowa,-1.9129366802454038
2026-08-18,0.27,23.03,27.24,18.09,78.4,18.27,us_iowa,-1.9721756408270832
2026-08-19,0.21,22.54,26.33,17.4,80.73,14.38,us_iowa,-1.2582315682640879
2026-08-20,0.01,22.2,28.65,14.75,69.0,22.98,us_iowa,-0.48692444411931446
2026-08-21,0.05,23.88,30.8,18.8,71.02,23.27,us_iowa,0.23414481154328826
2026-08-22,0.0,21.69,28.21,15.99,64.96,24.08,us_iowa,-0.5932497620405082
2026-08-23,0.08,19.6,26.41,13.1,62.69,24.2,us_iowa,-1.1720915319807432
2026-08-24,0.71,19.38,24.34,15.28,73.3,17.01,us_iowa,-1.8503217278424602
2026-08-25,2.36,21.39,27.79,14.31,73.88,15.99,us_iowa,-0.7677834065521407
2026-08-26,0.0,22.72,29.08,16.81,64.37,20.49,us_iowa,-0.3237746284300706
2026-08-27,0.0,22.42,28.81,15.89,64.76,22.15,us_iowa,-0.411225542012967
2026-08-28,0.0,22.53,29.53,14.77,62.99,21.12,us_iowa,-0.1669881401024347
2026-08-29,4.87,24.09,31.42,17.97,62.71,10.46,us_iowa,0.3339233137952323
2026-08-30,1.57,26.93,32.48,21.88,64.99,8.79,us_iowa,1.3922130002180255
2026-08-31,0.34,27.25,34.77,21.67,64.23,13.21,us_iowa,2.1107808300605613
2026-09-01,2.36,27.26,32.41,23.63,76.82,18.7,us_iowa,1.2357802921009786
2026-09-02,1.96,26.8,33.08,20.86,70.13,12.67,us_iowa,1.3789048632192331
2026-09-03,4.45,27.11,33.07,21.93,74.5,10.91,us_iowa,1.581707835803987
2026-09-04,2.01,27.99,33.36,22.1,75.61,15.11,us_iowa,1.8870669351767195
2026-09-05,1.28,27.51,32.0,24.4,83.07,13.13,us_iowa,1.386835392433969
2026-09-06,6.07,23.86,27.58,20.79,88.24,2.54,us_iowa,-0.20705490200100884
2026-09-07,0.98,22.87,28.34,18.95,69.34,,us_iowa,0.0804224196895994
2026-09-08,9.63,23.07,27.76,19.13,78.21,4.04,us_iowa,-0.17987622386267443
2026-09-09,3.34,24.2,28.98,19.09,76.25,21.12,us_iowa,0.2255466224404647
2026-09-10,0.0,21.28,27.66,15.63,64.04,21.44,us_iowa,-0.08160666051267379
2026-09-11,0.01,21.84,28.56,15.4,62.37,19.15,us_iowa,0.39621806576223084
2026-09-12,0.45,21.03,25.84,16.07,57.98,19.8,us_iowa,0.9347828586829459
2026-09-13,0.07,16.54,20.15,13.54,60.91,11.07,us_iowa,-0.3975914567702623
2026-09-14,4.88,18.43,23.44,13.21,69.45,8.01,us_iowa,0.5180924373733973
2026-09-15,36.02,19.92,22.24,15.6,84.28,10.07,us_iowa,-0.9241696887187945
2026-09-16,9.32,16.88,20.09,14.26,89.54,10.27,us_iowa,-1.7892378051062514
2026-09-17,2.63,21.87,27.51,18.41,87.33,9.03,us_iowa,0.4147566581753457
2026-09-18,8.3,22.09,27.22,17.36,87.92,9.66,us_iowa,0.0778154024637111
2026-09-19,10.43,22.79,27.79,17.21,89.4,8.17,us_iowa,-0.0640523404948744
2026-09-20,5.3,16.73,18.4,14.99,89.59,9.33,us_iowa,-2.990529797918739
2026-09-21,9.27,14.6,16.31,13.0,91.77,5.25,us_iowa,-3.0
2026-09-22,1.17,13.89,17.01,11.39,85.85,5.34,us_iowa,-3.0
2026-09-23,0.0,15.02,21.15,9.18,79.74,17.94,us_iowa,-2.1648856948585182
2026-09-24,1.8,16.09,21.01,11.74,83.49,,us_iowa,-2.1425727641357293
2026-09-25,20.93,15.96,18.12,14.76,93.9,,us_iowa,-3.0
2026-09-26,,,,,,,us_iowa,-0.8229693892810438
2026-05-29,0.0,14.43,19.56,11.11,79.86,7.96,uy_oeste,0.0
2026-05-30,0.02,13.59,19.18,9.25,78.0,7.53,uy_oeste,0.0
2026-05-31,0.03,12.96,19.62,7.31,73.93,8.81,uy_oeste,0.0
2026-06-01,0.0,12.52,18.78,8.65,75.43,9.36,uy_oeste,0.0
2026-06-02,0.0,11.27,17.91,7.07,84.68,6.76,uy_oeste,0.0
2026-06-03,0.0,14.38,21.54,8.41,80.5,8.3,uy_oeste,0.0
2026-06-04,0.02,17.28,25.07,11.59,75.48,7.96,uy_oeste,0.0
2026-06-05,0.01,17.93,24.54,12.41,73.92,10.61,uy_oeste,0.0
2026-06-06,0.01,17.67,23.01,13.89,78.37,6.95,uy_oeste,0.0
2026-06-07,6.04,15.69,18.87,13.47,92.38,3.76,uy_oeste,0.0
2026-06-08,12.31,13.74,15.84,10.0,91.79,2.82,uy_oeste,0.0
2026-06-09,0.12,12.07,17.84,7.28,82.34,4.15,uy_oeste,0.0
2026-06-10,0.79,13.66,18.29,9.8,81.05,5.58,uy_oeste,0.0
2026-06-11,3.07,12.4,15.66,9.53,90.22,3.77,uy_oeste,0.0
2026-06-12,0.14,12.76,18.43,8.53,81.38,9.01,uy_oeste,0.0
2026-06-13,0.16,12.25,16.4,8.25,83.55,3.91,uy_oeste,0.0
2026-06-14,0.32,8.53,13.06,3.83,66.09,11.39,uy_oeste,0.0
2026-06-15,0.0,7.09,13.82,1.43,59.68,12.09,uy_oeste,0.0
2026-06-16,0.17,10.15,18.32,4.51,86.39,11.78,uy_oeste,0.0
2026-06-17,0.03,10.58,17.2,6.17,77.98,11.61,uy_oeste,0.0
2026-06-18,21.15,10.44,13.45,8.21,85.07,4.28,uy_oeste,0.0
2026-06-19,0.26,10.07,14.44,7.62,76.59,9.69,uy_oeste,0.0
2026-06-20,0.0,7.58,14.7,2.29,73.04,11.08,uy_oeste,0.0
2026-06-21,0.0,7.34,12.53,3.78,82.05,6.87,uy_oeste,0.0
2026-06-22,0.0,8.4,13.9,5.02,74.53,5.33,uy_oeste,0.0
2026-06-23,0.0,6.97,13.05,2.06,69.89,11.51,uy_oeste,0.0
2026-06-24,0.13,6.64,12.55,1.56,75.94,9.09,uy_oeste,0.0
2026-06-25,0.0,9.72,17.34,4.69,77.38,10.82,uy_oeste,0.0
2026-06-26,0.0,8.58,17.2,2.41,80.79,11.9,uy_oeste,0.0
2026-06-27,0.0,9.87,18.08,2.7,72.85,11.73,uy_oeste,0.0
2026-06-28,0.01,10.41,17.31,5.79,76.51,10.08,uy_oeste,0.0
2026-06-29,0.53,8.8,15.44,4.06,76.38,9.98,uy_oeste,0.0
2026-06-30,0.0,8.26,15.56,2.33,75.55,9.76,uy_oeste,0.0
2026-07-01,0.0,7.63,15.18,1.35,76.97,8.12,uy_oeste,0.0
2026-07-02,0.0,5.98,10.75,0.26,67.94,10.7,uy_oeste,0.0
2026-07-03,0.0,4.2,11.25,-1.11,68.64,11.62,uy_oeste,0.0
2026-07-04,0.0,5.13,12.66,-0.6,83.5,6.04,uy_oeste,0.0
2026-07-05,0.53,6.6,11.21,2.61,90.33,2.55,uy_oeste,0.0
2026-07-06,0.06,5.75,12.13,2.96,82.01,11.53,uy_oeste,0.0
2026-07-07,0.0,7.81,16.86,0.82,74.46,10.98,uy_oeste,0.0
2026-07-08,0.0,9.56,17.6,3.97,74.53,11.27,uy_oeste,0.0
2026-07-09,0.0,13.43,21.25,6.97,80.16,11.06,uy_oeste,0.0
2026-07-10,0.0,14.28,20.01,9.85,84.08,6.18,uy_oeste,0.0
2026-07-11,0.0,12.68,18.08,8.74,81.51,7.99,uy_oeste,0.0
2026-07-12,0.01,9.5,15.02,5.08,81.68,5.23,uy_oeste,0.0
2026-07-13,0.02,8.52,14.9,4.32,82.17,8.11,uy_oeste,0.0
2026-07-14,0.0,10.66,18.7,5.57,77.7,11.76,uy_oeste,0.0
2026-07-15,0.0,14.63,21.38,8.31,73.05,8.5,uy_oeste,0.0
2026-07-16,0.09,19.09,25.46,14.85,77.0,7.76,uy_oeste,0.0
2026-07-17,1.27,22.06,28.12,18.62,82.81,8.39,uy_oeste,0.0
2026-07-18,20.21,20.24,25.77,14.72,92.62,8.31,uy_oeste,0.0
2026-07-19,15.07,13.41,17.13,10.47,85.87,3.93,uy_oeste,0.0
2026-07-20,1.25,12.34,15.56,10.17,88.07,3.52,uy_oeste,0.0
2026-07-21,0.36,13.35,17.85,9.91,87.47,2.96,uy_oeste,0.0
2026-07-22,9.92,11.25,13.1,8.77,93.03,4.31,uy_oeste,0.0
2026-07-23,0.05,12.69,17.94,7.63,80.75,7.48,uy_oeste,0.0
2026-07-24,0.01,14.18,18.73,10.25,81.19,8.16,uy_oeste,0.0
2026-07-25,0.12,13.88,19.78,7.84,82.29,9.49,uy_oeste,0.0
2026-07-26,0.45,15.22,19.61,12.81,85.97,9.22,uy_oeste,0.0
2026-07-27,0.05,15.51,20.49,12.04,90.52,3.53,uy_oeste,0.806819770045917
2026-07-28,1.06,15.09,19.08,11.0,89.03,7.5,uy_oeste,0.4324223347386734
2026-07-29,0.17,13.86,20.54,9.85,81.58,8.88,uy_oeste,0.8074096018876341
2026-07-30,0.0,14.31,20.7,8.37,80.02,10.58,uy_oeste,0.8382902011171234
2026-07-31,0.86,20.06,26.12,14.37,86.71,12.7,uy_oeste,2.1730017843386378
2026-08-01,45.45,16.84,20.47,12.8,88.88,2.67,uy_oeste,0.7101941189462692
2026-08-02,1.5,14.82,21.41,9.53,86.66,8.03,uy_oeste,0.9394348499488921
2026-08-03,6.26,16.46,19.99,14.03,93.93,4.15,uy_oeste,0.5665478572001509
2026-08-04,1.58,16.38,21.56,12.22,88.38,5.97,uy_oeste,0.9608305161054105
2026-08-05,1.41,17.23,21.99,13.69,88.17,5.21,uy_oeste,-1.9220128324692227
2026-08-06,19.58,13.54,19.65,7.72,92.2,0.8,uy_oeste,-2.9910339400320884
2026-08-07,0.04,8.35,14.01,3.73,74.42,14.39,uy_oeste,-3.0
2026-08-08,0.0,8.21,14.98,3.87,69.65,14.27,uy_oeste,-3.0
2026-08-09,0.0,8.43,16.37,2.15,59.81,14.79,uy_oeste,-3.0
2026-08-10,0.0,7.87,14.77,2.0,71.92,12.31,uy_oeste,-3.0
2026-08-11,0.0,8.48,13.68,4.17,72.29,14.32,uy_oeste,-3.0
2026-08-12,1.11,10.04,15.0,5.72,81.36,3.1,uy_oeste,-3.0
2026-08-13,2.55,9.65,13.58,6.98,85.6,6.76,uy_oeste,-3.0
2026-08-14,0.18,12.99,19.39,6.92,84.13,5.75,uy_oeste,-1.7221025266588592
2026-08-15,0.1,14.79,19.06,10.35,87.79,5.91,uy_oeste,-1.7264930680069492
2026-08-16,2.32,14.58,17.6,12.07,92.07,4.65,uy_oeste,-2.0660402078308757
2026-08-17,54.7,12.39,13.96,9.48,94.55,0.94,uy_oeste,-3.0
2026-08-18,8.37,9.86,11.11,8.77,92.31,2.14,uy_oeste,-3.0
2026-08-19,1.68,9.8,12.45,6.73,87.46,4.23,uy_oeste,-3.0
2026-08-20,10.78,10.59,12.99,7.29,93.59,2.28,uy_oeste,-3.0
2026-08-21,0.04,8.66,13.44,3.39,74.28,11.78,uy_oeste,-3.0
2026-08-22,0.01,7.43,14.27,0.57,68.32,17.01,uy_oeste,-2.9128038033520482
2026-08-23,0.03,8.51,15.55,1.85,66.31,16.76,uy_oeste,-2.501442177541591
2026-08-24,0.0,8.86,16.1,2.85,73.51,16.82,uy_oeste,-2.287422322703152
2026-08-25,0.0,8.69,14.94,3.36,78.19,14.54,uy_oeste,-2.5252930258174264
2026-08-26,0.13,13.34,20.95,5.88,84.57,9.35,uy_oeste,-0.8765500480387614
2026-08-27,25.17,16.01,20.24,12.09,89.11,7.39,uy_oeste,-1.4713619411846837
2026-08-28,0.49,13.0,18.95,9.52,77.04,10.89,uy_oeste,-1.7473103630725597
2026-08-29,0.03,13.33,21.08,7.55,70.67,14.47,uy_oeste,-1.112987123425431
2026-08-30,0.0,13.07,19.7,8.54,80.41,16.02,uy_oeste,-1.4098334177495833
2026-08-31,0.0,15.62,23.62,8.99,81.08,9.2,uy_oeste,0.4705240072630743
2026-09-01,0.26,15.41,21.9,11.25,85.06,17.33,uy_oeste,0.03290123853058824
2026-09-02,0.05,16.15,23.11,9.28,84.46,17.98,uy_oeste,0.4577836349728266
2026-09-03,1.11,14.36,18.75,9.05,78.34,9.21,uy_oeste,-0.6833956746090208
2026-09-04,0.0,11.96,18.36,6.15,68.26,18.24,uy_oeste,-0.7526235791903615
2026-09-05,0.0,9.6,15.02,5.29,68.15,18.03,uy_oeste,-1.2804980710314613
2026-09-06,0.0,7.39,12.99,2.8,72.22,17.73,uy_oeste,-1.8062978300766848
2026-09-07,0.0,8.06,14.84,1.28,71.92,,uy_oeste,-1.3001179119420931
2026-09-08,0.0,11.11,18.36,3.32,72.6,19.21,uy_oeste,-0.350171205435019
2026-09-09,0.06,13.43,20.69,9.27,75.52,13.32,uy_oeste,0.27549391675834856
2026-09-10,0.01,14.17,21.04,7.78,75.43,19.27,uy_oeste,0.36558948513036105
2026-09-11,0.0,13.43,19.25,9.64,78.39,6.52,uy_oeste,-0.09732474872266378
2026-09-12,0.39,11.23,17.28,7.89,81.54,15.12,uy_oeste,-0.5887247379644626
2026-09-13,0.01,9.83,15.32,5.6,72.22,14.47,uy_oeste,-1.1138294233725667
2026-09-14,0.0,10.84,17.07,2.98,68.67,20.4,uy_oeste,-0.628836291395412
2026-09-15,0.0,13.86,20.59,7.73,70.78,19.04,uy_oeste,0.3803958326597971
2026-09-16,0.0,12.93,20.18,6.29,75.28,20.45,uy_oeste,1.304335860971065
2026-09-17,0.0,15.76,23.82,8.44,75.71,20.84,uy_oeste,2.435232387724893
2026-09-18,0.0,16.95,23.9,9.86,77.59,17.0,uy_oeste,2.4544785410262056
2026-09-19,0.36,18.69,25.17,11.9,83.48,14.99,uy_oeste,2.9471363847163046
2026-09-20,4.96,19.82,24.06,15.93,89.54,14.62,uy_oeste,2.5200980759813936
2026-09-21,0.0,14.4,19.23,9.51,64.53,21.49,uy_oeste,1.2261255974136018
2026-09-22,0.0,9.9,15.02,6.13,67.02,21.31,uy_oeste,0.10033555527821603
2026-09-23,0.0,12.17,19.57,4.68,65.51,21.8,uy_oeste,1.3086831996191892
2026-09-24,0.0,16.62,24.11,8.95,68.67,,uy_oeste,2.494590426725371
2026-09-25,0.13,19.61,26.82,13.12,76.43,,uy_oeste,3.0
2026-09-26,,,,,,,uy_oeste,1.3135164673809077
