Date,Soybeans,Maize,Soybean_Oil,Palm_Oil,Crude_Brent,Crude_WTI,Fertilizer_PPI,USD_Index,BRL_USD,ONI,AMM_SST,AMM_Wind,DMI,DMI_East,Diesel_Price,Wheat_Price,Rapeseed_Oil,Sunflower_Oil,ARG_Manufacturing,CNY_USD,RegGas_LA,RegGas_NYH,MidGas_LA,Gas_Price,Gasoline_PPI,RBOB_Gasoline,Groundnut_Oil
2006-01-01,214.0090876875,102.7904075,482.9661034,377.919061133427,63.3118181818182,65.2327272727273,177.6,100.0,2.2666,-0.85,4.17,-2.95,-0.135,-0.272,2.467,144.5679565,784.24,1090.90909090909,3.0470454910000004,8.065365,1.87345,1.7352,1.873,8.68,197.1,1.788,710.454545454546
2006-02-01,214.365646618421,106.936502067669,497.640750315789,390.633430547115,60.8055,61.544,170.6,100.2112,2.158715789473684,-0.77,1.2,-2.91,-0.305,0.049,2.475,158.887350175439,791.92,715.3,3.0699999809500005,8.051242105263158,1.7302105263157896,1.4991052631578947,1.73,7.54,196.2,1.558,720.0
2006-03-01,212.714071956522,104.952080357143,515.900250608696,383.357839784371,62.7469565217391,62.8995652173913,170.4,100.4281,2.1527739130434784,-0.57,-0.26,4.48,-0.226,-0.016,2.559,155.793146666667,784.54,693.869565217391,3.07678259982609,8.035026086956522,1.9998695652173912,1.7655217391304348,2.0,6.89,206.5,1.917,720.0
2006-04-01,208.902438592105,107.910347368421,518.433797894737,386.413287706215,70.34,69.6735,170.1,99.7435,2.1281,-0.37,1.3,2.26,-0.015,-0.14,2.728,161.208002807018,830.28,673.25,3.0679499984,8.01434,2.4480526315789475,2.135105263157895,2.448,7.16,230.4,2.215,720.0
2006-05-01,217.355687181818,110.624682142857,557.357999,394.519823542927,70.51,70.9591304347826,165.4,97.5118,2.169681818181818,-0.14,0.83,1.3,-0.207,0.097,2.897,176.603423333333,880.61,673.0,3.05569561665217,8.013095454545454,2.550863636363637,2.0417272727272726,2.551,6.24,239.6,2.276,754.782608695652
2006-06-01,216.503901409091,109.612356632653,550.122837,386.182190745516,69.2327272727273,70.9577272727273,162.2,98.6927,2.249295454545454,-0.03,0.07,0.5,-0.059,-0.064,2.898,176.920755,888.57,673.0,3.0809091005909104,8.004186363636363,2.400636363636364,2.0651818181818182,2.401,6.22,246.9,2.276,802.727272727273
2006-07-01,217.2517192125,114.305610178571,586.7816592,404.024288411363,74.0409523809524,74.3614285714286,159.5,98.4387,2.188305,0.1,-0.51,-1.38,0.04,-0.107,2.934,181.348366833333,852.1,673.0,3.08180952090476,7.989695,2.487842105263158,2.2373157894736844,2.488,6.15,237.5,2.374,845.238095238095
2006-08-01,203.84366351087,115.277289285714,562.53275626087,434.480533607149,73.5004347826087,73.0486956521739,157.2,97.7138,2.155308695652174,0.3,1.27,5.6,0.229,-0.167,3.045,165.129378333333,900.99,673.0,3.07926087808696,7.972178260869565,2.1905217391304346,2.038478260869565,2.19,7.15,250.2,2.065,893.913043478261
2006-09-01,199.307014725,120.269894642857,534.2786339,416.937544036895,62.5271428571429,64.1190476190476,154.8,97.9814,2.167895,0.54,1.99,3.91,0.428,-0.422,2.783,164.942319666667,850.7,673.0,3.10052382395238,7.93341,1.78195,1.58325,1.782,4.91,201.3,1.599,931.428571428572
2006-10-01,217.885965579545,142.262410714286,559.712934,422.32091252862,58.7581818181818,58.8781818181818,158.2,98.3156,2.145752380952381,0.77,3.69,3.57,0.577,-0.537,2.519,182.432305,838.11,673.0,3.09781816895455,7.901761904761905,1.6865,1.5064545454545453,1.686,5.77,197.5,1.517,940.0
2006-11-01,244.00003925,164.10640125,623.613510666667,476.743036489659,59.2227272727273,59.2890909090909,155.5,97.5133,2.1554714285714285,0.94,4.49,1.6,0.501,-0.246,2.545,182.301077619048,894.68,673.0,3.0752272824090894,7.862242857142857,1.7973500000000002,1.588,1.797,7.4,197.2,1.578,947.727272727272
2006-12-01,243.307595475,160.720734821429,628.6143237,528.387848489549,62.2604761904762,62.0285714285714,158.7,96.7951,2.14761,0.94,2.47,-6.76,0.172,0.079,2.61,179.529555333333,919.08,673.0,3.059571436476189,7.821925,1.8049,1.6700500000000005,1.805,6.82,203.0,1.639,960.0
2007-01-01,255.8673795,165.160018984962,635.602444190476,550.78450381921,54.5030434782609,54.78,166.4,97.8338,2.137566666666667,0.66,2.24,-0.97,0.224,0.026,2.485,172.5666305,915.02,673.0,3.085260878695649,7.78762380952381,1.6819523809523809,1.4318571428571427,1.682,6.55,180.9,1.445,996.956521739131
2007-02-01,278.038610960526,177.384885526316,664.878582210526,553.752509442535,57.9695,59.2695,180.9,97.4764,2.093942105263158,0.22,2.96,-3.45,0.15,0.127,2.488,175.26729,864.93,673.0,3.1027000072,7.750205263157894,2.0189473684210526,1.6404736842105263,2.019,7.98,193.5,1.648,1000.0
2007-03-01,276.959814170455,169.583269727891,679.52401,566.388111256959,62.3572727272727,60.5640909090909,200.5,97.0118,2.0882681818181816,-0.12,1.98,-8.48,0.116,-0.047,2.667,173.313195,854.86,673.0,3.1014090670454504,7.736945454545455,2.373181818181818,1.9377727272727272,2.373,7.1,220.2,1.956,1000.0
2007-04-01,270.3922953375,152.630566785714,714.1094873,645.390481904618,67.6904761904762,63.9747619047619,209.5,95.6322,2.030185714285714,-0.32,0.99,3.71,0.1,-0.055,2.834,178.555848166667,835.79,673.0,3.0907142844285698,7.724714285714286,2.53065,2.1054500000000003,2.531,7.59,238.0,2.165,1000.0
2007-05-01,283.206243170455,160.139158928571,756.064408,740.614763638899,67.7178260869565,63.5134782608696,207.9,94.7225,1.98355,-0.38,-0.2,-3.64,0.27,-0.093,2.796,178.006363333333,858.9,673.0,3.0805652246956496,7.67725,2.572090909090909,2.245409090909091,2.572,7.63,226.5,2.301,1013.04347826087
2007-06-01,302.8293275,164.537264484127,782.923551142857,748.506251839672,70.6190476190476,67.4785714285714,208.1,94.4449,1.9322857142857144,-0.47,-0.48,2.33,0.03,0.181,2.808,206.516903650794,903.5,673.0,3.07947617490476,7.633290476190477,2.354,2.1864761904761902,2.354,7.36,227.6,2.226,1095.2380952381
2007-07-01,313.476252,147.216401315789,819.15280647619,764.470315506677,76.1331818181818,74.0463636363636,214.8,93.2059,1.881195238095238,-0.56,-0.99,1.46,0.045,-0.062,2.868,222.001734603175,939.4,673.0,3.11286367077273,7.575685714285715,2.310619047619048,2.136904761904762,2.311,6.21,243.5,2.192,1159.09090909091
2007-08-01,309.00652923913,151.030785714286,797.085153652174,729.564457324347,71.3130434782609,72.3921739130435,209.8,93.7603,1.9619521739130437,-0.81,-0.24,4.05,0.236,-0.115,2.869,240.686992173913,1006.75,673.0,3.1527391411739094,7.573352173913043,2.049304347826087,2.0038695652173915,2.049,6.23,231.2,1.983,1200.0
2007-09-01,347.561559118421,160.125031578947,851.681449666667,745.179984869138,76.772,79.633,209.1,92.4366,1.90229,-1.07,0.2,6.3,0.235,-0.194,2.953,297.952459122807,1078.89,673.0,3.14729998095,7.520975,2.208,2.101842105263158,2.208,6.08,246.2,2.04,1200.0
2007-10-01,358.402842456522,164.114103726708,879.883012608695,824.068960832286,82.5073913043478,85.9265217391304,207.2,90.4002,1.798704347826087,-1.34,2.42,4.7,0.068,-0.209,3.075,303.630490724638,1093.15,673.0,3.1596086957391294,7.501917391304349,2.393869565217391,2.1687391304347825,2.394,6.8,249.6,2.127,1282.60869565217
2007-11-01,389.01517525,171.113943392857,987.963709333333,877.612871747668,92.7313636363636,94.7663636363636,213.0,89.053,1.7668809523809526,-1.5,3.5,4.78,-0.023,-0.201,3.396,286.495618095238,1325.49,673.0,3.1356363619545498,7.420971428571428,2.558952380952381,2.424190476190476,2.559,7.14,296.7,2.386,1513.63636363636
2007-12-01,423.0807406875,180.283263655462,1027.0001808,883.447756497178,91.5195238095238,91.7747619047619,227.6,90.005,1.785175,-1.6,2.58,-1.19,-0.227,-0.028,3.341,339.225695925926,1465.58,673.0,3.1400499937,7.368165,2.4497,2.3297,2.45,7.14,271.9,2.345,1669.04761904762
2008-01-01,461.71521025,206.558804323308,1143.0534772381,987.020215570752,92.0917391304348,92.9826086956522,245.3,89.3971,1.7709619047619047,-1.64,2.15,-1.95,0.115,-0.168,3.308,336.117065079365,1491.61,673.0,3.1450434663478304,7.240452380952381,2.322952380952381,2.3340952380952382,2.323,7.98,278.2,2.362,1700.0
2008-02-01,508.2158935875,220.047597744361,1307.7475147,1109.4976702408,94.722380952381,95.3614285714286,262.4,88.6434,1.728995,-1.52,0.98,-1.84,-0.072,-0.291,3.377,393.873734833333,1479.24,673.0,3.15947617785714,7.164425,2.6087,2.38105,2.609,8.55,287.5,2.434,1700.0
2008-03-01,495.69088485,233.925929285714,1321.2728584,1146.85898052923,103.161904761905,105.50380952381,278.6,86.8399,1.7090476190476191,-1.29,0.12,-2.16,0.097,-0.578,3.881,403.812896666667,1640.5,1303.09523809524,3.155761877619049,7.072242857142857,2.78305,2.5038,2.783,9.44,353.7,2.659,1700.0
2008-04-01,482.791340897727,246.6418625,1292.077677,1083.48970644843,110.033181818182,112.336363636364,312.5,86.5475,1.6863454545454546,-1.01,-1.87,1.53,-0.153,-0.344,4.084,326.851616666667,1564.06,2177.36363636364,3.1665000047727294,6.999690909090909,3.0683636363636366,2.7621818181818183,3.068,10.13,365.1,2.882,1665.90909090909
2008-05-01,489.08926675,243.531773571429,1330.46717361905,1086.83316209246,123.862272727273,125.671363636364,335.3,86.8245,1.6584619047619047,-0.84,-0.64,0.88,0.178,-0.513,4.425,288.420286349206,1580.45,2214.54545454545,3.15140910572727,6.972495238095239,3.311523809523809,3.097952380952381,3.311,11.26,398.2,3.224,1650.0
2008-06-01,552.47214925,287.132070892857,1414.42120285714,1096.38744565422,132.760476190476,133.928095238095,388.1,87.0728,1.6179190476190477,-0.61,-0.59,2.32,0.215,-0.424,4.677,314.15835,1639.55,2300.19047619048,3.0417142820952403,6.899328571428571,3.6940952380952377,3.2922380952380954,3.694,12.69,421.0,3.425,1650.0
2008-07-01,554.149276465909,267.141454081633,1372.265719,1026.24548726103,133.585217391304,133.958260869565,423.5,86.4538,1.5899545454545454,-0.37,-0.41,4.41,0.246,-0.412,4.703,299.42748,1736.46,2267.73913043478,3.0216086633913,6.835513636363637,3.2858181818181817,3.147636363636364,3.286,11.06,431.9,3.284,1619.5652173913
2008-08-01,471.06735675,235.159466666667,1163.7769052381,791.76941644964,113.800476190476,116.697142857143,471.0,88.945,1.6127380952380952,-0.23,0.08,4.15,0.124,-0.188,4.302,304.164072666667,1467.67,2060.23809523809,3.0331904546190502,6.846190476190476,3.072523809523809,2.896952380952381,3.072,8.25,346.7,2.94,1599.04761904762
2008-09-01,433.383193,233.945613392857,1042.09237942857,667.043491607084,98.7554545454546,104.443636363636,484.5,91.2651,1.8030809523809523,-0.24,2.09,4.74,0.086,0.058,4.024,263.049659365079,1352.99,1948.81818181818,3.08368182181818,6.830738095238096,2.8701904761904764,2.805238095238095,2.87,7.67,342.3,2.626,1572.72727272727
2008-10-01,338.78490176087,183.024702891156,808.760054347826,486.395563108566,71.9634782608696,76.2839130434783,485.1,98.04,2.180995454545455,-0.35,2.81,0.31,0.029,0.007,3.576,202.774935,1149.9,1724.39130434783,3.23852609547826,6.835750000000001,2.124695652173913,1.920608695652174,2.125,6.73,281.8,1.788,1470.0
2008-11-01,329.136527447368,164.304400210084,728.522480631579,433.138274613001,52.7135,56.968,429.0,100.7667,2.270433333333333,-0.55,1.84,7.24,-0.128,0.012,2.876,194.114629607843,1074.19,1624.4,3.3273499966,6.828055555555555,1.2679473684210527,1.2828947368421053,1.268,6.69,224.1,1.238,1268.0
2008-12-01,318.814228806818,158.909796964286,680.967034,442.66337227235,40.5117391304348,40.644347826087,365.0,99.6622,2.3953954545454548,-0.73,1.89,2.22,-0.053,-0.105,2.449,188.84494968254,907.9,1357.0,3.42504999635,6.853890909090908,1.1104545454545454,0.9561818181818182,1.11,5.81,168.0,0.968,1217.39130434783
2009-01-01,364.7179662,173.295129931973,754.7296108,522.00293019203,43.1745454545455,41.6309090909091,312.8,100.3521,2.307935,-0.85,0.67,-10.51,0.031,-0.124,2.292,211.276083333333,840.72,1211.36363636364,3.465050018,6.836029999999999,1.45675,1.14575,1.457,5.23,161.6,1.15,1154.09090909091
2009-02-01,341.271617842105,163.399960515873,703.610274631579,528.713498464696,42.9105,39.0785,251.7,102.9737,2.322973684210526,-0.79,-2.79,-7.25,0.163,-0.205,2.195,195.224902631579,767.78,1038.1,3.5099500060500004,6.836289473684211,1.5466315789473684,1.2157368421052632,1.547,4.52,147.2,1.185,984.0
2009-03-01,333.657848522727,164.577030357143,693.112486,557.287771059739,46.5827272727273,47.98,244.0,103.4397,2.3160954545454544,-0.61,-3.72,1.5,0.1,-0.066,2.092,199.100568333333,731.63,831.409090909091,3.65563635381818,6.835999999999999,1.4727727272727271,1.2884545454545455,1.473,3.94,139.2,1.389,900.0
2009-04-01,374.46641975,168.795905442177,787.301296571428,693.212401100708,50.5190909090909,49.9059090909091,251.8,100.7162,2.2026954545454545,-0.33,-4.03,-10.03,0.126,-0.18,2.22,200.887646666667,802.12,929.045454545455,3.6908181689090895,6.830604545454546,1.5746190476190476,1.3794761904761903,1.575,3.5,167.4,1.443,900.0
2009-05-01,422.3550526125,180.070212142857,845.1961925,772.385048687789,57.5014285714286,59.2571428571428,231.5,97.5519,2.0688950000000004,0.01,-5.29,-6.22,0.256,-0.187,2.227,227.186091,901.37,1043.80952380952,3.72299999304762,6.823480000000001,1.8474,1.68875,1.847,3.83,166.4,1.736,916.666666666666
2009-06-01,445.108171295455,179.393794642857,831.712937,690.818417968187,68.58,69.6722727272727,192.8,96.0426,1.9585772727272728,0.28,-3.6,-0.09,0.1,0.125,2.529,227.314693833333,910.48,1115.54545454545,3.7661682042272697,6.833422727272727,2.0847272727272728,1.9059545454545448,2.085,3.81,191.1,1.954,957.727272727273
2009-07-01,398.088761556818,151.800255357143,750.452648,601.95014544538,64.9043478260869,64.2086956521739,186.5,95.6605,1.932808695652174,0.45,0.11,1.46,-0.192,0.376,2.54,195.325991666667,857.4,1021.86956521739,3.807347847173911,6.831691304347825,1.9129090909090911,1.7500454545454545,1.913,3.39,172.8,1.798,966.086956521739
2009-08-01,408.957381,152.036294217687,809.672940476191,686.790283594875,72.5919047619048,71.0642857142857,177.2,94.373,1.845314285714286,0.58,0.33,-0.75,-0.104,0.361,2.634,179.554051111111,875.75,1078.90476190476,3.837999979904759,6.8322666666666665,2.113142857142857,1.9300952380952376,2.113,3.15,204.1,2.018,980.0
2009-09-01,349.05202725,150.592793027211,749.402828952381,636.419863747806,67.5131818181818,69.3977272727273,174.3,93.6638,1.818652380952381,0.71,0.45,2.68,-0.103,0.226,2.626,156.930450634921,856.85,1021.40909090909,3.8412272607272704,6.827671428571429,2.055857142857143,1.7796666666666665,2.056,3.01,193.2,1.759,990.909090909091
2009-10-01,354.864809011364,167.279121428571,797.621495,636.557784902832,72.9686363636364,75.8236363636364,176.6,92.2598,1.7378,1.01,2.56,7.48,-0.013,0.306,2.672,163.726438333333,885.83,1005.22727272727,3.8246818130454505,6.826671428571428,2.0319090909090907,1.923681818181818,2.032,4.02,202.8,1.903,1000.90909090909
2009-11-01,370.7071893,171.686854511278,854.2351345,674.329955307001,76.9366666666667,77.972380952381,179.0,91.7996,1.7268,1.36,2.53,-5.72,-0.067,0.196,2.792,177.607281403509,923.98,1070.42857142857,3.809333347047619,6.827063157894737,1.9795000000000005,1.9828,1.979,3.7,215.7,1.976,1042.38095238095
2009-12-01,379.299369511364,164.612819642857,867.397718,727.598664400009,74.7895652173913,74.625652173913,191.1,92.2586,1.7508045454545451,1.56,1.01,8.83,0.16,0.208,2.745,171.155498730159,920.23,1132.91304347826,3.8037825978260895,6.827454545454546,2.0143181818181817,1.919090909090909,2.014,5.33,205.1,1.933,1142.60869565217
2010-01-01,358.966610210526,167.335630827068,838.370572947368,742.003865958231,76.6023809523809,78.4185714285714,200.7,92.4403,1.7816526315789474,1.5,1.98,5.81,0.294,0.09,2.845,167.821862807018,915.634080952381,1113.61904761905,3.8029047987619,6.826915789473684,2.0570526315789475,2.040526315789473,2.057,5.81,229.4,2.045,1214.28571428571
2010-02-01,344.660740697368,161.906961278195,840.401144,754.31851098769,73.903,76.308,213.3,93.8867,1.8420052631578947,1.22,3.96,16.29,0.023,0.475,2.785,160.16156037037,900.989825,1091.4,3.84785499585,6.8284631578947375,2.0775,1.9888421052631575,2.073,5.33,206.9,1.999,1218.0
2010-03-01,348.949327467391,158.927769409938,869.291251304348,793.901139382917,79.5191304347826,81.2421739130435,225.9,93.1499,1.7855391304347823,0.84,5.01,4.49,0.458,0.14,2.915,156.464117971015,909.795917391304,1105.21739130435,3.8593043453043503,6.826182608695651,2.257043478260869,2.140434782608696,2.257,4.29,225.5,2.254,1200.0
2010-04-01,357.63868,157.266642687075,868.011384952381,798.533249805834,85.1563636363636,84.4977272727273,233.2,92.6391,1.7567818181818182,0.35,5.3,12.34,0.37,0.224,3.059,156.825468730159,907.874604545454,1132.77272727273,3.87249998631818,6.825550000000001,2.306619047619048,2.2276666666666665,2.307,4.03,240.0,2.319,1202.72727272727
2010-05-01,349.0513711125,163.240300535714,832.6629278,775.566241672249,76.1323809523809,73.8423809523809,237.1,95.5306,1.814155,-0.17,6.11,0.15,-0.03,0.314,3.069,158.328459666667,861.851119047619,1102.52380952381,3.8984285533333294,6.827450000000001,2.11495,2.01885,2.115,4.15,235.8,2.106,1230.0
2010-06-01,348.5139945,152.873933928571,820.990467,764.909333022946,75.2463636363636,75.3490909090909,232.8,96.0606,1.8042,-0.66,4.17,0.34,-0.14,0.319,2.948,149.21269,876.045436363636,1090.31818181818,3.922863656681819,6.818440909090909,2.255272727272727,2.014409090909091,2.255,4.81,221.8,2.081,1189.09090909091
2010-07-01,370.97576825,163.921745578231,836.73727552381,774.501169427167,75.195,76.1772727272727,227.8,94.4547,1.7689,-1.05,3.84,3.76,-0.001,0.249,2.911,182.738502222222,945.754472727273,1094.77272727273,3.93186365481818,6.776233333333334,2.2805238095238094,1.9945714285714289,2.281,4.62,218.5,2.061,1180.0
2010-08-01,379.462210909091,175.600130357143,895.27614,865.229330871734,76.8918181818182,76.6181818181818,226.5,93.6822,1.7588954545454547,-1.35,4.19,10.17,-0.062,0.232,2.959,219.877441666667,1012.83677727273,1140.04545454545,3.9347727297727295,6.787286363636364,2.178181818181818,1.9432727272727277,2.178,4.31,231.1,1.994,1210.90909090909
2010-09-01,390.23121675,205.839520408163,929.646261238095,884.893042919494,77.9381818181818,75.2736363636364,235.1,92.7626,1.717990476190476,-1.56,4.92,12.67,-0.268,0.14,2.946,240.432182833333,1031.50738636364,1195.18181818182,3.9495000187727296,6.739647619047619,2.068761904761905,1.9690476190476192,2.069,3.9,227.7,1.945,1272.27272727273
2010-10-01,427.17613225,235.703122959184,1034.848628,935.217659661426,83.3385714285714,81.902380952381,244.4,90.2291,1.68373,-1.64,6.11,4.19,-0.437,0.358,3.052,234.599563174603,1149.24637142857,1304.14285714286,3.95452383609524,6.667789999999999,2.258857142857143,2.164047619047619,2.259,3.43,243.7,2.11,1296.19047619048
2010-11-01,459.961136,238.23674875,1123.2958827619,1059.00982246095,85.8009090909091,84.1486363636364,255.1,90.5095,1.713105,-1.64,6.32,12.5,-0.495,0.241,3.14,241.840133333333,1243.95385909091,1395.77272727273,3.96572728613636,6.65381,2.238714285714285,2.244285714285714,2.245,3.73,255.3,2.187,1300.0
2010-12-01,483.755863022727,250.62555085034,1208.33218,1171.21592825812,91.96,89.3669565217391,264.0,91.1835,1.695485714285714,-1.59,7.8,15.73,-0.212,-0.042,3.243,274.456818166667,1385.48456521739,1466.26086956522,3.9738695623478297,6.649685714285714,2.4188181818181818,2.389181818181818,2.42,4.24,259.2,2.358,1359.13043478261
2011-01-01,511.104867,265.285523979592,1257.1404626,1238.57182207044,96.952380952381,89.5238095238095,303.8,90.1112,1.6745249999999998,-1.42,7.01,-1.06,0.192,-0.434,3.388,295.988606833333,1441.41652857143,1528.95238095238,3.979238090285712,6.596415,2.44835,2.44805,2.447,4.49,270.0,2.442,1568.57142857143
2011-02-01,512.052467684211,293.396796992481,1268.35269578947,1248.55261174094,104.2385,89.414,288.0,89.3967,1.6663947368421053,-1.19,3.3,-5.26,0.242,-0.39,3.584,317.600651403509,1419.267,1591.5,4.01939995265,6.576126315789473,2.758421052631579,2.557578947368421,2.758,4.09,289.3,2.552,1600.0
2011-03-01,498.739813173913,290.43472173913,1245.10227886957,1142.23124195196,114.917391304348,102.935652173913,303.0,88.4872,1.6573521739130437,-0.93,1.37,-1.79,0.367,-0.49,3.905,285.375811111111,1416.70472173913,1576.95652173913,4.0343043078695695,6.564460869565217,3.153565217391304,2.837652173913044,3.153,3.97,321.8,2.869,1600.0
2011-04-01,501.468831675,318.938776020408,1279.1425702,1123.78684415852,123.325714285714,110.147619047619,314.9,86.9214,1.5833,-0.73,0.16,-0.77,0.154,-0.467,4.064,307.254408421053,1446.91007142857,1691.7619047619,4.06404765452381,6.526685714285714,3.3734,3.1776,3.373,4.24,339.8,3.268,1600.0
2011-05-01,498.76510775,308.575221428571,1255.66756647619,1143.43623728316,114.929545454545,101.299090909091,312.1,86.9464,1.613609523809524,-0.55,0.96,4.05,-0.089,-0.184,4.047,307.19455031746,1415.51200909091,1701.18181818182,4.0807728117727295,6.495680952380953,3.0546666666666664,3.0237142857142856,3.055,4.3,328.4,3.096,1659.09090909091
2011-06-01,499.772775886364,310.536474285714,1250.059624,1075.90842453737,114.370454545455,96.2886363636364,311.5,86.9412,1.5854090909090908,-0.44,1.87,1.28,0.055,-0.139,3.933,285.29787,1404.24158181818,1700.86363636364,4.09259098245455,6.47455,2.861,2.8349545454545453,2.861,4.53,333.7,2.951,1776.36363636364
2011-07-01,501.82708275,300.832209464286,1242.1049542,1033.57231533957,117.483333333333,97.0780952380952,317.3,86.3178,1.56251,-0.48,0.97,-3.14,0.223,-0.272,3.905,271.462209333333,1393.9468047619,1676.42857142857,4.116761934380952,6.457535,2.94755,3.0211,2.948,4.42,327.8,3.099,1683.33506948061
2011-08-01,501.423700826087,310.307111645963,1225.27028417391,1047.51169150189,110.354782608696,86.334347826087,315.2,86.8983,1.5966391304347824,-0.62,0.78,3.43,0.344,-0.223,3.86,288.688308333333,1356.6505,1666.04347826087,4.1648261236087,6.403604347826088,2.839608695652174,2.8348260869565216,2.839,4.05,307.3,2.87,1819.88193594613
2011-09-01,490.90895475,296.299496428571,1218.86091066667,995.17881593662,111.962727272727,85.6481818181818,319.6,89.7253,1.749204761904762,-0.83,2.24,5.36,0.202,-0.188,3.837,272.340557936508,1310.83877727273,1672.77272727273,4.199227354909088,6.388457142857143,2.9165714285714284,2.7682380952380954,2.917,3.89,317.8,2.725,1837.7291951158
2011-10-01,446.016027,274.846376020408,1126.77078380952,914.437416029703,110.429523809524,86.4119047619048,328.7,90.6098,1.77027,-1.01,3.32,2.82,0.356,-0.187,3.798,251.589134761905,1268.96513809524,1565.19047619048,4.218904699761899,6.370955,2.9490000000000003,2.7724761904761905,2.949,3.57,310.6,2.681,1829.28811016896
2011-11-01,428.8252245,274.278348928571,1118.31974047619,985.766474625382,111.158636363636,97.1090909090909,338.7,91.2649,1.78642,-1.09,3.36,-0.3,0.336,-0.151,3.962,244.53785015873,1280.64808181818,1554.77272727273,4.25731812827273,6.35641,2.7371904761904764,2.6294285714285714,2.737,3.24,337.1,2.583,1860.6626274411
2011-12-01,420.04610475,258.51794047619,1103.04487333333,969.07252384964,108.347727272727,98.5668181818182,335.1,92.2056,1.839104761904762,-1.04,4.47,-1.73,-0.128,0.101,3.861,236.0596865,1244.42681363636,1535.63636363636,4.28518186918182,6.348209523809524,2.702238095238095,2.633857142857143,2.702,3.16,311.0,2.594,1853.52725151471
2012-01-01,441.7327614,272.920145535714,1131.7747463,1020.53563972811,111.415,100.102272727273,322.0,91.6463,1.785035,-0.86,3.13,1.08,0.046,-0.159,3.833,243.702369166667,1253.12027727273,1553.40909090909,4.31677269931818,6.31717,2.9197,2.8225,2.92,2.67,322.0,2.796,1858.53871955666
2012-02-01,461.55598755,279.514321428571,1170.2233191,1047.68849150072,119.165714285714,102.297142857143,313.6,89.9605,1.7168,-0.72,1.33,-6.71,-0.078,-0.151,3.953,245.9804765,1297.2055047619,1441.0,4.34457140880952,6.29969,3.30215,3.04355,3.302,2.51,329.2,3.01,1885.51428154753
2012-03-01,496.290475227273,280.715051964286,1196.527442,1105.74186940845,124.703181818182,106.187272727273,309.4,90.5112,1.7953,-0.59,-2.18,1.74,0.026,-0.28,4.127,243.493598333333,1288.75260454545,1441.0,4.35240910281818,6.312481818181817,3.3832272727272725,3.1674090909090906,3.383,2.16,344.3,3.343,1807.74391133148
2012-04-01,529.42160145,274.219296607143,1232.58204561905,1157.44852277015,120.47,103.325714285714,306.1,90.8156,1.852247619047619,-0.47,-1.23,-0.77,-0.271,0.026,4.115,228.086310833333,1304.06315238095,1441.0,4.393618947,6.304328571428571,3.2503,3.20575,3.25,1.95,339.4,3.254,1717.7857872039
2012-05-01,520.925455909091,268.884903571429,1134.57762,1031.12437851623,110.822173913043,94.5347826086957,311.1,92.4928,1.9810227272727277,-0.26,-0.85,6.54,-0.37,0.288,3.979,228.87964,1236.62266521739,1441.0,4.44604349134783,6.3242045454545455,3.2337727272727275,2.8766818181818183,3.234,2.43,325.8,2.95,1619.48754367165
2012-06-01,522.3291925,267.328921768707,1097.79577809524,927.6276422504,95.8890476190476,82.4004761904762,311.6,93.8809,2.0481952380952384,-0.01,0.48,3.98,0.001,-0.067,3.759,241.965793492064,1182.6853047619,1441.0,4.49200001214286,6.363257142857143,2.626333333333333,2.6024285714285718,2.626,2.46,295.4,2.651,1546.31549917264
2012-07-01,609.4467555,332.99885255102,1175.27242380952,952.539138657086,102.979545454545,87.9190909090909,312.0,93.4062,2.029552380952381,0.25,0.74,3.58,0.546,-0.421,3.721,310.746438095238,1209.43215,1505.54479166667,4.548090913,6.371742857142857,2.819619047619048,2.747523809523809,2.819,2.96,298.7,2.821,1541.45138645139
2012-08-01,622.913549771739,332.233495341615,1188.510642,930.614436340847,113.780434782609,94.1182608695652,301.3,92.5283,2.0279434782608696,0.37,2.05,7.51,0.652,-0.358,3.983,315.548219130435,1221.66654782609,1549.85815217391,4.60765210447826,6.359278260869565,3.1291739130434784,3.0225652173913047,3.129,2.84,324.1,3.03,1515.53382575122
2012-09-01,615.18139725,320.705905639098,1213.29521210526,879.533980138316,113.6415,94.7045,304.3,90.9802,2.026857894736842,0.37,3.49,12.81,0.453,-0.077,4.12,316.653051578947,1267.898245,1582.8484375,4.6695499896,6.32,3.1626315789473685,3.270421052631579,3.162,2.85,342.4,2.996,1588.56081081081
2012-10-01,565.525481804348,321.382417321428,1119.91820408696,768.090641601712,111.792608695652,89.5965217391304,310.9,90.7566,2.0297318181818182,0.27,4.97,14.31,0.11,0.116,4.094,318.407834927536,1216.49266956522,1483.15969202898,4.72552175108696,6.262731818181819,3.134782608695652,2.974826086956522,3.135,3.31,351.0,2.806,1637.41228806446
2012-11-01,533.028608,321.596870488722,1071.76026571429,743.12977503119,109.911818181818,86.7209090909091,310.1,91.4751,2.06622,0.05,5.35,0.95,-0.1,0.122,4.0,319.459936190476,1199.95621818182,1483.02916666667,4.79649996745455,6.23375,2.7924761904761906,2.817333333333333,2.792,3.55,323.8,2.692,1675.89066339066
2012-12-01,534.7907746125,308.75040056391,1088.7846563,713.936122329513,109.569047619048,88.2628571428571,310.1,90.8804,2.07746,-0.21,3.92,3.17,0.268,-0.055,3.961,303.038556140351,1191.08074714286,1510.9056547619,4.881333328380952,6.232815,2.6154,2.7274000000000003,2.615,3.34,317.4,2.697,1863.89685603972
2013-01-01,526.047305,303.36021122449,1122.83396238095,776.540602794027,112.527826086957,94.7295652173913,308.0,90.8255,2.028109523809524,-0.43,2.86,2.99,-0.065,0.119,3.909,288.210322539683,1208.0832,1506.7847826087,4.947869529,6.221519047619048,2.90047619047619,2.852238095238095,2.9,3.33,318.9,2.827,1985.40876280007
2013-02-01,536.375830144737,302.61034047619,1131.97954389474,792.38025467019,116.488,95.3095,309.8,91.5509,1.9729315789473685,-0.43,1.63,3.66,0.189,0.044,4.111,271.678588703704,1217.642295,1512.5996875,5.0094999791,6.232268421052631,3.332210526315789,3.052842105263158,3.332,3.34,342.4,3.035,1923.49806949807
2013-03-01,536.081397075,309.579205075188,1102.8942243,771.87090169633,109.585714285714,93.1990476190476,312.7,92.4132,1.9842142857142857,-0.34,3.72,14.96,0.083,0.043,4.068,263.341859,1162.42271523809,1462.01458333333,5.08704759971429,6.215438095238095,3.02945,2.9137,3.029,3.82,321.0,3.12,2366.59955874242
2013-04-01,517.789715147727,279.764846428571,1086.747387,756.461298988703,102.96,92.0677272727273,318.0,92.0478,2.001109090909091,-0.3,2.22,1.0,-0.297,0.155,3.93,264.170261666667,1130.70445227273,1439.22604166667,5.151409105727272,6.186109090909091,2.906590909090909,2.706,2.906,4.17,318.3,2.84,2433.04843804844
2013-05-01,542.199223125,295.368975,1082.779071,763.381461314682,102.980434782609,94.7669565217391,322.4,92.529,2.036472727272727,-0.36,3.12,1.39,-0.506,0.218,3.87,276.045146666667,1117.66320304348,1466.97454710145,5.23933335704762,6.141631818181819,2.9995000000000003,2.742136363636364,2.999,4.04,307.7,2.837,2529.90483228764
2013-06-01,560.1577065,297.111913214286,1058.5923854,763.043603845228,103.3585,95.7695,313.6,93.2836,2.17336,-0.41,0.86,-2.79,-0.497,0.227,3.849,266.850879166667,1115.861602,1472.0715625,5.33175003525,6.13415,3.0206500000000003,2.74025,3.021,3.82,304.8,2.813,2600.18930230453
2013-07-01,548.349617454545,279.013271428571,1000.837354,729.857477270013,107.779565217391,104.42652173913,290.2,93.8724,2.2518318181818184,-0.4,0.75,3.61,-0.18,0.057,3.866,257.472893333333,1003.37275,1375.47626811594,5.4397282393043485,6.13425,3.0473636363636363,2.9235454545454544,3.047,3.63,311.6,3.005,2243.38953909266
2013-08-01,498.048327238636,234.938766071429,944.268809,722.835323978943,111.058181818182,106.435454545455,267.9,93.7149,2.340790909090909,-0.32,1.63,2.13,-0.194,0.075,3.905,258.925938333333,991.211665454545,1152.390625,5.58231819763636,6.121263636363636,2.8253181818181816,2.933,2.825,3.43,319.3,2.966,2506.11130687302
2013-09-01,503.2371222375,207.490173392857,934.9683189,725.796977269961,111.962857142857,106.395238095238,263.8,93.4706,2.264105,-0.26,2.9,5.2,-0.31,0.127,3.961,257.499616,985.022421904762,1158.37529761905,5.736428555952379,6.119815,2.9074,2.7968,2.907,3.62,328.0,2.734,2291.86227721663
2013-10-01,472.827516913043,201.779992857143,897.663752173913,762.620879508893,109.618695652174,100.556956521739,258.5,92.4993,2.1882227272727275,-0.18,4.48,-0.15,-0.168,0.155,3.885,278.149556666667,1009.27474478261,1187.12817028985,5.84788048804348,6.103213636363637,2.7609565217391308,2.6852608695652176,2.761,3.66,318.4,2.635,2338.33448962355
2013-11-01,476.6622412125,199.182444172932,897.3134093,810.300668509088,108.150476190476,93.8509523809524,256.0,93.3737,2.295936842105263,-0.17,3.06,1.42,0.199,0.026,3.839,259.777723333333,1021.48707095238,1192.39890873016,6.017380986904759,6.092931578947368,2.65125,2.67345,2.651,3.62,307.0,2.63,2392.1686366692
2013-12-01,488.66933875,197.553448639456,872.473115904762,795.274809614982,111.070454545455,97.8904545454545,252.2,93.534,2.347095238095238,-0.27,2.85,-4.11,0.141,-0.152,3.882,246.112578730159,1007.59678954545,1169.175,6.34204545886364,6.0738,2.6853333333333333,2.7357142857142858,2.685,4.24,314.7,2.722,2207.45100391585
2014-01-01,476.1021185,198.771988605442,831.351703809524,769.337282775421,107.926956521739,94.9630434782609,249.4,94.4648,2.3857809523809523,-0.42,0.77,-9.8,-0.101,0.024,3.893,229.980359365079,951.764827826087,1110.11820652174,7.097010799,6.050938095238095,2.6275714285714287,2.672428571428572,2.628,4.69,308.5,2.646,2431.17888815155
2014-02-01,496.798997486842,209.356019548872,873.656096210526,811.204668117423,108.838,100.705,262.4,94.6456,2.3792,-0.46,-1.92,-13.08,-0.089,0.001,3.984,242.798281578947,974.823446,1137.0390625,7.846625089550002,6.0816,2.868684210526316,2.795526315789474,2.869,6.01,322.0,2.759,2323.84068080357
2014-03-01,522.00112375,222.392917176871,928.543951238095,860.51868173512,107.868095238095,100.568095238095,273.1,94.4408,2.3250523809523806,-0.27,-4.4,-7.2,-0.151,0.052,4.001,275.612493968254,1014.2595647619,1152.08521825397,7.928750060857139,6.172876190476191,2.8936666666666664,2.7535238095238093,2.894,6.01,318.1,2.931,2376.98464647683
2014-04-01,547.18805525,222.430410714286,934.097494,825.324971657079,108.003636363636,102.175,289.5,93.9956,2.2324727272727274,0.04,-3.68,0.55,-0.058,0.079,3.964,276.382361269841,1008.34933954545,1125.09895833333,8.001250266999998,6.224613636363636,3.1693809523809526,2.896428571428572,3.169,6.01,318.7,3.012,2256.20290631033
2014-05-01,546.03325325,216.975101020408,893.532486,800.287339283589,109.832272727273,101.996363636364,300.4,93.67,2.219509523809524,0.21,-3.8,-6.1,-0.092,0.255,3.943,287.912873809524,948.998573181818,1127.28229166667,8.0388636155,6.237957142857143,3.036095238095238,2.862380952380952,3.036,6.01,316.5,2.958,2217.55274945705
2014-06-01,528.00259475,202.633822959184,871.57027152381,758.471935550584,112.240952380952,105.234761904762,287.6,93.8274,2.236019047619048,0.16,-4.29,-2.43,-0.028,0.16,3.906,261.649900634921,932.074471904762,1112.05744047619,8.124702362428572,6.230604761904762,3.1158571428571427,2.895809523809524,3.116,6.01,308.8,3.04,2212.72147985039
2014-07-01,463.233671488636,182.29451625,813.855515,752.885193673306,107.462608695652,102.948260869565,273.0,93.6039,2.224213636363636,0.05,-2.13,1.91,-0.363,0.393,3.884,238.549905,880.603739565218,1061.82382246377,8.159836934999998,6.198436363636364,2.907681818181818,2.802136363636364,2.908,6.01,307.8,2.91,2145.50381575773
2014-08-01,432.98513625,176.482080612245,745.843942380952,677.86216106537,102.401904761905,96.3171428571429,271.1,94.5808,2.268519047619048,0.07,-0.34,0.63,-0.372,0.297,3.838,229.158001111111,848.766658095238,992.545932539683,8.31660715752381,6.15412857142857,2.808142857142857,2.7054285714285715,2.808,6.01,306.9,2.733,1986.80211062465
2014-09-01,368.84988275,163.134381292517,711.735321523809,656.983081654465,97.8527272727273,93.2718181818182,271.3,96.1209,2.3378809523809525,0.23,1.8,5.42,-0.145,0.14,3.792,211.171101428571,819.573948181818,983.045833333334,8.415624922136361,6.138228571428571,2.7193333333333336,2.720952380952381,2.719,6.01,302.3,2.59,2008.05133105914
2014-10-01,354.440913065217,163.378089285714,721.380419913044,673.086555708356,87.5847826086957,84.4060869565217,272.7,97.4396,2.449531818181818,0.49,3.18,6.17,0.141,0.011,3.681,210.724928333333,837.267998695652,1044.725,8.477771800478257,6.125050000000001,2.3382608695652176,2.398217391304348,2.338,6.01,283.4,2.253,1833.78189852799
2014-11-01,379.344859618421,178.708535084034,721.398077052631,662.402970237562,79.2295,75.7075,270.3,99.1147,2.5527277777777777,0.64,3.1,-7.01,0.01,0.261,3.647,215.987918235294,826.530475,1068.89177083333,8.512874937000001,6.124894444444444,2.024578947368421,2.165578947368421,2.024,6.01,272.3,2.058,1991.44933186534
2014-12-01,378.781617375,178.712946088435,705.558568,624.535496211625,62.9039130434783,59.1395652173913,269.1,101.4441,2.6418857142857144,0.66,1.35,2.08,0.046,0.129,3.411,234.858836666667,809.406214782609,1049.03233695652,8.54907637078261,6.188628571428571,1.508181818181818,1.6831363636363634,1.508,6.01,229.9,1.618,1995.10429235039
2015-01-01,367.49211555,174.794871428571,707.8814358,641.597233169228,48.9331818181818,47.5572727272727,271.6,103.7607,2.63462,0.55,-0.8,-11.4,-0.1,0.017,2.997,213.0214075,774.332090909091,1004.196875,8.600340973318179,6.218135,1.3014,1.36425,1.301,6.01,182.6,1.341,1951.39371476286
2015-02-01,364.739238868421,173.758865789474,697.936278947368,634.378125181584,58.254,50.857,275.2,105.1685,2.8169894736842105,0.47,-1.78,-6.57,-0.345,0.192,2.858,201.74206877193,747.448271,960.516562500001,8.68587498665,6.2518473684210525,1.9415263157894735,1.6071052631578948,1.942,6.01,191.5,1.605,2028.16698087597
2015-03-01,359.595560386364,174.293821428571,683.4322,607.654865340564,56.5245454545454,47.7822727272727,274.9,107.3647,3.1413727272727274,0.53,-4.23,-9.15,-0.241,0.225,2.897,202.691426666667,743.426433636364,957.255208333334,8.781250043363638,6.238604545454546,2.0167272727272727,1.6442272727272729,2.017,6.01,193.1,1.826,2070.85783594573
2015-04-01,356.92567725,172.151577040816,691.67327952381,591.787920473602,59.8263636363636,54.3786363636364,279.1,106.3523,3.042090909090909,0.7,-5.65,-5.55,-0.008,0.137,2.782,195.931228253968,742.288576818182,1002.01354166667,8.86295457313636,6.200995454545454,2.154190476190476,1.793,2.154,6.01,183.8,1.899,2017.27466394459
2015-05-01,351.94953045,166.350389464286,716.4904769,601.396540199212,65.1938095238095,59.3885714285714,278.3,105.4065,3.056205,0.93,-4.08,-2.25,0.24,0.207,2.888,193.216571166667,763.780086190476,1081.89365079365,8.948321433285711,6.20345,2.4716,1.9381,2.472,6.01,202.6,2.028,2044.77734590458
2015-06-01,354.823054806818,166.813860714286,738.036629,606.404488474595,62.62,59.8286363636364,278.1,106.179,3.111690909090909,1.18,-4.13,-0.54,0.296,0.134,2.873,199.835441666667,811.746834863636,1102.85625,9.041591037409088,6.2052,2.1875,2.0051363636363635,2.187,6.01,198.7,2.069,2008.05133105914
2015-07-01,372.347294454545,179.608530357143,695.788093,575.682129641201,56.8295652173913,51.1986956521739,260.0,108.1236,3.228809090909091,1.52,-1.6,0.39,0.225,0.293,2.788,199.21748,796.461028695652,1069.26376811594,9.140815195869568,6.20845,2.676636363636364,1.8553181818181816,2.663,6.01,194.0,1.911,2063.58228764479
2015-08-01,347.02237525,162.74069914966,628.747125809524,484.677591320546,47.5338095238095,42.9128571428571,257.2,109.9768,3.515433333333333,1.86,1.1,3.18,0.567,0.022,2.595,173.517591587302,754.408904285714,980.251686507937,9.243154662,6.3382523809523805,2.075333333333333,1.6202380952380953,2.075,6.01,189.2,1.604,2042.47674132998
2015-09-01,323.554524,166.077623979592,590.250261333333,483.487307650792,48.0304545454545,45.51,258.8,110.8513,3.903219047619048,2.16,2.44,4.85,0.294,0.301,2.505,164.06922015873,767.198350909091,981.681250000001,9.363693063954551,6.3676047619047615,1.7053333333333331,1.457047619047619,1.715,6.01,169.4,1.382,1932.50784266409
2015-10-01,327.419770363636,171.448573214286,623.80725,530.246639789742,48.9063636363636,46.2686363636364,252.2,109.9036,3.875238095238095,2.42,3.95,1.67,0.483,0.105,2.519,165.451481904762,805.175656818182,1059.053125,9.48761363463636,6.3505,1.6692272727272728,1.3966363636363637,1.669,6.01,173.5,1.349,1821.82784803879
2015-11-01,319.0822908,166.09242406015,614.7362408,503.163620012229,45.0952380952381,42.5852380952381,246.9,111.6916,3.785768421052632,2.57,1.08,-8.64,0.347,0.253,2.467,157.804378947368,778.372963333333,1045.01091269841,9.62613096690476,6.364036842105262,1.51145,1.37725,1.507,6.01,167.4,1.335,1716.71113356661
2015-12-01,323.315332056818,164.004401785714,677.199138,520.602567605653,38.5252173913043,37.3960869565217,248.8,112.7857,3.880836363636364,2.64,-0.58,-8.24,0.272,0.496,2.31,163.893455,810.667671739131,1022.14411231884,11.3129347925652,6.449095454545454,1.6332272727272723,1.2758636363636364,1.647,6.01,130.8,1.254,1656.91541988417
2016-01-01,323.204353776316,161.098876879699,659.900782315789,531.619442572607,32.0452380952381,31.7842857142857,243.0,115.2344,4.05558947368421,2.48,-0.56,-2.91,0.266,0.531,2.143,164.611626666667,777.903425238095,1020.13650793651,13.6144643514286,6.5726,1.2994736842105263,1.116210526315789,1.32,6.01,119.2,1.094,1800.45314008204
2016-02-01,320.12948625,159.716845357143,686.9044765,595.900683226908,33.762380952381,30.377619047619,227.9,114.2817,3.964385,2.14,-0.66,-15.37,-0.11,0.559,1.998,159.283795,778.936146666667,1039.57857142858,14.81280949,6.550050000000001,0.9747,1.05775,0.97,6.01,113.4,0.995,1851.98668255309
2016-03-01,326.935421590909,159.226532142857,713.855956,633.067782763729,39.7921739130435,37.9017391304348,228.4,111.8934,3.698021739130435,1.58,-1.4,-2.64,-0.009,0.852,2.09,164.060471666667,767.374764782609,1013.92101449276,14.9147827321739,6.5026913043478265,1.5194545454545454,1.1957272727272727,1.528,6.01,119.4,1.416,1811.5160472973
2016-04-01,353.80246275,164.465401870748,748.531479142857,680.375486749158,43.3304761904762,41.0319047619048,232.8,110.0171,3.5634476190476194,0.94,-1.58,4.88,0.146,0.56,2.152,163.386837777778,805.604525238095,1028.42797619048,14.3872618909524,6.475433333333334,1.5511428571428572,1.4484285714285714,1.551,6.01,123.6,1.488,1865.33018908577
2016-05-01,388.5121365,169.002119897959,707.032132190476,644.564789449039,47.735,46.8418181818182,229.2,111.1405,3.540304761904762,0.39,0.09,-2.16,-0.113,0.542,2.315,157.560342063492,798.869667272727,1040.221875,14.116329627272698,6.525880952380952,1.5254285714285714,1.5625714285714285,1.53,6.01,144.4,1.581,1830.17276826847
2016-06-01,421.228941715909,179.912739285714,703.604473,618.453034128718,49.8772727272727,48.7918181818182,226.1,111.5596,3.4234454545454542,-0.07,-0.1,-0.16,-0.443,0.548,2.423,156.695036666667,788.774355909091,1017.296875,14.1557386136364,6.589222727272727,1.6424999999999998,1.505681818181818,1.642,6.01,155.4,1.554,1870.57975043327
2016-07-01,390.4018125,161.823044821429,669.8627639,584.190132904984,46.5985714285714,44.8961904761905,208.0,112.4773,3.27814,-0.36,-0.14,1.71,-0.758,0.62,2.405,133.710203,764.353752380953,975.105257936509,14.8748808809524,6.677105,1.4018000000000002,1.34885,1.412,6.01,157.6,1.38,1816.09725118932
2016-08-01,370.316587793478,150.21541242236,711.73760373913,664.377119626144,47.0521739130435,44.7517391304348,198.8,111.4384,3.208552173913044,-0.54,1.09,3.47,-0.444,0.598,2.351,127.899911014493,818.879502608696,981.942300724638,14.832662956087,6.646573913043477,1.3880434782608695,1.3785217391304347,1.388,6.01,149.8,1.416,1789.25019606661
2016-09-01,355.90210275,148.51190170068,722.611446857143,692.406658440732,47.3768181818182,45.2,195.9,112.3169,3.2531809523809523,-0.63,2.11,0.8,-0.437,0.5,2.394,123.248756190476,848.637222272727,989.050000000001,15.1125567181818,6.670180952380953,1.5569523809523809,1.441095238095238,1.552,6.01,163.1,1.392,1808.65165820244
2016-10-01,358.38667675,152.617444047619,757.255475428571,651.448642642048,51.4138095238095,49.8095238095238,196.3,113.4747,3.185395,-0.69,2.65,4.33,-0.372,0.364,2.454,122.558500166667,900.38905,998.407142857144,15.17494029,6.73031,1.6188095238095237,1.5216190476190476,1.619,6.01,159.7,1.49,1727.29391460976
2016-11-01,368.3730895,151.331415714286,772.41486247619,669.99758823287,46.9422727272727,45.4709090909091,196.8,116.1075,3.3368900000000004,-0.67,3.57,3.61,-0.382,0.381,2.439,122.549797719298,896.353904545454,1000.48520833333,15.3534659904545,6.84016,1.4384285714285714,1.4615238095238094,1.434,6.01,157.0,1.384,1665.03118898627
2016-12-01,375.28877875,152.729924659864,800.256063619048,711.756236551718,55.0227272727273,52.0527272727273,194.4,117.9048,3.353966666666667,-0.56,2.87,-1.97,-0.31,0.427,2.51,122.846325555556,917.339713636363,1012.24791666667,15.8485797109091,6.919752380952381,1.4957619047619048,1.631857142857143,1.5,6.01,158.8,1.579,1743.20991534859
2017-01-01,379.589978775,160.012106964286,771.8815544,726.488555994266,55.7109090909091,52.5618181818182,196.3,117.7858,3.190084210526316,-0.34,1.69,6.73,-0.086,0.13,2.58,137.145735833333,917.373227272727,980.862500000001,15.9105678472727,6.890663157894736,1.60805,1.6136,1.612,6.01,161.1,1.574,1820.94943538303
2017-02-01,380.872623986842,162.962535912698,742.922130210526,706.793595646491,56.096,53.45,203.9,116.1204,3.105726315789474,-0.16,0.82,-5.01,0.101,-0.043,2.568,147.361442105263,872.3303565,966.971041666668,15.579312563499998,6.869426315789474,1.7585263157894735,1.5478947368421052,1.756,6.01,163.5,1.534,1806.41170593026
2017-03-01,366.095056173913,158.979119254658,723.402919130435,663.299519382585,52.6552173913044,49.3630434782609,210.6,115.6558,3.1275304347826087,0.05,-1.07,-7.11,0.357,-0.328,2.554,146.43149942029,839.915257391304,936.78052536232,15.5249455486957,6.894,1.7198260869565216,1.4919565217391304,1.72,6.01,161.3,1.629,1882.51470499518
2017-04-01,347.861310355263,156.540452067669,695.302338210526,623.207664785016,53.978,51.174,217.6,114.7698,3.138995,0.2,0.13,9.03,0.499,-0.377,2.583,138.407590701754,823.0287205,939.952291666668,15.335187627,6.887555000000001,1.7721052631578948,1.6093684210526316,1.777,6.01,162.9,1.681,1847.96062454754
2017-05-01,350.179987261364,158.600219642857,714.066397,655.510616305257,51.374347826087,48.5595652173913,216.9,114.2591,3.204277272727273,0.3,2.16,1.67,0.536,-0.233,2.56,146.440213333333,833.627775652174,949.833061594204,15.7178240656522,6.884304545454546,1.745,1.5366363636363636,1.746,6.01,173.6,1.581,1814.87693050193
2017-06-01,339.728909863636,157.973907142857,704.827035,621.181586939107,47.6527272727273,45.1854545454545,214.1,112.7603,3.2953954545454547,0.31,1.16,-0.58,0.424,-0.226,2.511,157.246191666667,830.437526363636,936.240625000002,16.1236884809091,6.806563636363635,1.6193636363636363,1.4448636363636362,1.619,6.01,171.5,1.482,1878.0462580072
2017-07-01,365.4528402,157.610645892857,738.7240696,617.158220835306,49.2533333333333,46.5819047619048,204.9,111.0606,3.19941,0.14,2.1,1.15,0.52,-0.094,2.496,174.532416666667,866.075945714286,951.946329365081,17.1988023809524,6.769425,1.6633684210526316,1.5694210526315788,1.669,6.01,179.6,1.57,1894.77792764065
2017-08-01,345.410749402174,148.543430357143,746.637696869565,621.819465680048,51.9278260869565,48.0478260869565,194.7,109.9059,3.147791304347826,-0.11,1.93,2.1,0.349,0.081,2.595,139.050815072464,874.811255652174,967.845561594204,17.4122756521739,6.666995652173913,1.806782608695652,1.687608695652174,1.807,6.01,188.9,1.663,1952.25303149131
2017-09-01,353.86020285,147.315857857143,755.6555512,661.631565157988,55.557619047619,49.7357142857143,193.1,108.8542,3.132515,-0.38,3.1,3.74,0.034,0.142,2.785,138.413392333333,890.773185238095,971.817261904764,17.2388023809524,6.568989999999999,1.8145,1.8572,1.823,6.01,204.2,1.663,2034.65468577634
2017-10-01,358.276127522727,148.722376785714,740.742299,648.161663544148,57.5363636363636,51.5731818181818,195.4,110.8892,3.1922666666666664,-0.65,2.94,0.62,0.016,0.238,2.794,133.344516031746,898.620280454545,945.246875000002,17.4548790909091,6.6254,1.7613636363636365,1.7154090909090909,1.761,6.01,213.5,1.652,2167.92243440681
2017-11-01,361.4092835,148.792165892857,758.620240190476,635.563806500635,62.8363636363636,56.7381818181818,202.6,111.1635,3.26293,-0.84,4.48,3.59,0.289,-0.194,2.909,138.045955666667,938.896672727273,948.521875000001,17.4832322727273,6.620015,1.8431904761904765,1.831,1.836,6.01,223.7,1.771,2067.3441853227
2017-12-01,357.1533569625,149.0874275,730.5669756,592.797796439949,64.0642857142857,57.9204761904762,208.1,110.8758,3.294960000000001,-0.97,6.14,-2.39,0.109,-0.289,2.909,147.1032695,877.510107142857,940.366865079367,17.7277319047619,6.593195,1.6482500000000002,1.7556999999999998,1.646,6.01,223.8,1.721,2225.14474455323
2018-01-01,356.868812,155.916875340136,726.663748380952,633.347501155855,68.8891304347826,63.5847826086957,213.5,108.3567,3.211523809523809,-0.92,2.12,-9.52,-0.2,-0.189,3.018,156.388044126984,842.578376956522,935.475271739132,19.0187986956522,6.423295238095237,1.9544761904761905,1.902809523809524,1.944,6.01,229.4,1.856,2130.37984133687
2018-02-01,371.232237434211,163.460969736842,709.377096421053,642.943711013104,65.6965,62.227,224.5,107.65,3.2506526315789475,-0.85,-0.22,-2.45,0.215,-0.148,3.046,172.289119122807,822.213361,951.960625000001,19.839243,6.318315789473684,1.8785263157894736,1.8179473684210523,1.877,6.01,226.5,1.772,2061.01961420125
2018-03-01,381.89389625,172.076589965986,702.234459142857,624.308918836003,66.8918181818182,62.8304545454545,228.1,107.9473,3.2789681818181817,-0.7,0.56,2.4,-0.12,0.099,2.988,180.918815873016,795.606224090909,946.611458333335,20.230330909090892,6.317368181818182,2.075190476190476,1.8296190476190477,2.08,6.01,224.8,1.952,2132.34672184867
2018-04-01,381.2683785,175.600982482993,691.116875428571,618.000861676943,71.9328571428572,66.3138095238095,228.2,107.9428,3.4088857142857143,-0.5,-2.9,-7.51,-0.083,0.135,3.096,180.376409365079,791.391853809524,957.950496031747,20.2417776190476,6.2966523809523816,2.212761904761905,1.9949523809523808,2.213,6.01,231.8,2.051,2118.8568132067
2018-05-01,374.848371306818,179.179058928571,683.442221,606.02164191076,76.934347826087,69.8986956521739,226.7,111.046,3.6316,-0.22,-4.72,-4.84,0.122,-0.072,3.244,192.70383,808.139770434782,938.999456521741,23.6157008695652,6.3700636363636365,2.297136363636364,2.1303181818181818,2.295,6.01,251.1,2.181,2160.20767977799
2018-06-01,339.9579615,165.140285544218,657.438680380952,582.897990498486,75.8028571428572,67.8761904761905,227.1,112.8435,3.7710476190476183,-0.01,-6.48,4.39,0.155,-0.181,3.253,193.07921984127,818.629262380952,911.632638888891,26.59761285714289,6.465123809523809,2.1362380952380957,2.0297619047619047,2.136,6.01,261.4,2.089,2180.51301580598
2018-07-01,312.56203375,156.55426547619,624.159416571428,538.208165734094,75.2290909090909,71.0745454545455,226.3,113.0594,3.8220952380952378,0.09,-4.72,-0.67,0.053,-0.198,3.233,196.806077460317,842.596240909091,932.146875000002,27.59612909090909,6.716447619047619,2.138428571428572,2.073095238095238,2.14,6.01,256.9,2.102,1992.23990325553
2018-08-01,316.658804152174,162.522258540373,623.054367913043,534.352874709735,73.8513043478261,67.9273913043478,225.2,113.8309,3.9333217391304345,0.23,-1.36,1.19,0.122,-0.134,3.218,211.29205884058,852.796696956522,889.138768115944,30.1795582608696,6.845265217391304,2.077652173913044,2.0765652173913045,2.078,6.01,254.3,2.053,2137.10160774614
2018-09-01,306.432788605263,154.945003383459,616.214496526316,524.853111692692,79.163,70.1905,230.2,114.0783,4.108747368421052,0.49,-0.78,4.51,0.604,-0.276,3.262,191.144421754386,841.173709,857.545104166668,38.6138685,6.855084210526316,2.21878947368421,2.089684210526316,2.224,6.01,262.5,2.012,2143.63432447514
2018-10-01,315.852040304348,160.365565062112,637.509006869565,506.85604169469,80.7834782608696,70.7530434782609,237.4,114.8301,3.761113636363637,0.76,0.99,1.19,0.685,-0.296,3.365,188.461606666667,870.23825826087,855.72427536232,37.0316247826087,6.9191045454545455,2.254304347826087,2.028260869565217,2.254,6.01,271.7,1.951,2025.77235159267
2018-11-01,322.28161725,160.878207678571,610.480274380952,444.079833274839,66.2286363636364,56.1881818181818,240.9,116.1678,3.78595,0.9,-0.68,-8.0,0.5,-0.133,3.3,181.552390877193,850.794377727273,818.067708333335,36.4695390909091,6.936674999999999,1.7274999999999998,1.63055,1.739,6.01,264.8,1.557,1851.6938783345
2018-12-01,330.482023725,167.489880555556,621.8792096,462.438918474042,57.9480952380952,48.9190476190476,242.3,116.2111,3.883355555555556,0.81,-1.83,-3.66,0.309,0.012,3.123,188.535836296296,819.409514285714,814.422321428572,37.84427857142858,6.883711111111111,1.6030555555555557,1.4635,1.597,6.01,232.7,1.381,1646.77275449876
2019-01-01,333.77714625,166.846241496599,636.925216190476,519.152943137988,59.9447826086956,51.2273913043478,240.9,114.4403,3.735565,0.75,-0.7,2.32,0.387,0.006,2.98,188.84494968254,839.940769565217,827.53079710145,37.5284708695652,6.786345,1.6065238095238097,1.4263333333333332,1.607,6.01,201.1,1.383,1707.32866795367
2019-02-01,334.503041526316,169.656283458647,666.363799894737,522.287898643095,64.384,54.996,243.2,114.4106,3.724433333333333,0.72,-0.03,-4.95,0.416,-0.112,2.997,177.916701754386,818.466435789474,847.21951754386,38.394619,6.736683333333334,1.812578947368421,1.565157894736842,1.817,6.01,218.3,1.519,1955.3928039588
2019-03-01,329.23667475,166.321331972789,645.071812,492.679439788188,66.9419047619048,58.1704761904762,241.9,114.7823,3.840747619047619,0.71,-3.01,-10.76,0.224,0.029,3.076,164.506644761905,801.679027619047,840.869246031747,41.34975428571431,6.711942857142858,2.004,1.8122380952380956,2.004,6.01,239.3,1.855,1442.01894735935
2019-04-01,324.254404,161.653386564626,629.565984666667,503.28511243152,71.4759090909091,63.8704545454546,234.0,114.9024,3.897422727272728,0.66,-3.54,-3.89,0.258,0.119,3.121,159.030088730159,800.198136818182,840.719791666667,43.1098786363636,6.716068181818182,2.507476190476191,2.039047619047619,2.512,6.01,237.7,2.04,1942.17038187741
2019-05-01,305.310919056818,171.180153571429,597.522167,472.097758555727,70.3891304347826,60.74,231.9,115.957,3.991490909090909,0.54,-2.08,3.11,0.539,-0.068,3.161,158.281695,814.511911739131,871.517844202899,44.8519504347826,6.851859090909091,2.245090909090909,1.9178181818181816,2.239,6.01,235.0,1.976,1928.3067386583
2019-06-01,326.6147493,195.167922321429,614.0528086,474.627071385656,63.2085,54.666,225.7,115.4279,3.855685,0.45,-1.35,3.43,0.605,-0.098,3.089,174.697763166667,832.064788,885.764687500001,43.7224935,6.897675,1.8512,1.7403,1.851,6.01,204.4,1.781,1951.83292109073
2019-07-01,325.469849011364,189.486373214286,617.243495,466.214596109574,64.3221739130435,57.3760869565217,215.9,115.0785,3.7785136363636367,0.28,-0.14,2.42,0.597,-0.264,3.045,163.876753333333,840.739292608696,913.15543478261,42.51401391304351,6.877472727272727,1.9139523809523808,1.8871428571428568,1.919,6.01,220.0,1.9,1907.72132902992
2019-08-01,314.626282090909,163.628614285714,629.158464,508.608892809685,59.6181818181818,54.8304545454545,211.5,117.102,4.021968181818182,0.14,0.33,6.16,0.436,-0.184,3.005,149.363005,881.525216818182,908.676041666668,52.63579,7.062859090909091,1.8092727272727276,1.694590909090909,1.809,6.01,207.2,1.675,1928.99419204107
2019-09-01,322.453525275,157.374436607143,640.3759714,506.856315453768,62.4309523809524,56.86,207.7,117.3256,4.1195,0.19,2.33,6.06,0.893,-0.636,3.016,146.570486333333,901.676779047619,904.055952380953,56.571660952381,7.113725,2.055,1.73,2.059,6.01,218.4,1.612,1901.21962044953
2019-10-01,339.87123723913,167.297794099379,666.734599826087,523.520131772373,59.6313043478261,53.9608695652174,202.6,116.7479,4.082545454545454,0.35,2.25,4.99,0.964,-0.245,3.053,153.22109,889.842015652174,884.96195652174,58.5278182608696,7.096081818181818,2.218652173913044,1.7282608695652173,2.219,6.01,220.5,1.618,1869.07117217664
2019-11-01,332.9576305125,166.361785526316,682.5062596,612.802778088192,62.6866666666667,56.6776190476191,192.9,116.5605,4.155794736842105,0.51,-0.02,-9.08,0.835,-0.168,3.069,157.528264259259,901.01172047619,912.633333333334,59.7143147619048,7.019894736842106,1.9393888888888888,1.7263888888888888,1.919,6.01,223.1,1.647,1778.36733616589
2019-12-01,334.94944525,167.059017321429,718.370177904762,685.283404717487,65.3481818181818,59.8677272727273,188.1,115.9107,4.104485714285714,0.55,-1.19,-4.25,0.243,0.236,3.055,165.254640833333,922.311355,965.033333333334,59.8813545454545,7.013676190476192,1.6552380952380952,1.7105714285714284,1.659,6.01,231.1,1.671,1840.71372013755
2020-01-01,337.079705,171.814135204082,728.028513142857,726.585601903826,63.8986956521739,57.7169565217391,189.7,115.2786,4.151161904761905,0.5,-1.87,-0.05,0.173,0.502,3.048,178.241777301587,940.321453043478,1000.21585144928,60.002492173913005,6.918352380952381,1.8492857142857144,1.6581428571428571,1.849,6.01,214.5,1.616,1890.49680260618
2020-02-01,325.428314565789,168.744598496241,666.862740210526,642.252155857179,55.691,50.608,189.0,116.7095,4.3470157894736845,0.48,-1.51,-4.86,0.054,0.521,2.91,172.231102807018,890.0421225,913.684062500001,61.39762,6.996705263157895,1.8514210526315789,1.58,1.851,6.01,193.3,1.537,1922.36217649011
2020-03-01,319.336156363636,162.179148214286,592.932549,557.90283704059,33.9472727272727,29.3204545454545,194.3,121.0285,4.8862,0.4,-0.49,-2.5,0.019,0.368,2.729,170.874751666667,793.10661,846.996875,63.2400513636364,7.02045,0.9300454545454544,0.8908636363636364,0.93,6.01,169.7,0.898,1910.98673259806
2020-04-01,309.994349,147.012160204082,577.673429142857,518.474155088473,26.8486363636364,16.975,198.5,123.2894,5.317140909090909,0.19,0.19,3.77,-0.011,0.522,2.493,179.746517936508,759.340121363636,878.245833333334,65.707095,7.070827272727272,0.468952380952381,0.5926666666666667,0.469,6.01,123.6,0.668,1914.50038322109
2020-05-01,309.3314314125,143.98924375,585.3927486,498.482164768442,32.4223809523809,28.7814285714286,202.1,122.6238,5.639445,-0.08,-1.04,2.79,0.298,0.136,2.392,174.954968833333,792.7317,900.053174603176,67.70451666666669,7.10159,1.03215,0.8763,1.032,6.01,108.3,0.955,1942.17038187742
2020-06-01,318.643036568182,148.042380357143,614.898581,573.22358653095,40.8604545454546,38.3145454545455,199.4,119.6845,5.188413636363636,-0.3,0.52,6.07,0.454,0.059,2.408,169.722336666667,848.163830909091,963.941666666668,69.5331754545455,7.08155909090909,1.3013636363636365,1.1208636363636364,1.301,6.01,137.8,1.189,1947.88006413983
2020-07-01,328.935447988636,152.587619642857,642.997465,610.495597533936,43.295652173913,40.7152173913043,195.1,118.7004,5.273518181818182,-0.41,-0.59,5.44,0.32,0.123,2.434,170.574121666667,891.3357,974.110778985508,71.4280382608696,7.004113636363636,1.3283636363636364,1.2197727272727272,1.328,6.01,179.2,1.254,1959.39490830116
2020-08-01,332.14117675,149.392999829932,701.226632857143,674.699438865209,45.0814285714286,42.3709523809524,195.1,116.9576,5.487603703703704,-0.57,0.29,8.66,-0.183,0.289,2.429,174.182476984127,924.926660952381,1033.4314484127,73.28642380952381,6.927009523809524,1.4168095238095235,1.248047619047619,1.417,6.01,191.0,1.27,1927.44651259997
2020-09-01,366.824605,166.602533503401,740.951785619048,707.32528125622,41.9268181818182,39.5981818181818,199.6,116.3534,5.399971428571429,-0.89,1.9,10.54,-0.19,0.194,2.414,204.137313809524,937.547027272728,1188.55208333334,75.19863045454551,6.810595238095239,1.2986666666666666,1.2268571428571429,1.299,6.01,177.5,1.176,1918.89244649987
2020-10-01,387.575052852273,186.7663875,735.170623,730.949822826911,41.6068181818182,39.405,205.8,115.7882,5.6253,-1.17,3.77,-1.15,0.074,0.081,2.389,203.4263,926.843818181818,1198.37708333333,77.5606763636364,6.72542380952381,1.2466818181818182,1.2013636363636364,1.247,6.01,187.3,1.158,1943.92720718893
2020-11-01,419.585496225,190.625037593985,812.6780475,841.639684375727,44.05,41.3890476190476,210.7,114.1033,5.448211111111111,-1.27,2.92,-1.85,0.02,0.083,2.432,210.753936491228,1047.15214285714,1348.07837301588,79.9183261904762,6.60285,1.3120526315789476,1.19,1.312,6.01,201.1,1.161,1978.5199341561
2020-12-01,443.655124977273,199.184417517007,881.286824,910.648399616273,50.3769565217391,47.0704347826087,216.1,111.9051,5.144695238095238,-1.19,3.6,1.91,0.03,0.005,2.585,217.312542857143,1085.85846521739,1432.38532608696,82.68195217391299,6.539295238095238,1.432090909090909,1.3587727272727272,1.432,6.01,224.6,1.328,1970.7378891168
2021-01-01,504.312117197368,231.754461466165,956.607824526316,936.449653369777,55.2247619047619,51.8495238095238,228.4,111.4953,5.367288888888889,-1.05,3.39,7.18,0.051,-0.128,2.681,237.944249824561,1123.0848952381,1551.07638888889,85.8864219047619,6.467177777777778,1.6535263157894735,1.5628421052631578,1.654,6.01,232.9,1.531,1962.41570213389
2021-02-01,507.817272789474,245.554056578947,1034.98786715789,968.868406413008,62.3625,59.2345,243.6,112.0275,5.413152631578948,-0.93,1.97,-3.96,0.243,-0.182,2.847,240.806388070175,1249.118,1653.5475,88.66274200000002,6.460057894736842,1.8224210526315787,1.7613157894736844,1.822,6.01,264.4,1.739,1942.65350883808
2021-03-01,519.879422315217,245.760356832298,1192.32559313043,995.801045240987,65.7960869565217,62.1839130434783,262.0,113.3497,5.635117391304347,-0.84,0.16,-5.01,0.266,-0.135,3.152,229.887549275362,1282.51047826087,1972.23822463768,91.08999260869568,6.510860869565217,2.066173913043478,1.9862608695652173,2.066,6.01,304.1,2.007,2030.81367639961
2021-04-01,537.418366704545,268.622448809524,1277.757668,1036.29341179646,65.5318181818182,61.4177272727273,276.4,112.6426,5.568563636363636,-0.66,-0.97,7.33,0.25,-0.215,3.13,239.936143333333,1345.51538181818,1919.69583333334,92.7863581818182,6.518640909090909,2.099047619047619,1.988,2.099,6.01,282.0,2.007,2009.80815637066
2021-05-01,576.96794925,304.297549659864,1475.1532347619,1104.58493292694,68.3752380952381,65.1609523809524,298.1,111.2252,5.28523,-0.48,-2.29,-1.35,0.009,0.026,3.217,278.447005396825,1583.066,1936.48670634921,94.12142619047616,6.432049999999999,2.23905,2.1164,2.239,6.01,318.8,2.126,2026.37250930778
2021-06-01,537.355735397727,292.523726785714,1438.364235,920.962647934837,73.5127272727273,71.3772727272727,319.1,111.5888,5.028536363636364,-0.38,-4.13,-0.92,-0.002,-0.011,3.287,238.767026666667,1595.27218181818,1586.46458333334,95.2609086363636,6.425031818181818,2.3107727272727274,2.1667727272727277,2.311,6.01,317.8,2.206,2016.39625128883
2021-07-01,523.5714795,278.445755612245,1451.68977904762,1010.22385393131,74.4031818181818,72.5918181818182,332.201,113.0721,5.161095238095238,-0.4,-4.12,1.95,-0.228,0.32,3.339,243.628006984127,1450.59877272727,1560.26458333334,96.22500090909088,6.476257142857143,2.360904761904762,2.257285714285714,2.361,6.01,326.966,2.267,2084.91243843783
2021-08-01,504.040055590909,257.020755357143,1371.443997,1077.78061255766,70.5881818181818,67.8722727272727,333.324,113.4124,5.248695454545454,-0.49,-2.29,4.6,-0.099,0.145,3.35,274.87603,1481.32221818182,1678.71041666667,97.2072718181818,6.476790909090909,2.336090909090909,2.2352727272727275,2.336,6.01,322.279,2.229,2051.97196384696
2021-09-01,469.44013575,235.815603571429,1261.38908028571,1105.97830115752,74.7495454545454,71.535,343.919,113.4532,5.278995238095239,-0.67,1.31,2.07,-0.058,0.136,3.384,269.733507301587,1623.43097727273,1601.20208333334,98.2824995454545,6.456300000000001,2.249857142857143,2.283857142857143,2.25,6.01,334.175,2.164,2079.64196250329
2021-10-01,452.02187225,239.60245085034,1347.61071866667,1238.17285657319,83.8652380952381,81.3642857142857,371.464,114.0758,5.54163,-0.81,1.83,0.22,-0.091,0.022,3.612,294.036818253968,1755.89271428571,1735.49007936508,99.22214285714291,6.41721,2.5348571428571427,2.500238095238095,2.535,6.01,374.107,2.42,2233.88704193671
2021-11-01,454.57643425,248.767746071429,1305.90140790476,1279.64081229113,80.8904545454545,79.0954545454546,401.712,115.0036,5.56676,-0.98,3.18,3.55,0.069,-0.034,3.727,317.437354813333,1816.90036363636,1746.12083333334,100.318864545455,6.38893,2.53045,2.39015,2.53,6.01,366.731,2.294,2309.34687198359
2021-12-01,473.8100115,264.573146768707,1216.078413,1207.46390510091,74.6782608695652,71.8021739130435,436.361,115.8172,5.65487619047619,-0.98,2.69,-1.2,-0.12,0.244,3.641,324.017900555555,1813.82706521739,1685.60452898551,101.921304347826,6.369285714285714,2.3147272727272727,2.2027727272727278,2.315,6.01,346.234,2.135,2282.03969594595
2022-01-01,514.4485437,276.719178214286,1336.0327893,1293.59521574041,85.6223809523809,83.277619047619,445.221,115.0507,5.530044999999999,-0.97,2.97,2.91,-0.056,0.296,3.724,326.081669833333,1829.99882857143,1703.46785714286,103.985238095238,6.35557,2.54755,2.44925,2.548,6.01,365.449,2.402,2374.22392098731
2022-02-01,583.693013289474,292.671593045113,1477.37387831579,1458.06977711168,94.267,91.608,457.52,115.0057,5.1984,-0.93,2.1,-5.46,-0.083,0.119,4.032,347.5032275,1731.73035,1829.76979166667,106.3645,6.343552631578947,2.817842105263158,2.7388947368421053,2.818,6.01,415.354,2.687,2355.24393324686
2022-03-01,617.198306869565,335.930684161491,1672.424732,1652.71639279719,112.44,108.399130434783,495.943,116.2984,4.976395652173913,-0.99,-1.27,-10.26,-0.093,0.131,5.105,387.665013697101,2164.06373913043,2487.81340579711,109.398913043478,6.344552173913043,3.783956521739131,3.1836521739130434,3.784,6.01,503.052,3.295,2403.03149131274
2022-04-01,618.13839025,348.507116964286,1745.7965852381,1613.0743554943,106.155714285714,101.985238095238,520.11,117.1702,4.754719047619047,-1.06,-2.44,4.43,-0.068,0.225,5.12,406.026886301667,2290.65980952381,2536.61746031747,113.304047619048,6.430999999999999,3.4076,3.1925,3.408,6.01,528.256,3.256,2362.26077719939
2022-05-01,617.122967761364,344.909299603175,1838.863521,1601.22210374741,112.113636363636,109.712727272727,517.992,119.6926,4.961490476190476,-0.99,-0.24,4.95,-0.122,0.065,5.571,444.15656781746,2208.95704545455,2498.82500000001,117.850681818182,6.698957142857143,4.0343333333333335,3.828095238095238,4.034,6.01,587.939,3.784,2352.38909211565
2022-06-01,621.198178125,335.717134013605,1680.241112,1322.18462139461,117.692727272727,114.675909090909,485.555,120.0269,5.0476809523809525,-0.85,-0.6,-3.0,-0.335,0.245,5.754,397.6523199,2061.02770454545,2154.40416666667,122.758863636364,6.695190476190476,4.270238095238095,4.081714285714286,4.27,6.01,665.72,3.987,2336.57766431204
2022-07-01,571.00147225,312.682041964286,1371.21065085714,902.891147870967,105.252857142857,101.918095238095,443.593,122.7609,5.368245,-0.81,-1.57,0.57,-0.195,-0.036,5.486,321.97512765873,1884.61623809524,1839.84821428572,128.452142857143,6.735155000000001,3.32965,3.4838,3.33,6.01,568.603,3.341,2405.97226411679
2022-08-01,576.824169554348,293.930790333851,1518.72437678261,926.324432586423,97.6430434782609,93.6926086956522,439.933,122.3262,5.140413043478261,-0.91,-0.21,4.78,-0.246,0.171,5.013,323.016768768116,1664.3292826087,1823.43931159421,135.269782608696,6.8006782608695655,3.122826086956522,3.0269565217391308,3.123,6.01,497.425,2.911,2412.27392012548
2022-09-01,537.551980159091,312.546127891156,1509.292873,794.488878874876,90.6081818181818,84.4,437.749,125.5999,5.243566666666667,-1.01,2.2,3.92,-0.322,0.227,4.993,346.322181071428,1376.40195454545,1578.27708333334,143.4175,7.019514285714285,3.884238095238096,2.642428571428572,3.884,6.01,548.658,2.447,2452.088928544
2022-10-01,507.5442275,343.553283333333,1548.02117485714,796.676318197842,93.7185714285714,87.2866666666667,448.751,127.4828,5.252105,-0.99,2.8,0.95,-0.691,0.342,5.211,353.712907166667,1381.27185714286,1627.12916666667,152.262857142857,7.190185,3.2267,3.0128,3.227,6.01,605.641,2.708,2514.56080003792
2022-11-01,529.748119329545,320.929682857143,1656.100523,875.659936221517,90.9386363636364,84.0763636363636,454.928,124.8627,5.26803,-0.92,2.2,-4.95,-0.269,0.134,5.255,344.329860728333,1350.83268181818,1617.57708333334,162.173863636364,7.18118,2.85405,2.85195,2.854,6.01,585.306,2.525,2614.59526985894
2022-12-01,541.831786125,302.235405102041,1438.905369,887.10700458863,81.5031818181818,76.5818181818182,423.159,122.2476,5.245442857142858,-0.83,1.61,6.9,-0.092,0.091,4.714,323.654838134921,1215.65729545455,1512.77708333334,172.623409090909,6.971695238095238,2.248904761904762,2.366190476190476,2.249,6.01,419.191,2.228,2530.7068612342
2023-01-01,555.506288113636,302.839988392857,1380.523023,903.28692399913,84.0818181818182,78.2513636363636,404.902,119.8133,5.192175000000001,-0.68,1.29,-2.19,0.109,-0.193,4.576,320.097045125,1184.52965909091,1488.4875,182.24477272727296,6.790405,2.571,2.5927,2.571,6.01,449.169,2.485,2401.14099451013
2023-02-01,561.2921682375,298.245303383459,1340.8388609,902.161131806761,83.6325,77.0275,378.95,120.3366,5.180815789473685,-0.43,0.11,-0.18,0.157,-0.213,4.413,332.412023436842,1157.30044,1428.09104166667,192.02075,6.838042105263158,2.9068947368421054,2.532368421052632,2.907,6.01,435.578,2.428,2601.63868318653
2023-03-01,547.225521652174,284.957404968944,1249.54027478261,910.155527014026,79.2565217391304,73.3482608695652,358.582,120.8071,5.208626086956522,-0.15,1.02,8.31,0.415,-0.284,4.211,309.429599855072,1018.16141304348,1282.80326086957,205.18,6.890930434782609,2.756478260869565,2.514521739130435,2.756,6.01,406.306,2.628,2582.83874276061
2023-04-01,546.87485895,291.179744924812,1189.3594207,934.809681844592,83.536,79.1265,346.91,119.3744,5.021520000000001,0.16,1.12,4.16,0.56,-0.148,4.099,312.81082437193,995.41132,1267.77979166667,216.027,6.887565,2.799315789473684,2.765315789473684,2.799,6.01,387.167,2.715,2474.57629253137
2023-05-01,508.345095619565,268.172526360544,1094.23917373913,834.628551223305,75.7473913043478,71.6734782608696,330.571,119.7956,4.981272727272727,0.48,2.28,0.23,0.443,-0.02,3.915,299.44000625,896.09582173913,1129.56648550725,230.651956521739,6.985359090909091,2.6723181818181816,2.570181818181818,2.672,6.01,363.26,2.526,2652.99717965733
2023-06-01,526.295046613636,266.93523962585,1235.358817,769.098476597759,74.975,70.3068181818182,306.549,119.5789,4.8537333333333335,0.77,3.74,13.1,0.665,-0.064,3.802,282.27674528254,952.7645,1108.86041666667,248.109090909091,7.161366666666667,2.801619047619048,2.6591428571428573,2.802,6.01,342.988,2.571,2697.60526582792
2023-07-01,555.11419625,235.271947278912,1498.7426687619,844.977016726366,80.1090476190476,75.7666666666667,268.307,118.4119,4.80048,1.07,3.18,2.98,0.498,-0.0,3.882,278.617600992064,1094.23945238095,1253.44126984127,265.58089047619,7.186275,2.9699,2.6999500000000003,2.97,6.01,322.199,2.719,2701.83001241037
2023-08-01,510.150329576087,207.675888664596,1469.94476295652,823.608174534713,85.1682608695652,81.3726086956522,276.376,120.2177,4.901226086956521,1.32,2.95,5.36,0.825,-0.075,4.37,241.413877753623,1034.2192,1182.03768115942,323.33264347826093,7.248621739130435,3.276434782608696,2.8741304347826087,3.276,6.01,428.045,2.829,2535.36626749517
2023-09-01,487.151474,223.847666428571,1373.257798,790.712155888081,92.6733333333333,89.2409523809524,277.229,121.9827,4.938665,1.56,5.72,7.35,0.946,-0.216,4.563,229.390711,1025.83661904762,1084.46686507936,350.00595714285697,7.29794,3.7798,2.8935,3.78,6.01,446.947,2.625,2549.52998957184
2023-10-01,471.931072295454,221.90251875,1205.155523,767.48133500497,88.9477272727273,85.4690909090909,295.916,123.7914,5.055871428571429,1.78,5.51,5.72,0.804,-0.02,4.507,216.463939126984,1093.59254545455,1103.675,350.02614090909105,7.307109523809523,2.6354761904761905,2.5236666666666667,2.635,6.01,407.772,2.274,2407.28988310043
2023-11-01,494.348904715909,209.040296830357,1141.09127,795.987930507008,82.1863636363636,77.5754545454545,302.036,121.5369,4.898025,1.92,4.0,-2.99,0.92,-0.083,4.254,216.000269047619,1036.68045454545,1146.25,353.6579954545449,7.222589999999999,2.5240476190476198,2.3057142857142856,2.524,6.01,393.711,2.201,2603.61511166198
2023-12-01,481.48682025,207.397968890977,1095.37069609524,783.343965701014,77.5409523809524,72.0195238095238,314.204,120.1585,4.8998,1.95,2.58,0.39,0.851,0.16,3.972,229.633412587719,978.854761904762,1141.36349206349,636.502395238095,7.140210000000001,2.3202,2.22595,2.32,6.01,342.052,2.105,2338.33448962355
2024-01-01,452.626469673913,198.757928528912,1045.04739182609,815.364421600749,79.11,74.0030434782609,313.687,120.5769,4.918242857142857,1.78,3.96,0.39,0.765,0.384,3.854,226.078531904762,932.879430434783,1142.09692028986,817.922826086957,7.170704761904762,2.274285714285714,2.243619047619048,2.274,6.01,327.029,2.16,2511.41997466216
2024-02-01,429.72632,188.947744464286,1006.13607704762,825.08902614383,81.7957142857143,77.3638095238095,308.614,121.4155,4.960875,1.48,4.02,0.39,0.328,0.748,4.044,219.238068463333,928.124866666667,1109.9130952381,834.5761952380949,7.19349,2.5549500000000003,2.32585,2.555,6.01,383.57,2.292,2397.22996673331
2024-03-01,433.52754325,190.227211428571,1041.31551333333,899.043922536385,84.9614285714286,81.4057142857143,317.829,121.0413,4.979804761904762,1.14,3.14,0.39,0.421,0.303,4.022,211.841017208333,993.86589047619,1134.50158730159,851.071428571429,7.201485714285714,2.911,2.4804,2.911,6.01,384.276,2.662,2574.83663989244
2024-04-01,427.922140704545,190.90005,1014.405788,896.87261770745,88.9745454545455,85.3472727272727,317.892,122.5142,5.129981818181818,0.71,1.55,0.39,0.44,0.342,4.002,208.3816845,1029.08251363636,1171.08541666667,867.977272727273,7.237431818181818,3.1942272727272725,2.748954545454545,3.194,6.01,395.872,2.763,2642.26526851527
2024-05-01,447.494333315217,201.019470535714,977.538093304348,826.166094575576,83.0539130434783,79.9573913043479,308.199,122.2444,5.136790909090909,0.39,3.3,0.39,0.297,0.323,3.822,227.430770416667,1091.10963043478,1205.66277173913,886.532608695652,7.232713636363636,2.7022272727272725,2.531,2.702,6.01,319.052,2.763,2543.34836510618
2024-06-01,430.9714502625,191.240942946429,964.2236263,838.229313107343,82.9175,79.9125,303.453,124.0309,5.3860947368421055,0.15,3.22,0.39,0.197,0.346,3.722,205.226054898333,1094.966965,1248.26625,903.625,7.254747368421053,2.429736842105263,2.443526315789473,2.43,6.01,306.904,2.763,2474.57629253137
2024-07-01,411.082125391304,177.767708446429,1022.502756,860.592964766065,84.0486956521739,81.9478260869565,297.686,123.7208,5.543781818181818,0.04,0.9,0.39,0.033,0.585,3.81,183.225634166667,1101.71326521739,1287.89375,922.3043478260868,7.260936363636364,2.373090909090909,2.4903636363636363,2.373,6.01,342.037,2.763,2592.08117157336
2024-08-01,361.829410329545,169.296742410714,912.562365,888.202718366771,79.0186363636364,76.6831818181818,295.306,122.8802,5.551745454545455,-0.11,2.75,0.39,0.267,0.352,3.7,175.510466266667,1040.51851818182,1258.41875,941.613636363636,7.147486363636364,2.3925454545454543,2.3285454545454547,2.393,6.01,334.785,2.763,2503.47606890575
2024-09-01,372.09557625,183.655827659774,922.465498952381,942.607250673338,73.0576190476191,70.44,298.823,122.1296,5.537834999999999,-0.21,4.4,0.39,0.115,0.442,3.558,188.505216574074,1044.6236952381,1284.03392857143,960.595238095238,7.0760000000000005,2.35865,2.0566500000000003,2.359,6.01,289.007,2.763,2559.65264970008
2024-10-01,368.491384434783,189.587905861801,955.606916956522,1034.05187625719,75.2665217391304,72.164347826087,304.982,123.831,5.627781818181818,-0.26,4.39,0.39,-0.196,0.639,3.585,197.371945833333,1126.30698695652,1436.30108695652,979.75,7.088118181818182,2.2830454545454546,2.1515,2.283,6.01,318.34,2.763,2392.10862089768
2024-11-01,365.51670425,201.308270188492,980.656968761905,1132.87300496479,73.5085714285715,69.9414285714286,306.53,126.5329,5.796057894736842,-0.37,4.91,0.39,-0.383,0.819,3.522,185.734787082456,1224.94744761905,1517.6246031746,1000.0119047619,7.206284210526316,2.164842105263158,2.1122105263157893,2.165,6.01,311.919,2.763,2350.29763341147
2024-12-01,361.236500625,202.829961026786,903.222793,1127.77705164522,73.2277272727273,70.1522727272727,318.21,127.814,6.1009714285714285,-0.52,4.97,0.39,-0.331,0.261,3.494,185.7943505,1155.70277272727,1446.18541666667,1020.48863636364,7.280695238095238,2.0350952380952383,2.0407619047619048,2.035,6.01,294.577,2.763,2245.66195444125
2025-01-01,377.853040173913,214.359926785714,966.524578608696,1030.03810887266,78.1939130434782,75.6452173913044,315.788,129.0413,6.010880952380952,-0.59,5.17,0.39,-0.196,0.08,3.634,190.629642063492,1121.69909565217,1450.65887681159,1041.91304347826,7.2957,2.2062,2.1519,2.206,6.01,305.53,2.763,2444.62242097007
2025-02-01,382.0839574125,221.25454431391,1010.4986001,1067.32480018818,75.193,71.5415,318.974,128.0665,5.763831578947368,-0.38,1.96,0.39,0.017,0.114,3.675,190.102642110526,1124.44539,1460.81375,1057.5375,7.273431578947369,2.455631578947368,2.111684210526316,2.456,6.01,312.948,2.763,2438.82489744208
2025-03-01,369.344173,207.751690816327,936.764034380952,1057.14730604186,71.7414285714286,68.2390476190476,329.592,126.4864,5.75807619047619,-0.18,0.0,0.39,0.059,0.154,3.585,179.606542063492,1167.41358095238,1470.3060515873,1067.50595238095,7.24925238095238,2.3443809523809525,1.9867619047619047,2.344,6.01,290.379,2.763,2398.15020856315
2025-04-01,378.066199057543,215.569093367347,1047.936054,981.177632038137,66.9272727272727,63.6063636363636,332.751,124.4557,5.790545454545454,-0.09,-1.49,0.39,0.149,0.222,3.567,174.81674265873,1229.58069090909,1471.703125,1120.6193181818198,7.296781818181818,2.428333333333333,1.907333333333333,2.428,6.01,287.0,2.763,2449.01448424886
2025-05-01,387.649984285498,204.808448129252,1075.35064685714,902.788167615884,64.0927272727273,62.2004545454545,341.991,122.6869,5.666428571428572,-0.11,-1.84,0.39,0.149,0.222,3.499,196.841071428571,1209.76846818182,1456.69270833333,1150.6477272727302,7.216557142857143,2.449619047619048,1.9645714285714289,2.45,6.01,288.303,2.763,2414.75639067436
2025-06-01,383.520686995902,195.719077321429,1168.53806284058,934.503407087944,69.8466666666667,68.5366666666667,347.837,120.9747,5.545775,-0.08,-1.87,0.39,0.149,0.222,3.599,173.194763481667,1265.73041904762,1443.57321428571,1180.13095238095,7.18035,2.2879,2.0985500000000004,2.288,6.01,285.872,2.763,2509.95959088872
2025-07-01,383.520686995902,195.719077321429,1168.53806284058,934.503407087944,69.8466666666667,68.5366666666667,355.068,120.5266,5.533204545454546,-0.08,-0.76,0.39,0.149,0.222,3.779,173.194763481667,1265.73041904762,1443.57321428571,1268.1847826087,7.174086363636364,2.237,2.1704545454545454,2.237,6.01,317.523,2.763,2509.95959088872
2025-08-01,383.520686995902,195.719077321429,1168.53806284058,934.503407087944,69.8466666666667,68.5366666666667,355.068,120.5266,5.45251875,-0.08,-9999.0,0.39,0.149,0.222,3.744,173.194763481667,1265.73041904762,1443.57321428571,1268.1847826087,7.1818125,2.316235294117647,2.109588235294117,2.237,6.01,317.523,2.763,2509.95959088872
2025-09-01,383.520686995902,195.719077321429,1168.53806284058,934.503407087944,69.8466666666667,68.5366666666667,355.068,120.5266,5.45251875,-0.08,-9999.0,0.39,0.149,0.222,3.744,173.194763481667,1265.73041904762,1443.57321428571,1268.1847826087,7.1818125,2.316235294117647,2.109588235294117,2.237,6.01,317.523,2.763,2509.95959088872
2025-10-01,383.520686995902,195.719077321429,1168.53806284058,934.503407087944,69.8466666666667,68.5366666666667,355.068,120.5266,5.45251875,-0.08,-9999.0,0.39,0.149,0.222,3.744,173.194763481667,1265.73041904762,1443.57321428571,1268.1847826087,7.1818125,2.316235294117647,2.109588235294117,2.237,6.01,317.523,2.763,2509.95959088872
2025-11-01,383.520686995902,195.719077321429,1168.53806284058,934.503407087944,69.8466666666667,68.5366666666667,355.068,120.5266,5.45251875,-0.08,-9999.0,0.39,0.149,0.222,3.744,173.194763481667,1265.73041904762,1443.57321428571,1268.1847826087,7.1818125,2.316235294117647,2.109588235294117,2.237,6.01,317.523,2.763,2509.95959088872
2025-12-01,383.520686995902,195.719077321429,1168.53806284058,934.503407087944,69.8466666666667,68.5366666666667,355.068,120.5266,5.45251875,-0.08,-9999.0,0.39,0.149,0.222,3.744,173.194763481667,1265.73041904762,1443.57321428571,1268.1847826087,7.1818125,2.316235294117647,2.109588235294117,2.237,6.01,317.523,2.763,2509.95959088872
