Date,trends_interest,trends_norm
2021-01-01,48.0,-0.04
2021-01-02,47.903225806451616,-0.04193548387096769
2021-01-03,47.806451612903224,-0.04387096774193552
2021-01-04,47.70967741935484,-0.045806451612903205
2021-01-05,47.61290322580645,-0.04774193548387103
2021-01-06,47.516129032258064,-0.04967741935483872
2021-01-07,47.41935483870968,-0.0516129032258064
2021-01-08,47.32258064516129,-0.05354838709677424
2021-01-09,47.225806451612904,-0.05548387096774192
2021-01-10,47.12903225806452,-0.05741935483870961
2021-01-11,47.03225806451613,-0.059354838709677435
2021-01-12,46.935483870967744,-0.061290322580645124
2021-01-13,46.83870967741935,-0.06322580645161295
2021-01-14,46.74193548387097,-0.06516129032258064
2021-01-15,46.645161290322584,-0.06709677419354833
2021-01-16,46.54838709677419,-0.06903225806451616
2021-01-17,46.45161290322581,-0.07096774193548384
2021-01-18,46.354838709677416,-0.07290322580645167
2021-01-19,46.25806451612903,-0.07483870967741936
2021-01-20,46.16129032258065,-0.07677419354838705
2021-01-21,46.064516129032256,-0.07870967741935488
2021-01-22,45.96774193548387,-0.08064516129032256
2021-01-23,45.87096774193549,-0.08258064516129025
2021-01-24,45.774193548387096,-0.08451612903225808
2021-01-25,45.67741935483871,-0.08645161290322577
2021-01-26,45.58064516129032,-0.0883870967741936
2021-01-27,45.483870967741936,-0.09032258064516129
2021-01-28,45.38709677419355,-0.09225806451612897
2021-01-29,45.29032258064516,-0.0941935483870968
2021-01-30,45.193548387096776,-0.09612903225806449
2021-01-31,45.096774193548384,-0.09806451612903232
2021-02-01,45.0,-0.1
2021-02-02,45.07142857142857,-0.09857142857142862
2021-02-03,45.142857142857146,-0.09714285714285709
2021-02-04,45.214285714285715,-0.0957142857142857
2021-02-05,45.285714285714285,-0.0942857142857143
2021-02-06,45.357142857142854,-0.09285714285714292
2021-02-07,45.42857142857143,-0.09142857142857139
2021-02-08,45.5,-0.09
2021-02-09,45.57142857142857,-0.0885714285714286
2021-02-10,45.642857142857146,-0.08714285714285708
2021-02-11,45.714285714285715,-0.08571428571428569
2021-02-12,45.785714285714285,-0.08428571428571431
2021-02-13,45.857142857142854,-0.08285714285714292
2021-02-14,45.92857142857143,-0.08142857142857139
2021-02-15,46.0,-0.08
2021-02-16,46.07142857142857,-0.07857142857142861
2021-02-17,46.142857142857146,-0.07714285714285708
2021-02-18,46.214285714285715,-0.07571428571428569
2021-02-19,46.285714285714285,-0.0742857142857143
2021-02-20,46.357142857142854,-0.07285714285714291
2021-02-21,46.42857142857143,-0.07142857142857138
2021-02-22,46.5,-0.07
2021-02-23,46.57142857142857,-0.06857142857142862
2021-02-24,46.642857142857146,-0.06714285714285709
2021-02-25,46.714285714285715,-0.0657142857142857
2021-02-26,46.785714285714285,-0.06428571428571431
2021-02-27,46.857142857142854,-0.06285714285714292
2021-02-28,46.92857142857143,-0.06142857142857139
2021-03-01,47.0,-0.06
2021-03-02,46.903225806451616,-0.061935483870967686
2021-03-03,46.806451612903224,-0.06387096774193551
2021-03-04,46.70967741935484,-0.0658064516129032
2021-03-05,46.61290322580645,-0.06774193548387103
2021-03-06,46.516129032258064,-0.06967741935483872
2021-03-07,46.41935483870968,-0.0716129032258064
2021-03-08,46.32258064516129,-0.07354838709677423
2021-03-09,46.225806451612904,-0.07548387096774192
2021-03-10,46.12903225806452,-0.07741935483870961
2021-03-11,46.03225806451613,-0.07935483870967744
2021-03-12,45.935483870967744,-0.08129032258064513
2021-03-13,45.83870967741935,-0.08322580645161295
2021-03-14,45.74193548387097,-0.08516129032258064
2021-03-15,45.645161290322584,-0.08709677419354833
2021-03-16,45.54838709677419,-0.08903225806451616
2021-03-17,45.45161290322581,-0.09096774193548385
2021-03-18,45.354838709677416,-0.09290322580645168
2021-03-19,45.25806451612903,-0.09483870967741936
2021-03-20,45.16129032258065,-0.09677419354838705
2021-03-21,45.064516129032256,-0.09870967741935488
2021-03-22,44.96774193548387,-0.10064516129032257
2021-03-23,44.87096774193549,-0.10258064516129024
2021-03-24,44.774193548387096,-0.10451612903225808
2021-03-25,44.67741935483871,-0.10645161290322576
2021-03-26,44.58064516129032,-0.1083870967741936
2021-03-27,44.483870967741936,-0.11032258064516128
2021-03-28,44.38709677419355,-0.11225806451612896
2021-03-29,44.29032258064516,-0.11419354838709679
2021-03-30,44.193548387096776,-0.11612903225806448
2021-03-31,44.096774193548384,-0.11806451612903231
2021-04-01,44.0,-0.12
2021-04-02,44.333333333333336,-0.11333333333333329
2021-04-03,44.666666666666664,-0.10666666666666672
2021-04-04,45.0,-0.1
2021-04-05,45.333333333333336,-0.09333333333333328
2021-04-06,45.666666666666664,-0.08666666666666671
2021-04-07,46.0,-0.08
2021-04-08,46.333333333333336,-0.07333333333333329
2021-04-09,46.666666666666664,-0.06666666666666671
2021-04-10,47.0,-0.06
2021-04-11,47.333333333333336,-0.05333333333333329
2021-04-12,47.666666666666664,-0.04666666666666672
2021-04-13,48.0,-0.04
2021-04-14,48.333333333333336,-0.033333333333333284
2021-04-15,48.666666666666664,-0.026666666666666713
2021-04-16,49.0,-0.02
2021-04-17,49.333333333333336,-0.013333333333333286
2021-04-18,49.666666666666664,-0.006666666666666714
2021-04-19,50.0,0.0
2021-04-20,50.333333333333336,0.006666666666666714
2021-04-21,50.666666666666664,0.013333333333333286
2021-04-22,51.0,0.02
2021-04-23,51.333333333333336,0.026666666666666713
2021-04-24,51.666666666666664,0.033333333333333284
2021-04-25,52.0,0.04
2021-04-26,52.33333333333333,0.04666666666666657
2021-04-27,52.666666666666664,0.05333333333333329
2021-04-28,53.0,0.06
2021-04-29,53.33333333333333,0.06666666666666657
2021-04-30,53.666666666666664,0.07333333333333329
2021-05-01,54.0,0.08
2021-05-02,54.096774193548384,0.08193548387096769
2021-05-03,54.193548387096776,0.08387096774193552
2021-05-04,54.29032258064516,0.0858064516129032
2021-05-05,54.38709677419355,0.08774193548387103
2021-05-06,54.483870967741936,0.08967741935483872
2021-05-07,54.58064516129032,0.09161290322580641
2021-05-08,54.67741935483871,0.09354838709677424
2021-05-09,54.774193548387096,0.09548387096774193
2021-05-10,54.87096774193548,0.09741935483870962
2021-05-11,54.96774193548387,0.09935483870967744
2021-05-12,55.064516129032256,0.10129032258064513
2021-05-13,55.16129032258065,0.10322580645161296
2021-05-14,55.25806451612903,0.10516129032258065
2021-05-15,55.354838709677416,0.10709677419354832
2021-05-16,55.45161290322581,0.10903225806451616
2021-05-17,55.54838709677419,0.11096774193548384
2021-05-18,55.645161290322584,0.11290322580645168
2021-05-19,55.74193548387097,0.11483870967741935
2021-05-20,55.83870967741935,0.11677419354838704
2021-05-21,55.935483870967744,0.11870967741935487
2021-05-22,56.03225806451613,0.12064516129032256
2021-05-23,56.12903225806451,0.12258064516129025
2021-05-24,56.225806451612904,0.12451612903225807
2021-05-25,56.32258064516129,0.12645161290322576
2021-05-26,56.41935483870968,0.1283870967741936
2021-05-27,56.516129032258064,0.13032258064516128
2021-05-28,56.61290322580645,0.13225806451612898
2021-05-29,56.70967741935484,0.1341935483870968
2021-05-30,56.806451612903224,0.1361290322580645
2021-05-31,56.903225806451616,0.1380645161290323
2021-06-01,57.0,0.14
2021-06-02,56.766666666666666,0.1353333333333333
2021-06-03,56.53333333333333,0.13066666666666663
2021-06-04,56.3,0.12599999999999995
2021-06-05,56.06666666666667,0.1213333333333334
2021-06-06,55.833333333333336,0.11666666666666671
2021-06-07,55.6,0.11200000000000003
2021-06-08,55.36666666666667,0.10733333333333334
2021-06-09,55.13333333333333,0.10266666666666666
2021-06-10,54.9,0.09799999999999998
2021-06-11,54.666666666666664,0.09333333333333328
2021-06-12,54.43333333333333,0.0886666666666666
2021-06-13,54.2,0.08400000000000006
2021-06-14,53.96666666666667,0.07933333333333337
2021-06-15,53.733333333333334,0.07466666666666669
2021-06-16,53.5,0.07
2021-06-17,53.266666666666666,0.06533333333333331
2021-06-18,53.03333333333333,0.060666666666666626
2021-06-19,52.8,0.055999999999999946
2021-06-20,52.56666666666666,0.05133333333333326
2021-06-21,52.333333333333336,0.04666666666666672
2021-06-22,52.1,0.04200000000000003
2021-06-23,51.86666666666667,0.03733333333333334
2021-06-24,51.63333333333333,0.032666666666666656
2021-06-25,51.4,0.027999999999999973
2021-06-26,51.166666666666664,0.023333333333333286
2021-06-27,50.93333333333334,0.01866666666666674
2021-06-28,50.7,0.014000000000000058
2021-06-29,50.46666666666667,0.00933333333333337
2021-06-30,50.233333333333334,0.004666666666666685
2021-07-01,50.0,0.0
2021-07-02,49.96774193548387,-0.0006451612903225623
2021-07-03,49.935483870967744,-0.0012903225806451246
2021-07-04,49.903225806451616,-0.0019354838709676869
2021-07-05,49.87096774193548,-0.0025806451612903915
2021-07-06,49.83870967741935,-0.0032258064516129535
2021-07-07,49.806451612903224,-0.003870967741935516
2021-07-08,49.774193548387096,-0.004516129032258078
2021-07-09,49.74193548387097,-0.005161290322580641
2021-07-10,49.70967741935484,-0.005806451612903203
2021-07-11,49.67741935483871,-0.006451612903225765
2021-07-12,49.645161290322584,-0.007096774193548328
2021-07-13,49.61290322580645,-0.007741935483871032
2021-07-14,49.58064516129032,-0.008387096774193595
2021-07-15,49.54838709677419,-0.009032258064516156
2021-07-16,49.516129032258064,-0.009677419354838719
2021-07-17,49.483870967741936,-0.010322580645161282
2021-07-18,49.45161290322581,-0.010967741935483843
2021-07-19,49.41935483870968,-0.011612903225806406
2021-07-20,49.38709677419355,-0.012258064516128968
2021-07-21,49.354838709677416,-0.012903225806451672
2021-07-22,49.32258064516129,-0.013548387096774235
2021-07-23,49.29032258064516,-0.014193548387096798
2021-07-24,49.25806451612903,-0.014838709677419359
2021-07-25,49.225806451612904,-0.015483870967741922
2021-07-26,49.193548387096776,-0.016129032258064484
2021-07-27,49.16129032258065,-0.016774193548387047
2021-07-28,49.12903225806452,-0.01741935483870961
2021-07-29,49.096774193548384,-0.018064516129032312
2021-07-30,49.064516129032256,-0.018709677419354875
2021-07-31,49.03225806451613,-0.019354838709677438
2021-08-01,49.0,-0.02
2021-08-02,48.903225806451616,-0.021935483870967686
2021-08-03,48.806451612903224,-0.023870967741935516
2021-08-04,48.70967741935484,-0.0258064516129032
2021-08-05,48.61290322580645,-0.027741935483871032
2021-08-06,48.516129032258064,-0.029677419354838717
2021-08-07,48.41935483870968,-0.031612903225806406
2021-08-08,48.32258064516129,-0.03354838709677423
2021-08-09,48.225806451612904,-0.03548387096774192
2021-08-10,48.12903225806452,-0.03741935483870961
2021-08-11,48.03225806451613,-0.03935483870967744
2021-08-12,47.935483870967744,-0.04129032258064513
2021-08-13,47.83870967741935,-0.043225806451612954
2021-08-14,47.74193548387097,-0.04516129032258064
2021-08-15,47.645161290322584,-0.047096774193548324
2021-08-16,47.54838709677419,-0.04903225806451616
2021-08-17,47.45161290322581,-0.05096774193548384
2021-08-18,47.354838709677416,-0.052903225806451674
2021-08-19,47.25806451612903,-0.054838709677419356
2021-08-20,47.16129032258065,-0.056774193548387045
2021-08-21,47.064516129032256,-0.05870967741935487
2021-08-22,46.96774193548387,-0.06064516129032256
2021-08-23,46.87096774193549,-0.06258064516129025
2021-08-24,46.774193548387096,-0.06451612903225808
2021-08-25,46.67741935483871,-0.06645161290322577
2021-08-26,46.58064516129032,-0.06838709677419359
2021-08-27,46.483870967741936,-0.07032258064516128
2021-08-28,46.38709677419355,-0.07225806451612897
2021-08-29,46.29032258064516,-0.0741935483870968
2021-08-30,46.193548387096776,-0.07612903225806449
2021-08-31,46.096774193548384,-0.07806451612903231
2021-09-01,46.0,-0.08
2021-09-02,46.1,-0.07799999999999997
2021-09-03,46.2,-0.07599999999999994
2021-09-04,46.3,-0.07400000000000005
2021-09-05,46.4,-0.07200000000000002
2021-09-06,46.5,-0.07
2021-09-07,46.6,-0.06799999999999998
2021-09-08,46.7,-0.06599999999999995
2021-09-09,46.8,-0.06400000000000006
2021-09-10,46.9,-0.06200000000000003
2021-09-11,47.0,-0.06
2021-09-12,47.1,-0.05799999999999997
2021-09-13,47.2,-0.055999999999999946
2021-09-14,47.3,-0.054000000000000055
2021-09-15,47.4,-0.052000000000000025
2021-09-16,47.5,-0.05
2021-09-17,47.6,-0.04799999999999997
2021-09-18,47.7,-0.045999999999999944
2021-09-19,47.8,-0.04400000000000006
2021-09-20,47.9,-0.04200000000000003
2021-09-21,48.0,-0.04
2021-09-22,48.1,-0.03799999999999997
2021-09-23,48.2,-0.03599999999999994
2021-09-24,48.3,-0.03400000000000006
2021-09-25,48.4,-0.03200000000000003
2021-09-26,48.5,-0.03
2021-09-27,48.6,-0.027999999999999973
2021-09-28,48.7,-0.025999999999999943
2021-09-29,48.8,-0.024000000000000056
2021-09-30,48.9,-0.02200000000000003
2021-10-01,49.0,-0.02
2021-10-02,48.935483870967744,-0.021290322580645126
2021-10-03,48.87096774193548,-0.02258064516129039
2021-10-04,48.806451612903224,-0.023870967741935516
2021-10-05,48.74193548387097,-0.025161290322580642
2021-10-06,48.67741935483871,-0.026451612903225764
2021-10-07,48.61290322580645,-0.027741935483871032
2021-10-08,48.54838709677419,-0.029032258064516158
2021-10-09,48.483870967741936,-0.03032258064516128
2021-10-10,48.41935483870968,-0.031612903225806406
2021-10-11,48.354838709677416,-0.03290322580645167
2021-10-12,48.29032258064516,-0.034193548387096796
2021-10-13,48.225806451612904,-0.03548387096774192
2021-10-14,48.16129032258065,-0.03677419354838705
2021-10-15,48.096774193548384,-0.03806451612903231
2021-10-16,48.03225806451613,-0.03935483870967744
2021-10-17,47.96774193548387,-0.040645161290322564
2021-10-18,47.903225806451616,-0.04193548387096769
2021-10-19,47.83870967741935,-0.043225806451612954
2021-10-20,47.774193548387096,-0.04451612903225808
2021-10-21,47.70967741935484,-0.045806451612903205
2021-10-22,47.645161290322584,-0.047096774193548324
2021-10-23,47.58064516129032,-0.048387096774193596
2021-10-24,47.516129032258064,-0.04967741935483872
2021-10-25,47.45161290322581,-0.05096774193548384
2021-10-26,47.38709677419355,-0.052258064516128966
2021-10-27,47.32258064516129,-0.05354838709677424
2021-10-28,47.25806451612903,-0.054838709677419356
2021-10-29,47.193548387096776,-0.05612903225806448
2021-10-30,47.12903225806452,-0.05741935483870961
2021-10-31,47.064516129032256,-0.05870967741935487
2021-11-01,47.0,-0.06
2021-11-02,46.93333333333333,-0.0613333333333334
2021-11-03,46.86666666666667,-0.06266666666666666
2021-11-04,46.8,-0.06400000000000006
2021-11-05,46.733333333333334,-0.06533333333333331
2021-11-06,46.666666666666664,-0.06666666666666671
2021-11-07,46.6,-0.06799999999999998
2021-11-08,46.53333333333333,-0.06933333333333337
2021-11-09,46.46666666666667,-0.07066666666666663
2021-11-10,46.4,-0.07200000000000002
2021-11-11,46.333333333333336,-0.07333333333333329
2021-11-12,46.266666666666666,-0.07466666666666669
2021-11-13,46.2,-0.07599999999999994
2021-11-14,46.13333333333333,-0.07733333333333334
2021-11-15,46.06666666666667,-0.07866666666666661
2021-11-16,46.0,-0.08
2021-11-17,45.93333333333333,-0.0813333333333334
2021-11-18,45.86666666666667,-0.08266666666666665
2021-11-19,45.8,-0.08400000000000006
2021-11-20,45.733333333333334,-0.08533333333333332
2021-11-21,45.666666666666664,-0.08666666666666671
2021-11-22,45.6,-0.08799999999999997
2021-11-23,45.53333333333333,-0.08933333333333338
2021-11-24,45.46666666666667,-0.09066666666666663
2021-11-25,45.4,-0.09200000000000003
2021-11-26,45.333333333333336,-0.09333333333333328
2021-11-27,45.266666666666666,-0.09466666666666669
2021-11-28,45.2,-0.09599999999999995
2021-11-29,45.13333333333333,-0.09733333333333334
2021-11-30,45.06666666666667,-0.0986666666666666
2021-12-01,45.0,-0.1
2021-12-02,45.16129032258065,-0.09677419354838705
2021-12-03,45.32258064516129,-0.09354838709677424
2021-12-04,45.483870967741936,-0.09032258064516129
2021-12-05,45.645161290322584,-0.08709677419354833
2021-12-06,45.806451612903224,-0.08387096774193552
2021-12-07,45.96774193548387,-0.08064516129032256
2021-12-08,46.12903225806451,-0.07741935483870975
2021-12-09,46.29032258064516,-0.0741935483870968
2021-12-10,46.45161290322581,-0.07096774193548384
2021-12-11,46.61290322580645,-0.06774193548387103
2021-12-12,46.774193548387096,-0.06451612903225808
2021-12-13,46.935483870967744,-0.061290322580645124
2021-12-14,47.096774193548384,-0.058064516129032316
2021-12-15,47.25806451612903,-0.054838709677419356
2021-12-16,47.41935483870968,-0.0516129032258064
2021-12-17,47.58064516129032,-0.048387096774193596
2021-12-18,47.74193548387097,-0.04516129032258064
2021-12-19,47.903225806451616,-0.04193548387096769
2021-12-20,48.064516129032256,-0.038709677419354875
2021-12-21,48.225806451612904,-0.03548387096774192
2021-12-22,48.38709677419355,-0.03225806451612897
2021-12-23,48.54838709677419,-0.029032258064516158
2021-12-24,48.70967741935484,-0.0258064516129032
2021-12-25,48.87096774193549,-0.02258064516129025
2021-12-26,49.03225806451613,-0.019354838709677438
2021-12-27,49.193548387096776,-0.016129032258064484
2021-12-28,49.354838709677416,-0.012903225806451672
2021-12-29,49.516129032258064,-0.009677419354838719
2021-12-30,49.67741935483871,-0.006451612903225765
2021-12-31,49.83870967741935,-0.0032258064516129535
2022-01-01,50.0,0.0
2022-01-02,50.38709677419355,0.007741935483871032
2022-01-03,50.774193548387096,0.015483870967741922
2022-01-04,51.16129032258065,0.023225806451612954
2022-01-05,51.54838709677419,0.030967741935483843
2022-01-06,51.935483870967744,0.038709677419354875
2022-01-07,52.32258064516129,0.04645161290322577
2022-01-08,52.70967741935484,0.0541935483870968
2022-01-09,53.096774193548384,0.061935483870967686
2022-01-10,53.483870967741936,0.06967741935483872
2022-01-11,53.87096774193549,0.07741935483870975
2022-01-12,54.25806451612903,0.08516129032258064
2022-01-13,54.64516129032258,0.09290322580645154
2022-01-14,55.03225806451613,0.10064516129032257
2022-01-15,55.41935483870968,0.1083870967741936
2022-01-16,55.806451612903224,0.11612903225806448
2022-01-17,56.193548387096776,0.12387096774193551
2022-01-18,56.58064516129032,0.1316129032258064
2022-01-19,56.96774193548387,0.13935483870967744
2022-01-20,57.354838709677416,0.14709677419354833
2022-01-21,57.74193548387097,0.15483870967741936
2022-01-22,58.12903225806451,0.16258064516129025
2022-01-23,58.516129032258064,0.1703225806451613
2022-01-24,58.903225806451616,0.17806451612903232
2022-01-25,59.29032258064516,0.1858064516129032
2022-01-26,59.67741935483871,0.19354838709677424
2022-01-27,60.064516129032256,0.20129032258064514
2022-01-28,60.45161290322581,0.20903225806451617
2022-01-29,60.83870967741935,0.21677419354838703
2022-01-30,61.225806451612904,0.22451612903225807
2022-01-31,61.61290322580645,0.23225806451612896
2022-02-01,62.0,0.24
2022-02-02,62.035714285714285,0.2407142857142857
2022-02-03,62.07142857142857,0.24142857142857138
2022-02-04,62.107142857142854,0.24214285714285708
2022-02-05,62.142857142857146,0.2428571428571429
2022-02-06,62.17857142857143,0.2435714285714286
2022-02-07,62.214285714285715,0.2442857142857143
2022-02-08,62.25,0.245
2022-02-09,62.285714285714285,0.2457142857142857
2022-02-10,62.32142857142857,0.24642857142857139
2022-02-11,62.357142857142854,0.24714285714285708
2022-02-12,62.392857142857146,0.24785714285714291
2022-02-13,62.42857142857143,0.2485714285714286
2022-02-14,62.464285714285715,0.2492857142857143
2022-02-15,62.5,0.25
2022-02-16,62.535714285714285,0.25071428571428567
2022-02-17,62.57142857142857,0.2514285714285714
2022-02-18,62.607142857142854,0.25214285714285706
2022-02-19,62.642857142857146,0.2528571428571429
2022-02-20,62.67857142857143,0.2535714285714286
2022-02-21,62.714285714285715,0.2542857142857143
2022-02-22,62.75,0.255
2022-02-23,62.785714285714285,0.25571428571428567
2022-02-24,62.82142857142857,0.2564285714285714
2022-02-25,62.857142857142854,0.25714285714285706
2022-02-26,62.892857142857146,0.2578571428571429
2022-02-27,62.92857142857143,0.2585714285714286
2022-02-28,62.964285714285715,0.2592857142857143
2022-03-01,63.0,0.26
2022-03-02,62.61290322580645,0.252258064516129
2022-03-03,62.225806451612904,0.24451612903225808
2022-03-04,61.83870967741935,0.23677419354838705
2022-03-05,61.45161290322581,0.22903225806451616
2022-03-06,61.064516129032256,0.22129032258064513
2022-03-07,60.67741935483871,0.21354838709677423
2022-03-08,60.29032258064516,0.2058064516129032
2022-03-09,59.903225806451616,0.1980645161290323
2022-03-10,59.516129032258064,0.19032258064516128
2022-03-11,59.12903225806451,0.18258064516129024
2022-03-12,58.74193548387097,0.17483870967741935
2022-03-13,58.35483870967742,0.16709677419354846
2022-03-14,57.96774193548387,0.15935483870967743
2022-03-15,57.58064516129032,0.1516129032258064
2022-03-16,57.193548387096776,0.14387096774193553
2022-03-17,56.806451612903224,0.1361290322580645
2022-03-18,56.41935483870968,0.1283870967741936
2022-03-19,56.03225806451613,0.12064516129032256
2022-03-20,55.645161290322584,0.11290322580645168
2022-03-21,55.25806451612903,0.10516129032258065
2022-03-22,54.87096774193549,0.09741935483870975
2022-03-23,54.483870967741936,0.08967741935483872
2022-03-24,54.096774193548384,0.08193548387096769
2022-03-25,53.70967741935484,0.0741935483870968
2022-03-26,53.32258064516129,0.06645161290322577
2022-03-27,52.935483870967744,0.05870967741935487
2022-03-28,52.54838709677419,0.05096774193548384
2022-03-29,52.16129032258065,0.043225806451612954
2022-03-30,51.774193548387096,0.03548387096774192
2022-03-31,51.38709677419355,0.027741935483871032
2022-04-01,51.0,0.02
2022-04-02,51.2,0.024000000000000056
2022-04-03,51.4,0.027999999999999973
2022-04-04,51.6,0.03200000000000003
2022-04-05,51.8,0.03599999999999994
2022-04-06,52.0,0.04
2022-04-07,52.2,0.04400000000000006
2022-04-08,52.4,0.04799999999999997
2022-04-09,52.6,0.052000000000000025
2022-04-10,52.8,0.055999999999999946
2022-04-11,53.0,0.06
2022-04-12,53.2,0.06400000000000006
2022-04-13,53.4,0.06799999999999998
2022-04-14,53.6,0.07200000000000002
2022-04-15,53.8,0.07599999999999994
2022-04-16,54.0,0.08
2022-04-17,54.2,0.08400000000000006
2022-04-18,54.4,0.08799999999999997
2022-04-19,54.6,0.09200000000000003
2022-04-20,54.8,0.09599999999999995
2022-04-21,55.0,0.1
2022-04-22,55.2,0.10400000000000005
2022-04-23,55.4,0.10799999999999997
2022-04-24,55.6,0.11200000000000003
2022-04-25,55.8,0.11599999999999994
2022-04-26,56.0,0.12
2022-04-27,56.2,0.12400000000000005
2022-04-28,56.4,0.12799999999999997
2022-04-29,56.6,0.13200000000000003
2022-04-30,56.8,0.13599999999999995
2022-05-01,57.0,0.14
2022-05-02,57.16129032258065,0.14322580645161295
2022-05-03,57.32258064516129,0.14645161290322575
2022-05-04,57.483870967741936,0.14967741935483872
2022-05-05,57.645161290322584,0.15290322580645166
2022-05-06,57.806451612903224,0.1561290322580645
2022-05-07,57.96774193548387,0.15935483870967743
2022-05-08,58.12903225806451,0.16258064516129025
2022-05-09,58.29032258064516,0.1658064516129032
2022-05-10,58.45161290322581,0.16903225806451616
2022-05-11,58.61290322580645,0.17225806451612896
2022-05-12,58.774193548387096,0.17548387096774193
2022-05-13,58.935483870967744,0.17870967741935487
2022-05-14,59.096774193548384,0.1819354838709677
2022-05-15,59.25806451612903,0.18516129032258064
2022-05-16,59.41935483870968,0.1883870967741936
2022-05-17,59.58064516129032,0.1916129032258064
2022-05-18,59.74193548387097,0.19483870967741937
2022-05-19,59.903225806451616,0.1980645161290323
2022-05-20,60.064516129032256,0.20129032258064514
2022-05-21,60.225806451612904,0.20451612903225808
2022-05-22,60.38709677419355,0.20774193548387104
2022-05-23,60.54838709677419,0.21096774193548384
2022-05-24,60.70967741935484,0.2141935483870968
2022-05-25,60.87096774193549,0.21741935483870975
2022-05-26,61.03225806451613,0.22064516129032255
2022-05-27,61.193548387096776,0.22387096774193552
2022-05-28,61.354838709677416,0.22709677419354832
2022-05-29,61.516129032258064,0.23032258064516128
2022-05-30,61.67741935483871,0.23354838709677422
2022-05-31,61.83870967741935,0.23677419354838705
2022-06-01,62.0,0.24
2022-06-02,61.96666666666667,0.23933333333333337
2022-06-03,61.93333333333333,0.2386666666666666
2022-06-04,61.9,0.23799999999999996
2022-06-05,61.86666666666667,0.23733333333333334
2022-06-06,61.833333333333336,0.23666666666666672
2022-06-07,61.8,0.23599999999999993
2022-06-08,61.766666666666666,0.2353333333333333
2022-06-09,61.733333333333334,0.2346666666666667
2022-06-10,61.7,0.23400000000000007
2022-06-11,61.666666666666664,0.23333333333333328
2022-06-12,61.63333333333333,0.23266666666666666
2022-06-13,61.6,0.23200000000000004
2022-06-14,61.56666666666667,0.2313333333333334
2022-06-15,61.53333333333333,0.23066666666666663
2022-06-16,61.5,0.23
2022-06-17,61.46666666666667,0.22933333333333336
2022-06-18,61.43333333333333,0.2286666666666666
2022-06-19,61.4,0.22799999999999998
2022-06-20,61.36666666666667,0.22733333333333333
2022-06-21,61.333333333333336,0.2266666666666667
2022-06-22,61.3,0.22599999999999995
2022-06-23,61.266666666666666,0.2253333333333333
2022-06-24,61.233333333333334,0.22466666666666668
2022-06-25,61.2,0.22400000000000006
2022-06-26,61.166666666666664,0.22333333333333327
2022-06-27,61.13333333333333,0.22266666666666665
2022-06-28,61.1,0.22200000000000003
2022-06-29,61.06666666666667,0.2213333333333334
2022-06-30,61.03333333333333,0.22066666666666662
2022-07-01,61.0,0.22
2022-07-02,60.87096774193548,0.2174193548387096
2022-07-03,60.74193548387097,0.21483870967741936
2022-07-04,60.61290322580645,0.21225806451612897
2022-07-05,60.483870967741936,0.20967741935483872
2022-07-06,60.354838709677416,0.20709677419354833
2022-07-07,60.225806451612904,0.20451612903225808
2022-07-08,60.096774193548384,0.20193548387096769
2022-07-09,59.96774193548387,0.19935483870967743
2022-07-10,59.83870967741935,0.19677419354838704
2022-07-11,59.70967741935484,0.1941935483870968
2022-07-12,59.58064516129032,0.1916129032258064
2022-07-13,59.45161290322581,0.18903225806451615
2022-07-14,59.32258064516129,0.18645161290322576
2022-07-15,59.193548387096776,0.1838709677419355
2022-07-16,59.064516129032256,0.18129032258064512
2022-07-17,58.935483870967744,0.17870967741935487
2022-07-18,58.806451612903224,0.17612903225806448
2022-07-19,58.67741935483871,0.17354838709677423
2022-07-20,58.54838709677419,0.17096774193548384
2022-07-21,58.41935483870968,0.16838709677419358
2022-07-22,58.29032258064516,0.1658064516129032
2022-07-23,58.16129032258065,0.16322580645161294
2022-07-24,58.03225806451613,0.16064516129032255
2022-07-25,57.903225806451616,0.1580645161290323
2022-07-26,57.774193548387096,0.1554838709677419
2022-07-27,57.645161290322584,0.15290322580645166
2022-07-28,57.516129032258064,0.15032258064516127
2022-07-29,57.38709677419355,0.14774193548387105
2022-07-30,57.25806451612903,0.14516129032258063
2022-07-31,57.12903225806451,0.14258064516129024
2022-08-01,57.0,0.14
2022-08-02,57.03225806451613,0.14064516129032256
2022-08-03,57.064516129032256,0.1412903225806451
2022-08-04,57.096774193548384,0.1419354838709677
2022-08-05,57.12903225806452,0.1425806451612904
2022-08-06,57.16129032258065,0.14322580645161295
2022-08-07,57.193548387096776,0.14387096774193553
2022-08-08,57.225806451612904,0.14451612903225808
2022-08-09,57.25806451612903,0.14516129032258063
2022-08-10,57.29032258064516,0.1458064516129032
2022-08-11,57.32258064516129,0.14645161290322575
2022-08-12,57.354838709677416,0.14709677419354833
2022-08-13,57.38709677419355,0.14774193548387105
2022-08-14,57.41935483870968,0.1483870967741936
2022-08-15,57.45161290322581,0.14903225806451614
2022-08-16,57.483870967741936,0.14967741935483872
2022-08-17,57.516129032258064,0.15032258064516127
2022-08-18,57.54838709677419,0.15096774193548385
2022-08-19,57.58064516129032,0.1516129032258064
2022-08-20,57.61290322580645,0.15225806451612897
2022-08-21,57.645161290322584,0.15290322580645166
2022-08-22,57.67741935483871,0.15354838709677424
2022-08-23,57.70967741935484,0.15419354838709678
2022-08-24,57.74193548387097,0.15483870967741936
2022-08-25,57.774193548387096,0.1554838709677419
2022-08-26,57.806451612903224,0.1561290322580645
2022-08-27,57.83870967741935,0.15677419354838704
2022-08-28,57.87096774193548,0.1574193548387096
2022-08-29,57.903225806451616,0.1580645161290323
2022-08-30,57.935483870967744,0.15870967741935488
2022-08-31,57.96774193548387,0.15935483870967743
2022-09-01,58.0,0.16
2022-09-02,58.166666666666664,0.16333333333333327
2022-09-03,58.333333333333336,0.1666666666666667
2022-09-04,58.5,0.17
2022-09-05,58.666666666666664,0.17333333333333328
2022-09-06,58.833333333333336,0.17666666666666672
2022-09-07,59.0,0.18
2022-09-08,59.166666666666664,0.1833333333333333
2022-09-09,59.333333333333336,0.1866666666666667
2022-09-10,59.5,0.19
2022-09-11,59.666666666666664,0.19333333333333327
2022-09-12,59.833333333333336,0.1966666666666667
2022-09-13,60.0,0.2
2022-09-14,60.166666666666664,0.20333333333333328
2022-09-15,60.333333333333336,0.20666666666666672
2022-09-16,60.5,0.21
2022-09-17,60.666666666666664,0.2133333333333333
2022-09-18,60.833333333333336,0.2166666666666667
2022-09-19,61.0,0.22
2022-09-20,61.166666666666664,0.22333333333333327
2022-09-21,61.333333333333336,0.2266666666666667
2022-09-22,61.5,0.23
2022-09-23,61.666666666666664,0.23333333333333328
2022-09-24,61.833333333333336,0.23666666666666672
2022-09-25,62.0,0.24
2022-09-26,62.166666666666664,0.2433333333333333
2022-09-27,62.333333333333336,0.2466666666666667
2022-09-28,62.5,0.25
2022-09-29,62.666666666666664,0.2533333333333333
2022-09-30,62.833333333333336,0.2566666666666667
2022-10-01,63.0,0.26
2022-10-02,62.935483870967744,0.25870967741935486
2022-10-03,62.87096774193548,0.2574193548387096
2022-10-04,62.806451612903224,0.2561290322580645
2022-10-05,62.74193548387097,0.25483870967741934
2022-10-06,62.67741935483871,0.25354838709677424
2022-10-07,62.61290322580645,0.252258064516129
2022-10-08,62.54838709677419,0.2509677419354838
2022-10-09,62.483870967741936,0.24967741935483873
2022-10-10,62.41935483870968,0.2483870967741936
2022-10-11,62.354838709677416,0.24709677419354834
2022-10-12,62.29032258064516,0.2458064516129032
2022-10-13,62.225806451612904,0.24451612903225808
2022-10-14,62.16129032258065,0.24322580645161296
2022-10-15,62.096774193548384,0.2419354838709677
2022-10-16,62.03225806451613,0.24064516129032257
2022-10-17,61.96774193548387,0.23935483870967744
2022-10-18,61.903225806451616,0.23806451612903232
2022-10-19,61.83870967741935,0.23677419354838705
2022-10-20,61.774193548387096,0.23548387096774193
2022-10-21,61.70967741935484,0.2341935483870968
2022-10-22,61.645161290322584,0.23290322580645167
2022-10-23,61.58064516129032,0.2316129032258064
2022-10-24,61.516129032258064,0.23032258064516128
2022-10-25,61.45161290322581,0.22903225806451616
2022-10-26,61.38709677419355,0.22774193548387103
2022-10-27,61.32258064516129,0.22645161290322577
2022-10-28,61.25806451612903,0.22516129032258064
2022-10-29,61.193548387096776,0.22387096774193552
2022-10-30,61.12903225806452,0.2225806451612904
2022-10-31,61.064516129032256,0.22129032258064513
2022-11-01,61.0,0.22
2022-11-02,60.63333333333333,0.21266666666666667
2022-11-03,60.266666666666666,0.2053333333333333
2022-11-04,59.9,0.19799999999999998
2022-11-05,59.53333333333333,0.19066666666666662
2022-11-06,59.166666666666664,0.1833333333333333
2022-11-07,58.8,0.17599999999999993
2022-11-08,58.43333333333334,0.16866666666666674
2022-11-09,58.06666666666667,0.1613333333333334
2022-11-10,57.7,0.15400000000000005
2022-11-11,57.333333333333336,0.14666666666666672
2022-11-12,56.96666666666667,0.13933333333333336
2022-11-13,56.6,0.13200000000000003
2022-11-14,56.233333333333334,0.12466666666666669
2022-11-15,55.86666666666667,0.11733333333333335
2022-11-16,55.5,0.11
2022-11-17,55.13333333333333,0.10266666666666666
2022-11-18,54.766666666666666,0.09533333333333331
2022-11-19,54.4,0.08799999999999997
2022-11-20,54.03333333333333,0.08066666666666662
2022-11-21,53.666666666666664,0.07333333333333329
2022-11-22,53.3,0.06599999999999995
2022-11-23,52.93333333333334,0.05866666666666674
2022-11-24,52.56666666666666,0.05133333333333326
2022-11-25,52.2,0.04400000000000006
2022-11-26,51.833333333333336,0.036666666666666715
2022-11-27,51.46666666666667,0.02933333333333337
2022-11-28,51.1,0.02200000000000003
2022-11-29,50.733333333333334,0.014666666666666685
2022-11-30,50.36666666666667,0.007333333333333343
2022-12-01,50.0,0.0
2022-12-02,50.12903225806452,0.0025806451612903915
2022-12-03,50.25806451612903,0.005161290322580641
2022-12-04,50.38709677419355,0.007741935483871032
2022-12-05,50.516129032258064,0.010322580645161282
2022-12-06,50.645161290322584,0.012903225806451672
2022-12-07,50.774193548387096,0.015483870967741922
2022-12-08,50.903225806451616,0.018064516129032312
2022-12-09,51.03225806451613,0.020645161290322563
2022-12-10,51.16129032258065,0.023225806451612954
2022-12-11,51.29032258064516,0.0258064516129032
2022-12-12,51.41935483870968,0.028387096774193595
2022-12-13,51.54838709677419,0.030967741935483843
2022-12-14,51.67741935483871,0.03354838709677423
2022-12-15,51.806451612903224,0.036129032258064485
2022-12-16,51.935483870967744,0.038709677419354875
2022-12-17,52.064516129032256,0.04129032258064513
2022-12-18,52.193548387096776,0.04387096774193552
2022-12-19,52.32258064516129,0.04645161290322577
2022-12-20,52.45161290322581,0.04903225806451616
2022-12-21,52.58064516129032,0.0516129032258064
2022-12-22,52.70967741935484,0.0541935483870968
2022-12-23,52.83870967741935,0.056774193548387045
2022-12-24,52.96774193548387,0.059354838709677435
2022-12-25,53.096774193548384,0.061935483870967686
2022-12-26,53.225806451612904,0.06451612903225808
2022-12-27,53.354838709677416,0.06709677419354833
2022-12-28,53.483870967741936,0.06967741935483872
2022-12-29,53.61290322580645,0.07225806451612897
2022-12-30,53.74193548387097,0.07483870967741936
2022-12-31,53.87096774193549,0.07741935483870975
2023-01-01,54.0,0.08
2023-01-02,54.03225806451613,0.08064516129032256
2023-01-03,54.064516129032256,0.08129032258064513
2023-01-04,54.096774193548384,0.08193548387096769
2023-01-05,54.12903225806452,0.08258064516129039
2023-01-06,54.16129032258065,0.08322580645161295
2023-01-07,54.193548387096776,0.08387096774193552
2023-01-08,54.225806451612904,0.08451612903225808
2023-01-09,54.25806451612903,0.08516129032258064
2023-01-10,54.29032258064516,0.0858064516129032
2023-01-11,54.32258064516129,0.08645161290322577
2023-01-12,54.354838709677416,0.08709677419354833
2023-01-13,54.38709677419355,0.08774193548387103
2023-01-14,54.41935483870968,0.0883870967741936
2023-01-15,54.45161290322581,0.08903225806451616
2023-01-16,54.483870967741936,0.08967741935483872
2023-01-17,54.516129032258064,0.09032258064516129
2023-01-18,54.54838709677419,0.09096774193548385
2023-01-19,54.58064516129032,0.09161290322580641
2023-01-20,54.61290322580645,0.09225806451612897
2023-01-21,54.645161290322584,0.09290322580645168
2023-01-22,54.67741935483871,0.09354838709677424
2023-01-23,54.70967741935484,0.0941935483870968
2023-01-24,54.74193548387097,0.09483870967741936
2023-01-25,54.774193548387096,0.09548387096774193
2023-01-26,54.806451612903224,0.09612903225806449
2023-01-27,54.83870967741935,0.09677419354838705
2023-01-28,54.87096774193548,0.09741935483870962
2023-01-29,54.903225806451616,0.09806451612903232
2023-01-30,54.935483870967744,0.09870967741935488
2023-01-31,54.96774193548387,0.09935483870967744
2023-02-01,55.0,0.1
2023-02-02,54.785714285714285,0.0957142857142857
2023-02-03,54.57142857142857,0.09142857142857139
2023-02-04,54.357142857142854,0.08714285714285708
2023-02-05,54.142857142857146,0.08285714285714292
2023-02-06,53.92857142857143,0.07857142857142861
2023-02-07,53.714285714285715,0.0742857142857143
2023-02-08,53.5,0.07
2023-02-09,53.285714285714285,0.0657142857142857
2023-02-10,53.07142857142857,0.06142857142857139
2023-02-11,52.857142857142854,0.05714285714285708
2023-02-12,52.642857142857146,0.052857142857142915
2023-02-13,52.42857142857143,0.04857142857142861
2023-02-14,52.214285714285715,0.0442857142857143
2023-02-15,52.0,0.04
2023-02-16,51.785714285714285,0.03571428571428569
2023-02-17,51.57142857142857,0.03142857142857139
2023-02-18,51.357142857142854,0.027142857142857083
2023-02-19,51.142857142857146,0.02285714285714292
2023-02-20,50.92857142857143,0.018571428571428614
2023-02-21,50.714285714285715,0.014285714285714306
2023-02-22,50.5,0.01
2023-02-23,50.285714285714285,0.005714285714285694
2023-02-24,50.07142857142857,0.001428571428571388
2023-02-25,49.85714285714286,-0.002857142857142776
2023-02-26,49.642857142857146,-0.007142857142857082
2023-02-27,49.42857142857143,-0.011428571428571389
2023-02-28,49.214285714285715,-0.015714285714285695
2023-03-01,49.0,-0.02
2023-03-02,48.96774193548387,-0.020645161290322563
2023-03-03,48.935483870967744,-0.021290322580645126
2023-03-04,48.903225806451616,-0.021935483870967686
2023-03-05,48.87096774193548,-0.02258064516129039
2023-03-06,48.83870967741935,-0.023225806451612954
2023-03-07,48.806451612903224,-0.023870967741935516
2023-03-08,48.774193548387096,-0.02451612903225808
2023-03-09,48.74193548387097,-0.025161290322580642
2023-03-10,48.70967741935484,-0.0258064516129032
2023-03-11,48.67741935483871,-0.026451612903225764
2023-03-12,48.645161290322584,-0.027096774193548327
2023-03-13,48.61290322580645,-0.027741935483871032
2023-03-14,48.58064516129032,-0.028387096774193595
2023-03-15,48.54838709677419,-0.029032258064516158
2023-03-16,48.516129032258064,-0.029677419354838717
2023-03-17,48.483870967741936,-0.03032258064516128
2023-03-18,48.45161290322581,-0.030967741935483843
2023-03-19,48.41935483870968,-0.031612903225806406
2023-03-20,48.38709677419355,-0.03225806451612897
2023-03-21,48.354838709677416,-0.03290322580645167
2023-03-22,48.32258064516129,-0.03354838709677423
2023-03-23,48.29032258064516,-0.034193548387096796
2023-03-24,48.25806451612903,-0.03483870967741936
2023-03-25,48.225806451612904,-0.03548387096774192
2023-03-26,48.193548387096776,-0.036129032258064485
2023-03-27,48.16129032258065,-0.03677419354838705
2023-03-28,48.12903225806452,-0.03741935483870961
2023-03-29,48.096774193548384,-0.03806451612903231
2023-03-30,48.064516129032256,-0.038709677419354875
2023-03-31,48.03225806451613,-0.03935483870967744
2023-04-01,48.0,-0.04
2023-04-02,48.03333333333333,-0.03933333333333337
2023-04-03,48.06666666666667,-0.0386666666666666
2023-04-04,48.1,-0.03799999999999997
2023-04-05,48.13333333333333,-0.03733333333333334
2023-04-06,48.166666666666664,-0.036666666666666715
2023-04-07,48.2,-0.03599999999999994
2023-04-08,48.233333333333334,-0.035333333333333314
2023-04-09,48.266666666666666,-0.034666666666666686
2023-04-10,48.3,-0.03400000000000006
2023-04-11,48.333333333333336,-0.033333333333333284
2023-04-12,48.36666666666667,-0.032666666666666656
2023-04-13,48.4,-0.03200000000000003
2023-04-14,48.43333333333333,-0.0313333333333334
2023-04-15,48.46666666666667,-0.03066666666666663
2023-04-16,48.5,-0.03
2023-04-17,48.53333333333333,-0.02933333333333337
2023-04-18,48.56666666666667,-0.0286666666666666
2023-04-19,48.6,-0.027999999999999973
2023-04-20,48.63333333333333,-0.02733333333333334
2023-04-21,48.666666666666664,-0.026666666666666713
2023-04-22,48.7,-0.025999999999999943
2023-04-23,48.733333333333334,-0.025333333333333315
2023-04-24,48.766666666666666,-0.024666666666666684
2023-04-25,48.8,-0.024000000000000056
2023-04-26,48.833333333333336,-0.023333333333333286
2023-04-27,48.86666666666667,-0.022666666666666658
2023-04-28,48.9,-0.02200000000000003
2023-04-29,48.93333333333333,-0.0213333333333334
2023-04-30,48.96666666666667,-0.02066666666666663
2023-05-01,49.0,-0.02
2023-05-02,49.61290322580645,-0.007741935483871032
2023-05-03,50.225806451612904,0.004516129032258078
2023-05-04,50.83870967741935,0.016774193548387047
2023-05-05,51.45161290322581,0.029032258064516158
2023-05-06,52.064516129032256,0.04129032258064513
2023-05-07,52.67741935483871,0.05354838709677424
2023-05-08,53.29032258064516,0.0658064516129032
2023-05-09,53.903225806451616,0.07806451612903231
2023-05-10,54.516129032258064,0.09032258064516129
2023-05-11,55.12903225806451,0.10258064516129024
2023-05-12,55.74193548387097,0.11483870967741935
2023-05-13,56.35483870967742,0.12709677419354848
2023-05-14,56.96774193548387,0.13935483870967744
2023-05-15,57.58064516129032,0.1516129032258064
2023-05-16,58.193548387096776,0.16387096774193552
2023-05-17,58.806451612903224,0.17612903225806448
2023-05-18,59.41935483870968,0.1883870967741936
2023-05-19,60.03225806451613,0.20064516129032256
2023-05-20,60.64516129032258,0.21290322580645152
2023-05-21,61.25806451612903,0.22516129032258064
2023-05-22,61.87096774193549,0.23741935483870974
2023-05-23,62.483870967741936,0.24967741935483873
2023-05-24,63.096774193548384,0.2619354838709677
2023-05-25,63.70967741935484,0.2741935483870968
2023-05-26,64.3225806451613,0.2864516129032259
2023-05-27,64.93548387096774,0.2987096774193549
2023-05-28,65.54838709677419,0.3109677419354838
2023-05-29,66.16129032258064,0.3232258064516128
2023-05-30,66.7741935483871,0.33548387096774207
2023-05-31,67.38709677419355,0.34774193548387106
2023-06-01,68.0,0.36
2023-06-02,67.7,0.35400000000000004
2023-06-03,67.4,0.3480000000000001
2023-06-04,67.1,0.34199999999999986
2023-06-05,66.8,0.33599999999999997
2023-06-06,66.5,0.33
2023-06-07,66.2,0.32400000000000007
2023-06-08,65.9,0.3180000000000001
2023-06-09,65.6,0.3119999999999999
2023-06-10,65.3,0.30599999999999994
2023-06-11,65.0,0.3
2023-06-12,64.7,0.29400000000000004
2023-06-13,64.4,0.2880000000000001
2023-06-14,64.1,0.28199999999999986
2023-06-15,63.8,0.27599999999999997
2023-06-16,63.5,0.27
2023-06-17,63.2,0.26400000000000007
2023-06-18,62.9,0.25799999999999995
2023-06-19,62.6,0.252
2023-06-20,62.3,0.24599999999999994
2023-06-21,62.0,0.24
2023-06-22,61.7,0.23400000000000007
2023-06-23,61.4,0.22799999999999998
2023-06-24,61.1,0.22200000000000003
2023-06-25,60.8,0.21599999999999994
2023-06-26,60.5,0.21
2023-06-27,60.2,0.20400000000000007
2023-06-28,59.9,0.19799999999999998
2023-06-29,59.6,0.19200000000000003
2023-06-30,59.3,0.18599999999999994
2023-07-01,59.0,0.18
2023-07-02,58.87096774193548,0.1774193548387096
2023-07-03,58.74193548387097,0.17483870967741935
2023-07-04,58.61290322580645,0.17225806451612896
2023-07-05,58.483870967741936,0.1696774193548387
2023-07-06,58.354838709677416,0.16709677419354832
2023-07-07,58.225806451612904,0.16451612903225807
2023-07-08,58.096774193548384,0.16193548387096768
2023-07-09,57.96774193548387,0.15935483870967743
2023-07-10,57.83870967741935,0.15677419354838704
2023-07-11,57.70967741935484,0.15419354838709678
2023-07-12,57.58064516129032,0.1516129032258064
2023-07-13,57.45161290322581,0.14903225806451614
2023-07-14,57.32258064516129,0.14645161290322575
2023-07-15,57.193548387096776,0.14387096774193553
2023-07-16,57.064516129032256,0.1412903225806451
2023-07-17,56.935483870967744,0.1387096774193549
2023-07-18,56.806451612903224,0.1361290322580645
2023-07-19,56.67741935483871,0.13354838709677425
2023-07-20,56.54838709677419,0.13096774193548386
2023-07-21,56.41935483870968,0.1283870967741936
2023-07-22,56.29032258064516,0.12580645161290321
2023-07-23,56.16129032258065,0.12322580645161295
2023-07-24,56.03225806451613,0.12064516129032256
2023-07-25,55.903225806451616,0.11806451612903231
2023-07-26,55.774193548387096,0.11548387096774192
2023-07-27,55.645161290322584,0.11290322580645168
2023-07-28,55.516129032258064,0.11032258064516128
2023-07-29,55.38709677419355,0.10774193548387104
2023-07-30,55.25806451612903,0.10516129032258065
2023-07-31,55.12903225806451,0.10258064516129024
2023-08-01,55.0,0.1
2023-08-02,54.96774193548387,0.09935483870967744
2023-08-03,54.935483870967744,0.09870967741935488
2023-08-04,54.903225806451616,0.09806451612903232
2023-08-05,54.87096774193548,0.09741935483870962
2023-08-06,54.83870967741935,0.09677419354838705
2023-08-07,54.806451612903224,0.09612903225806449
2023-08-08,54.774193548387096,0.09548387096774193
2023-08-09,54.74193548387097,0.09483870967741936
2023-08-10,54.70967741935484,0.0941935483870968
2023-08-11,54.67741935483871,0.09354838709677424
2023-08-12,54.645161290322584,0.09290322580645168
2023-08-13,54.61290322580645,0.09225806451612897
2023-08-14,54.58064516129032,0.09161290322580641
2023-08-15,54.54838709677419,0.09096774193548385
2023-08-16,54.516129032258064,0.09032258064516129
2023-08-17,54.483870967741936,0.08967741935483872
2023-08-18,54.45161290322581,0.08903225806451616
2023-08-19,54.41935483870968,0.0883870967741936
2023-08-20,54.38709677419355,0.08774193548387103
2023-08-21,54.354838709677416,0.08709677419354833
2023-08-22,54.32258064516129,0.08645161290322577
2023-08-23,54.29032258064516,0.0858064516129032
2023-08-24,54.25806451612903,0.08516129032258064
2023-08-25,54.225806451612904,0.08451612903225808
2023-08-26,54.193548387096776,0.08387096774193552
2023-08-27,54.16129032258065,0.08322580645161295
2023-08-28,54.12903225806452,0.08258064516129039
2023-08-29,54.096774193548384,0.08193548387096769
2023-08-30,54.064516129032256,0.08129032258064513
2023-08-31,54.03225806451613,0.08064516129032256
2023-09-01,54.0,0.08
2023-09-02,54.1,0.08200000000000003
2023-09-03,54.2,0.08400000000000006
2023-09-04,54.3,0.08599999999999994
2023-09-05,54.4,0.08799999999999997
2023-09-06,54.5,0.09
2023-09-07,54.6,0.09200000000000003
2023-09-08,54.7,0.09400000000000006
2023-09-09,54.8,0.09599999999999995
2023-09-10,54.9,0.09799999999999998
2023-09-11,55.0,0.1
2023-09-12,55.1,0.10200000000000004
2023-09-13,55.2,0.10400000000000005
2023-09-14,55.3,0.10599999999999994
2023-09-15,55.4,0.10799999999999997
2023-09-16,55.5,0.11
2023-09-17,55.6,0.11200000000000003
2023-09-18,55.7,0.11400000000000006
2023-09-19,55.8,0.11599999999999994
2023-09-20,55.9,0.11799999999999997
2023-09-21,56.0,0.12
2023-09-22,56.1,0.12200000000000003
2023-09-23,56.2,0.12400000000000005
2023-09-24,56.3,0.12599999999999995
2023-09-25,56.4,0.12799999999999997
2023-09-26,56.5,0.13
2023-09-27,56.6,0.13200000000000003
2023-09-28,56.7,0.13400000000000006
2023-09-29,56.8,0.13599999999999995
2023-09-30,56.9,0.13799999999999998
2023-10-01,57.0,0.14
2023-10-02,56.935483870967744,0.1387096774193549
2023-10-03,56.87096774193548,0.1374193548387096
2023-10-04,56.806451612903224,0.1361290322580645
2023-10-05,56.74193548387097,0.13483870967741937
2023-10-06,56.67741935483871,0.13354838709677425
2023-10-07,56.61290322580645,0.13225806451612898
2023-10-08,56.54838709677419,0.13096774193548386
2023-10-09,56.483870967741936,0.12967741935483873
2023-10-10,56.41935483870968,0.1283870967741936
2023-10-11,56.354838709677416,0.12709677419354834
2023-10-12,56.29032258064516,0.12580645161290321
2023-10-13,56.225806451612904,0.12451612903225807
2023-10-14,56.16129032258065,0.12322580645161295
2023-10-15,56.096774193548384,0.12193548387096768
2023-10-16,56.03225806451613,0.12064516129032256
2023-10-17,55.96774193548387,0.11935483870967743
2023-10-18,55.903225806451616,0.11806451612903231
2023-10-19,55.83870967741935,0.11677419354838704
2023-10-20,55.774193548387096,0.11548387096774192
2023-10-21,55.70967741935484,0.11419354838709679
2023-10-22,55.645161290322584,0.11290322580645168
2023-10-23,55.58064516129032,0.1116129032258064
2023-10-24,55.516129032258064,0.11032258064516128
2023-10-25,55.45161290322581,0.10903225806451616
2023-10-26,55.38709677419355,0.10774193548387104
2023-10-27,55.32258064516129,0.10645161290322576
2023-10-28,55.25806451612903,0.10516129032258065
2023-10-29,55.193548387096776,0.10387096774193552
2023-10-30,55.12903225806452,0.1025806451612904
2023-10-31,55.064516129032256,0.10129032258064513
2023-11-01,55.0,0.1
2023-11-02,54.833333333333336,0.09666666666666672
2023-11-03,54.666666666666664,0.09333333333333328
2023-11-04,54.5,0.09
2023-11-05,54.333333333333336,0.08666666666666671
2023-11-06,54.166666666666664,0.08333333333333329
2023-11-07,54.0,0.08
2023-11-08,53.833333333333336,0.07666666666666672
2023-11-09,53.666666666666664,0.07333333333333329
2023-11-10,53.5,0.07
2023-11-11,53.333333333333336,0.06666666666666671
2023-11-12,53.166666666666664,0.06333333333333328
2023-11-13,53.0,0.06
2023-11-14,52.833333333333336,0.05666666666666671
2023-11-15,52.666666666666664,0.05333333333333329
2023-11-16,52.5,0.05
2023-11-17,52.333333333333336,0.04666666666666672
2023-11-18,52.166666666666664,0.043333333333333286
2023-11-19,52.0,0.04
2023-11-20,51.833333333333336,0.036666666666666715
2023-11-21,51.666666666666664,0.033333333333333284
2023-11-22,51.5,0.03
2023-11-23,51.333333333333336,0.026666666666666713
2023-11-24,51.166666666666664,0.023333333333333286
2023-11-25,51.0,0.02
2023-11-26,50.833333333333336,0.016666666666666715
2023-11-27,50.666666666666664,0.013333333333333286
2023-11-28,50.5,0.01
2023-11-29,50.333333333333336,0.006666666666666714
2023-11-30,50.166666666666664,0.003333333333333286
2023-12-01,50.0,0.0
2023-12-02,49.935483870967744,-0.0012903225806451246
2023-12-03,49.87096774193548,-0.0025806451612903915
2023-12-04,49.806451612903224,-0.003870967741935516
2023-12-05,49.74193548387097,-0.005161290322580641
2023-12-06,49.67741935483871,-0.006451612903225765
2023-12-07,49.61290322580645,-0.007741935483871032
2023-12-08,49.54838709677419,-0.009032258064516156
2023-12-09,49.483870967741936,-0.010322580645161282
2023-12-10,49.41935483870968,-0.011612903225806406
2023-12-11,49.354838709677416,-0.012903225806451672
2023-12-12,49.29032258064516,-0.014193548387096798
2023-12-13,49.225806451612904,-0.015483870967741922
2023-12-14,49.16129032258065,-0.016774193548387047
2023-12-15,49.096774193548384,-0.018064516129032312
2023-12-16,49.03225806451613,-0.019354838709677438
2023-12-17,48.96774193548387,-0.020645161290322563
2023-12-18,48.903225806451616,-0.021935483870967686
2023-12-19,48.83870967741935,-0.023225806451612954
2023-12-20,48.774193548387096,-0.02451612903225808
2023-12-21,48.70967741935484,-0.0258064516129032
2023-12-22,48.645161290322584,-0.027096774193548327
2023-12-23,48.58064516129032,-0.028387096774193595
2023-12-24,48.516129032258064,-0.029677419354838717
2023-12-25,48.45161290322581,-0.030967741935483843
2023-12-26,48.38709677419355,-0.03225806451612897
2023-12-27,48.32258064516129,-0.03354838709677423
2023-12-28,48.25806451612903,-0.03483870967741936
2023-12-29,48.193548387096776,-0.036129032258064485
2023-12-30,48.12903225806452,-0.03741935483870961
2023-12-31,48.064516129032256,-0.038709677419354875
2024-01-01,48.0,-0.04
2024-01-02,48.0,-0.04
2024-01-03,48.0,-0.04
2024-01-04,48.0,-0.04
2024-01-05,48.0,-0.04
2024-01-06,48.0,-0.04
2024-01-07,48.0,-0.04
2024-01-08,48.0,-0.04
2024-01-09,48.0,-0.04
2024-01-10,48.0,-0.04
2024-01-11,48.0,-0.04
2024-01-12,48.0,-0.04
2024-01-13,48.0,-0.04
2024-01-14,48.0,-0.04
2024-01-15,48.0,-0.04
2024-01-16,48.0,-0.04
2024-01-17,48.0,-0.04
2024-01-18,48.0,-0.04
2024-01-19,48.0,-0.04
2024-01-20,48.0,-0.04
2024-01-21,48.0,-0.04
2024-01-22,48.0,-0.04
2024-01-23,48.0,-0.04
2024-01-24,48.0,-0.04
2024-01-25,48.0,-0.04
2024-01-26,48.0,-0.04
2024-01-27,48.0,-0.04
2024-01-28,48.0,-0.04
2024-01-29,48.0,-0.04
2024-01-30,48.0,-0.04
2024-01-31,48.0,-0.04
2024-02-01,48.0,-0.04
2024-02-02,47.89655172413793,-0.04206896551724142
2024-02-03,47.793103448275865,-0.04413793103448271
2024-02-04,47.689655172413794,-0.04620689655172413
2024-02-05,47.58620689655172,-0.04827586206896555
2024-02-06,47.48275862068966,-0.050344827586206835
2024-02-07,47.37931034482759,-0.05241379310344826
2024-02-08,47.275862068965516,-0.05448275862068968
2024-02-09,47.172413793103445,-0.0565517241379311
2024-02-10,47.06896551724138,-0.058620689655172385
2024-02-11,46.96551724137931,-0.06068965517241381
2024-02-12,46.86206896551724,-0.06275862068965524
2024-02-13,46.758620689655174,-0.0648275862068965
2024-02-14,46.6551724137931,-0.06689655172413794
2024-02-15,46.55172413793103,-0.06896551724137936
2024-02-16,46.44827586206897,-0.07103448275862063
2024-02-17,46.3448275862069,-0.07310344827586207
2024-02-18,46.241379310344826,-0.07517241379310349
2024-02-19,46.13793103448276,-0.07724137931034476
2024-02-20,46.03448275862069,-0.0793103448275862
2024-02-21,45.93103448275862,-0.08137931034482762
2024-02-22,45.827586206896555,-0.08344827586206889
2024-02-23,45.724137931034484,-0.08551724137931033
2024-02-24,45.62068965517241,-0.08758620689655175
2024-02-25,45.51724137931034,-0.08965517241379317
2024-02-26,45.41379310344828,-0.09172413793103446
2024-02-27,45.310344827586206,-0.09379310344827588
2024-02-28,45.206896551724135,-0.0958620689655173
2024-02-29,45.10344827586207,-0.09793103448275858
2024-03-01,45.0,-0.1
2024-03-02,45.03225806451613,-0.09935483870967744
2024-03-03,45.064516129032256,-0.09870967741935488
2024-03-04,45.096774193548384,-0.09806451612903232
2024-03-05,45.12903225806452,-0.09741935483870962
2024-03-06,45.16129032258065,-0.09677419354838705
2024-03-07,45.193548387096776,-0.09612903225806449
2024-03-08,45.225806451612904,-0.09548387096774193
2024-03-09,45.25806451612903,-0.09483870967741936
2024-03-10,45.29032258064516,-0.0941935483870968
2024-03-11,45.32258064516129,-0.09354838709677424
2024-03-12,45.354838709677416,-0.09290322580645168
2024-03-13,45.38709677419355,-0.09225806451612897
2024-03-14,45.41935483870968,-0.09161290322580641
2024-03-15,45.45161290322581,-0.09096774193548385
2024-03-16,45.483870967741936,-0.09032258064516129
2024-03-17,45.516129032258064,-0.08967741935483872
2024-03-18,45.54838709677419,-0.08903225806451616
2024-03-19,45.58064516129032,-0.0883870967741936
2024-03-20,45.61290322580645,-0.08774193548387103
2024-03-21,45.645161290322584,-0.08709677419354833
2024-03-22,45.67741935483871,-0.08645161290322577
2024-03-23,45.70967741935484,-0.0858064516129032
2024-03-24,45.74193548387097,-0.08516129032258064
2024-03-25,45.774193548387096,-0.08451612903225808
2024-03-26,45.806451612903224,-0.08387096774193552
2024-03-27,45.83870967741935,-0.08322580645161295
2024-03-28,45.87096774193548,-0.08258064516129039
2024-03-29,45.903225806451616,-0.08193548387096769
2024-03-30,45.935483870967744,-0.08129032258064513
2024-03-31,45.96774193548387,-0.08064516129032256
2024-04-01,46.0,-0.08
2024-04-02,46.06666666666667,-0.07866666666666661
2024-04-03,46.13333333333333,-0.07733333333333334
2024-04-04,46.2,-0.07599999999999994
2024-04-05,46.266666666666666,-0.07466666666666669
2024-04-06,46.333333333333336,-0.07333333333333329
2024-04-07,46.4,-0.07200000000000002
2024-04-08,46.46666666666667,-0.07066666666666663
2024-04-09,46.53333333333333,-0.06933333333333337
2024-04-10,46.6,-0.06799999999999998
2024-04-11,46.666666666666664,-0.06666666666666671
2024-04-12,46.733333333333334,-0.06533333333333331
2024-04-13,46.8,-0.06400000000000006
2024-04-14,46.86666666666667,-0.06266666666666666
2024-04-15,46.93333333333333,-0.0613333333333334
2024-04-16,47.0,-0.06
2024-04-17,47.06666666666667,-0.0586666666666666
2024-04-18,47.13333333333333,-0.05733333333333334
2024-04-19,47.2,-0.055999999999999946
2024-04-20,47.266666666666666,-0.05466666666666668
2024-04-21,47.333333333333336,-0.05333333333333329
2024-04-22,47.4,-0.052000000000000025
2024-04-23,47.46666666666667,-0.05066666666666663
2024-04-24,47.53333333333333,-0.04933333333333337
2024-04-25,47.6,-0.04799999999999997
2024-04-26,47.666666666666664,-0.04666666666666672
2024-04-27,47.733333333333334,-0.045333333333333316
2024-04-28,47.8,-0.04400000000000006
2024-04-29,47.86666666666667,-0.04266666666666666
2024-04-30,47.93333333333333,-0.0413333333333334
2024-05-01,48.0,-0.04
2024-05-02,48.16129032258065,-0.03677419354838705
2024-05-03,48.32258064516129,-0.03354838709677423
2024-05-04,48.483870967741936,-0.03032258064516128
2024-05-05,48.645161290322584,-0.027096774193548327
2024-05-06,48.806451612903224,-0.023870967741935516
2024-05-07,48.96774193548387,-0.020645161290322563
2024-05-08,49.12903225806451,-0.017419354838709752
2024-05-09,49.29032258064516,-0.014193548387096798
2024-05-10,49.45161290322581,-0.010967741935483843
2024-05-11,49.61290322580645,-0.007741935483871032
2024-05-12,49.774193548387096,-0.004516129032258078
2024-05-13,49.935483870967744,-0.0012903225806451246
2024-05-14,50.096774193548384,0.0019354838709676869
2024-05-15,50.25806451612903,0.005161290322580641
2024-05-16,50.41935483870968,0.008387096774193595
2024-05-17,50.58064516129032,0.011612903225806406
2024-05-18,50.74193548387097,0.014838709677419359
2024-05-19,50.903225806451616,0.018064516129032312
2024-05-20,51.064516129032256,0.021290322580645126
2024-05-21,51.225806451612904,0.02451612903225808
2024-05-22,51.38709677419355,0.027741935483871032
2024-05-23,51.54838709677419,0.030967741935483843
2024-05-24,51.70967741935484,0.034193548387096796
2024-05-25,51.87096774193549,0.03741935483870975
2024-05-26,52.03225806451613,0.040645161290322564
2024-05-27,52.193548387096776,0.04387096774193552
2024-05-28,52.354838709677416,0.047096774193548324
2024-05-29,52.516129032258064,0.050322580645161284
2024-05-30,52.67741935483871,0.05354838709677424
2024-05-31,52.83870967741935,0.056774193548387045
2024-06-01,53.0,0.06
2024-06-02,52.93333333333333,0.0586666666666666
2024-06-03,52.86666666666667,0.05733333333333334
2024-06-04,52.8,0.055999999999999946
2024-06-05,52.733333333333334,0.05466666666666668
2024-06-06,52.666666666666664,0.05333333333333329
2024-06-07,52.6,0.052000000000000025
2024-06-08,52.53333333333333,0.05066666666666663
2024-06-09,52.46666666666667,0.04933333333333337
2024-06-10,52.4,0.04799999999999997
2024-06-11,52.333333333333336,0.04666666666666672
2024-06-12,52.266666666666666,0.045333333333333316
2024-06-13,52.2,0.04400000000000006
2024-06-14,52.13333333333333,0.04266666666666666
2024-06-15,52.06666666666667,0.0413333333333334
2024-06-16,52.0,0.04
2024-06-17,51.93333333333333,0.0386666666666666
2024-06-18,51.86666666666667,0.03733333333333334
2024-06-19,51.8,0.03599999999999994
2024-06-20,51.733333333333334,0.034666666666666686
2024-06-21,51.666666666666664,0.033333333333333284
2024-06-22,51.6,0.03200000000000003
2024-06-23,51.53333333333333,0.03066666666666663
2024-06-24,51.46666666666667,0.02933333333333337
2024-06-25,51.4,0.027999999999999973
2024-06-26,51.333333333333336,0.026666666666666713
2024-06-27,51.266666666666666,0.025333333333333315
2024-06-28,51.2,0.024000000000000056
2024-06-29,51.13333333333333,0.022666666666666658
2024-06-30,51.06666666666667,0.0213333333333334
2024-07-01,51.0,0.02
2024-07-02,51.064516129032256,0.021290322580645126
2024-07-03,51.12903225806452,0.02258064516129039
2024-07-04,51.193548387096776,0.023870967741935516
2024-07-05,51.25806451612903,0.025161290322580642
2024-07-06,51.32258064516129,0.026451612903225764
2024-07-07,51.38709677419355,0.027741935483871032
2024-07-08,51.45161290322581,0.029032258064516158
2024-07-09,51.516129032258064,0.03032258064516128
2024-07-10,51.58064516129032,0.031612903225806406
2024-07-11,51.645161290322584,0.03290322580645167
2024-07-12,51.70967741935484,0.034193548387096796
2024-07-13,51.774193548387096,0.03548387096774192
2024-07-14,51.83870967741935,0.03677419354838705
2024-07-15,51.903225806451616,0.03806451612903231
2024-07-16,51.96774193548387,0.03935483870967744
2024-07-17,52.03225806451613,0.040645161290322564
2024-07-18,52.096774193548384,0.04193548387096769
2024-07-19,52.16129032258065,0.043225806451612954
2024-07-20,52.225806451612904,0.04451612903225808
2024-07-21,52.29032258064516,0.045806451612903205
2024-07-22,52.354838709677416,0.047096774193548324
2024-07-23,52.41935483870968,0.048387096774193596
2024-07-24,52.483870967741936,0.04967741935483872
2024-07-25,52.54838709677419,0.05096774193548384
2024-07-26,52.61290322580645,0.052258064516128966
2024-07-27,52.67741935483871,0.05354838709677424
2024-07-28,52.74193548387097,0.054838709677419356
2024-07-29,52.806451612903224,0.05612903225806448
2024-07-30,52.87096774193548,0.05741935483870961
2024-07-31,52.935483870967744,0.05870967741935487
2024-08-01,53.0,0.06
2024-08-02,53.16129032258065,0.06322580645161295
2024-08-03,53.32258064516129,0.06645161290322577
2024-08-04,53.483870967741936,0.06967741935483872
2024-08-05,53.645161290322584,0.07290322580645167
2024-08-06,53.806451612903224,0.07612903225806449
2024-08-07,53.96774193548387,0.07935483870967744
2024-08-08,54.12903225806451,0.08258064516129025
2024-08-09,54.29032258064516,0.0858064516129032
2024-08-10,54.45161290322581,0.08903225806451616
2024-08-11,54.61290322580645,0.09225806451612897
2024-08-12,54.774193548387096,0.09548387096774193
2024-08-13,54.935483870967744,0.09870967741935488
2024-08-14,55.096774193548384,0.10193548387096768
2024-08-15,55.25806451612903,0.10516129032258065
2024-08-16,55.41935483870968,0.1083870967741936
2024-08-17,55.58064516129032,0.1116129032258064
2024-08-18,55.74193548387097,0.11483870967741935
2024-08-19,55.903225806451616,0.11806451612903231
2024-08-20,56.064516129032256,0.12129032258064512
2024-08-21,56.225806451612904,0.12451612903225807
2024-08-22,56.38709677419355,0.12774193548387103
2024-08-23,56.54838709677419,0.13096774193548386
2024-08-24,56.70967741935484,0.1341935483870968
2024-08-25,56.87096774193549,0.13741935483870976
2024-08-26,57.03225806451613,0.14064516129032256
2024-08-27,57.193548387096776,0.14387096774193553
2024-08-28,57.354838709677416,0.14709677419354833
2024-08-29,57.516129032258064,0.15032258064516127
2024-08-30,57.67741935483871,0.15354838709677424
2024-08-31,57.83870967741935,0.15677419354838704
2024-09-01,58.0,0.16
2024-09-02,57.96666666666667,0.15933333333333338
2024-09-03,57.93333333333333,0.1586666666666666
2024-09-04,57.9,0.15799999999999997
2024-09-05,57.86666666666667,0.15733333333333335
2024-09-06,57.833333333333336,0.1566666666666667
2024-09-07,57.8,0.15599999999999994
2024-09-08,57.766666666666666,0.15533333333333332
2024-09-09,57.733333333333334,0.15466666666666667
2024-09-10,57.7,0.15400000000000005
2024-09-11,57.666666666666664,0.1533333333333333
2024-09-12,57.63333333333333,0.15266666666666664
2024-09-13,57.6,0.15200000000000002
2024-09-14,57.56666666666667,0.1513333333333334
2024-09-15,57.53333333333333,0.15066666666666662
2024-09-16,57.5,0.15
2024-09-17,57.46666666666667,0.14933333333333337
2024-09-18,57.43333333333333,0.1486666666666666
2024-09-19,57.4,0.14799999999999996
2024-09-20,57.36666666666667,0.14733333333333334
2024-09-21,57.333333333333336,0.14666666666666672
2024-09-22,57.3,0.14599999999999994
2024-09-23,57.266666666666666,0.14533333333333331
2024-09-24,57.233333333333334,0.1446666666666667
2024-09-25,57.2,0.14400000000000004
2024-09-26,57.166666666666664,0.14333333333333328
2024-09-27,57.13333333333333,0.14266666666666666
2024-09-28,57.1,0.14200000000000002
2024-09-29,57.06666666666667,0.1413333333333334
2024-09-30,57.03333333333333,0.14066666666666663
2024-10-01,57.0,0.14
2024-10-02,56.774193548387096,0.13548387096774192
2024-10-03,56.54838709677419,0.13096774193548386
2024-10-04,56.32258064516129,0.12645161290322576
2024-10-05,56.096774193548384,0.12193548387096768
2024-10-06,55.87096774193549,0.11741935483870974
2024-10-07,55.645161290322584,0.11290322580645168
2024-10-08,55.41935483870968,0.1083870967741936
2024-10-09,55.193548387096776,0.10387096774193552
2024-10-10,54.96774193548387,0.09935483870967744
2024-10-11,54.74193548387097,0.09483870967741936
2024-10-12,54.516129032258064,0.09032258064516129
2024-10-13,54.29032258064516,0.0858064516129032
2024-10-14,54.064516129032256,0.08129032258064513
2024-10-15,53.83870967741935,0.07677419354838705
2024-10-16,53.61290322580645,0.07225806451612897
2024-10-17,53.38709677419355,0.06774193548387103
2024-10-18,53.16129032258065,0.06322580645161295
2024-10-19,52.935483870967744,0.05870967741935487
2024-10-20,52.70967741935484,0.0541935483870968
2024-10-21,52.483870967741936,0.04967741935483872
2024-10-22,52.25806451612903,0.04516129032258064
2024-10-23,52.03225806451613,0.040645161290322564
2024-10-24,51.806451612903224,0.036129032258064485
2024-10-25,51.58064516129032,0.031612903225806406
2024-10-26,51.35483870967742,0.02709677419354847
2024-10-27,51.12903225806451,0.02258064516129025
2024-10-28,50.903225806451616,0.018064516129032312
2024-10-29,50.67741935483871,0.013548387096774235
2024-10-30,50.45161290322581,0.009032258064516156
2024-10-31,50.225806451612904,0.004516129032258078
2024-11-01,50.0,0.0
2024-11-02,49.9,-0.0020000000000000282
2024-11-03,49.8,-0.0040000000000000565
2024-11-04,49.7,-0.005999999999999943
2024-11-05,49.6,-0.007999999999999972
2024-11-06,49.5,-0.01
2024-11-07,49.4,-0.012000000000000028
2024-11-08,49.3,-0.014000000000000058
2024-11-09,49.2,-0.015999999999999945
2024-11-10,49.1,-0.01799999999999997
2024-11-11,49.0,-0.02
2024-11-12,48.9,-0.02200000000000003
2024-11-13,48.8,-0.024000000000000056
2024-11-14,48.7,-0.025999999999999943
2024-11-15,48.6,-0.027999999999999973
2024-11-16,48.5,-0.03
2024-11-17,48.4,-0.03200000000000003
2024-11-18,48.3,-0.03400000000000006
2024-11-19,48.2,-0.03599999999999994
2024-11-20,48.1,-0.03799999999999997
2024-11-21,48.0,-0.04
2024-11-22,47.9,-0.04200000000000003
2024-11-23,47.8,-0.04400000000000006
2024-11-24,47.7,-0.045999999999999944
2024-11-25,47.6,-0.04799999999999997
2024-11-26,47.5,-0.05
2024-11-27,47.4,-0.052000000000000025
2024-11-28,47.3,-0.054000000000000055
2024-11-29,47.2,-0.055999999999999946
2024-11-30,47.1,-0.05799999999999997
2024-12-01,47.0,-0.06
2024-12-02,46.96774193548387,-0.06064516129032256
2024-12-03,46.935483870967744,-0.061290322580645124
2024-12-04,46.903225806451616,-0.061935483870967686
2024-12-05,46.87096774193548,-0.06258064516129039
2024-12-06,46.83870967741935,-0.06322580645161295
2024-12-07,46.806451612903224,-0.06387096774193551
2024-12-08,46.774193548387096,-0.06451612903225808
2024-12-09,46.74193548387097,-0.06516129032258064
2024-12-10,46.70967741935484,-0.0658064516129032
2024-12-11,46.67741935483871,-0.06645161290322577
2024-12-12,46.645161290322584,-0.06709677419354833
2024-12-13,46.61290322580645,-0.06774193548387103
2024-12-14,46.58064516129032,-0.06838709677419359
2024-12-15,46.54838709677419,-0.06903225806451616
2024-12-16,46.516129032258064,-0.06967741935483872
2024-12-17,46.483870967741936,-0.07032258064516128
2024-12-18,46.45161290322581,-0.07096774193548384
2024-12-19,46.41935483870968,-0.0716129032258064
2024-12-20,46.38709677419355,-0.07225806451612897
2024-12-21,46.354838709677416,-0.07290322580645167
2024-12-22,46.32258064516129,-0.07354838709677423
2024-12-23,46.29032258064516,-0.0741935483870968
2024-12-24,46.25806451612903,-0.07483870967741936
2024-12-25,46.225806451612904,-0.07548387096774192
2024-12-26,46.193548387096776,-0.07612903225806449
2024-12-27,46.16129032258065,-0.07677419354838705
2024-12-28,46.12903225806452,-0.07741935483870961
2024-12-29,46.096774193548384,-0.07806451612903231
2024-12-30,46.064516129032256,-0.07870967741935488
2024-12-31,46.03225806451613,-0.07935483870967744
2025-01-01,46.0,-0.08
2025-01-02,46.03225806451613,-0.07935483870967744
2025-01-03,46.064516129032256,-0.07870967741935488
2025-01-04,46.096774193548384,-0.07806451612903231
2025-01-05,46.12903225806452,-0.07741935483870961
2025-01-06,46.16129032258065,-0.07677419354838705
2025-01-07,46.193548387096776,-0.07612903225806449
2025-01-08,46.225806451612904,-0.07548387096774192
2025-01-09,46.25806451612903,-0.07483870967741936
2025-01-10,46.29032258064516,-0.0741935483870968
2025-01-11,46.32258064516129,-0.07354838709677423
2025-01-12,46.354838709677416,-0.07290322580645167
2025-01-13,46.38709677419355,-0.07225806451612897
2025-01-14,46.41935483870968,-0.0716129032258064
2025-01-15,46.45161290322581,-0.07096774193548384
2025-01-16,46.483870967741936,-0.07032258064516128
2025-01-17,46.516129032258064,-0.06967741935483872
2025-01-18,46.54838709677419,-0.06903225806451616
2025-01-19,46.58064516129032,-0.06838709677419359
2025-01-20,46.61290322580645,-0.06774193548387103
2025-01-21,46.645161290322584,-0.06709677419354833
2025-01-22,46.67741935483871,-0.06645161290322577
2025-01-23,46.70967741935484,-0.0658064516129032
2025-01-24,46.74193548387097,-0.06516129032258064
2025-01-25,46.774193548387096,-0.06451612903225808
2025-01-26,46.806451612903224,-0.06387096774193551
2025-01-27,46.83870967741935,-0.06322580645161295
2025-01-28,46.87096774193548,-0.06258064516129039
2025-01-29,46.903225806451616,-0.061935483870967686
2025-01-30,46.935483870967744,-0.061290322580645124
2025-01-31,46.96774193548387,-0.06064516129032256
2025-02-01,47.0,-0.06
2025-02-02,46.92857142857143,-0.06142857142857139
2025-02-03,46.857142857142854,-0.06285714285714292
2025-02-04,46.785714285714285,-0.06428571428571431
2025-02-05,46.714285714285715,-0.0657142857142857
2025-02-06,46.642857142857146,-0.06714285714285709
2025-02-07,46.57142857142857,-0.06857142857142862
2025-02-08,46.5,-0.07
2025-02-09,46.42857142857143,-0.07142857142857138
2025-02-10,46.357142857142854,-0.07285714285714291
2025-02-11,46.285714285714285,-0.0742857142857143
2025-02-12,46.214285714285715,-0.07571428571428569
2025-02-13,46.142857142857146,-0.07714285714285708
2025-02-14,46.07142857142857,-0.07857142857142861
2025-02-15,46.0,-0.08
2025-02-16,45.92857142857143,-0.08142857142857139
2025-02-17,45.857142857142854,-0.08285714285714292
2025-02-18,45.785714285714285,-0.08428571428571431
2025-02-19,45.714285714285715,-0.08571428571428569
2025-02-20,45.642857142857146,-0.08714285714285708
2025-02-21,45.57142857142857,-0.0885714285714286
2025-02-22,45.5,-0.09
2025-02-23,45.42857142857143,-0.09142857142857139
2025-02-24,45.357142857142854,-0.09285714285714292
2025-02-25,45.285714285714285,-0.0942857142857143
2025-02-26,45.214285714285715,-0.0957142857142857
2025-02-27,45.142857142857146,-0.09714285714285709
2025-02-28,45.07142857142857,-0.09857142857142862
2025-03-01,45.0,-0.1
2025-03-02,45.193548387096776,-0.09612903225806449
2025-03-03,45.38709677419355,-0.09225806451612897
2025-03-04,45.58064516129032,-0.0883870967741936
2025-03-05,45.774193548387096,-0.08451612903225808
2025-03-06,45.96774193548387,-0.08064516129032256
2025-03-07,46.16129032258065,-0.07677419354838705
2025-03-08,46.354838709677416,-0.07290322580645167
2025-03-09,46.54838709677419,-0.06903225806451616
2025-03-10,46.74193548387097,-0.06516129032258064
2025-03-11,46.935483870967744,-0.061290322580645124
2025-03-12,47.12903225806451,-0.05741935483870975
2025-03-13,47.32258064516129,-0.05354838709677424
2025-03-14,47.516129032258064,-0.04967741935483872
2025-03-15,47.70967741935484,-0.045806451612903205
2025-03-16,47.903225806451616,-0.04193548387096769
2025-03-17,48.096774193548384,-0.03806451612903231
2025-03-18,48.29032258064516,-0.034193548387096796
2025-03-19,48.483870967741936,-0.03032258064516128
2025-03-20,48.67741935483871,-0.026451612903225764
2025-03-21,48.87096774193549,-0.02258064516129025
2025-03-22,49.064516129032256,-0.018709677419354875
2025-03-23,49.25806451612903,-0.014838709677419359
2025-03-24,49.45161290322581,-0.010967741935483843
2025-03-25,49.64516129032258,-0.00709677419354847
2025-03-26,49.83870967741935,-0.0032258064516129535
2025-03-27,50.03225806451613,0.0006451612903225623
2025-03-28,50.225806451612904,0.004516129032258078
2025-03-29,50.41935483870968,0.008387096774193595
2025-03-30,50.61290322580645,0.012258064516128968
2025-03-31,50.806451612903224,0.016129032258064484
2025-04-01,51.0,0.02
2025-04-02,50.9,0.01799999999999997
2025-04-03,50.8,0.015999999999999945
2025-04-04,50.7,0.014000000000000058
2025-04-05,50.6,0.012000000000000028
2025-04-06,50.5,0.01
2025-04-07,50.4,0.007999999999999972
2025-04-08,50.3,0.005999999999999943
2025-04-09,50.2,0.0040000000000000565
2025-04-10,50.1,0.0020000000000000282
2025-04-11,50.0,0.0
2025-04-12,49.9,-0.0020000000000000282
2025-04-13,49.8,-0.0040000000000000565
2025-04-14,49.7,-0.005999999999999943
2025-04-15,49.6,-0.007999999999999972
2025-04-16,49.5,-0.01
2025-04-17,49.4,-0.012000000000000028
2025-04-18,49.3,-0.014000000000000058
2025-04-19,49.2,-0.015999999999999945
2025-04-20,49.1,-0.01799999999999997
2025-04-21,49.0,-0.02
2025-04-22,48.9,-0.02200000000000003
2025-04-23,48.8,-0.024000000000000056
2025-04-24,48.7,-0.025999999999999943
2025-04-25,48.6,-0.027999999999999973
2025-04-26,48.5,-0.03
2025-04-27,48.4,-0.03200000000000003
2025-04-28,48.3,-0.03400000000000006
2025-04-29,48.2,-0.03599999999999994
2025-04-30,48.1,-0.03799999999999997
2025-05-01,48.0,-0.04
2025-05-02,48.225806451612904,-0.03548387096774192
2025-05-03,48.45161290322581,-0.030967741935483843
2025-05-04,48.67741935483871,-0.026451612903225764
2025-05-05,48.903225806451616,-0.021935483870967686
2025-05-06,49.12903225806451,-0.017419354838709752
2025-05-07,49.354838709677416,-0.012903225806451672
2025-05-08,49.58064516129032,-0.008387096774193595
2025-05-09,49.806451612903224,-0.003870967741935516
2025-05-10,50.03225806451613,0.0006451612903225623
2025-05-11,50.25806451612903,0.005161290322580641
2025-05-12,50.483870967741936,0.009677419354838719
2025-05-13,50.70967741935484,0.014193548387096798
2025-05-14,50.935483870967744,0.018709677419354875
2025-05-15,51.16129032258065,0.023225806451612954
2025-05-16,51.38709677419355,0.027741935483871032
2025-05-17,51.61290322580645,0.03225806451612897
2025-05-18,51.83870967741935,0.03677419354838705
2025-05-19,52.064516129032256,0.04129032258064513
2025-05-20,52.29032258064516,0.045806451612903205
2025-05-21,52.516129032258064,0.050322580645161284
2025-05-22,52.74193548387097,0.054838709677419356
2025-05-23,52.96774193548387,0.059354838709677435
2025-05-24,53.193548387096776,0.06387096774193551
2025-05-25,53.41935483870968,0.06838709677419359
2025-05-26,53.64516129032258,0.07290322580645153
2025-05-27,53.87096774193549,0.07741935483870975
2025-05-28,54.096774193548384,0.08193548387096769
2025-05-29,54.32258064516129,0.08645161290322577
2025-05-30,54.54838709677419,0.09096774193548385
2025-05-31,54.774193548387096,0.09548387096774193
2025-06-01,55.0,0.1
2025-06-02,55.13333333333333,0.10266666666666666
2025-06-03,55.266666666666666,0.10533333333333332
2025-06-04,55.4,0.10799999999999997
2025-06-05,55.53333333333333,0.11066666666666664
2025-06-06,55.666666666666664,0.11333333333333329
2025-06-07,55.8,0.11599999999999994
2025-06-08,55.93333333333333,0.1186666666666666
2025-06-09,56.06666666666667,0.1213333333333334
2025-06-10,56.2,0.12400000000000005
2025-06-11,56.333333333333336,0.1266666666666667
2025-06-12,56.46666666666667,0.12933333333333338
2025-06-13,56.6,0.13200000000000003
2025-06-14,56.733333333333334,0.13466666666666668
2025-06-15,56.86666666666667,0.13733333333333334
2025-06-16,57.0,0.14
2025-06-17,57.13333333333333,0.14266666666666666
2025-06-18,57.266666666666666,0.14533333333333331
2025-06-19,57.4,0.14799999999999996
2025-06-20,57.53333333333333,0.15066666666666662
2025-06-21,57.666666666666664,0.1533333333333333
2025-06-22,57.8,0.15599999999999994
2025-06-23,57.93333333333333,0.1586666666666666
2025-06-24,58.06666666666666,0.16133333333333325
2025-06-25,58.2,0.16400000000000006
2025-06-26,58.333333333333336,0.1666666666666667
2025-06-27,58.46666666666667,0.16933333333333336
2025-06-28,58.6,0.17200000000000004
2025-06-29,58.733333333333334,0.1746666666666667
2025-06-30,58.86666666666667,0.17733333333333334
2025-07-01,59.0,0.18
2025-07-02,59.774193548387096,0.19548387096774192
2025-07-03,60.54838709677419,0.21096774193548384
2025-07-04,61.32258064516129,0.22645161290322577
2025-07-05,62.096774193548384,0.2419354838709677
2025-07-06,62.87096774193549,0.25741935483870976
2025-07-07,63.64516129032258,0.27290322580645154
2025-07-08,64.41935483870968,0.2883870967741936
2025-07-09,65.19354838709677,0.3038709677419354
2025-07-10,65.96774193548387,0.31935483870967746
2025-07-11,66.74193548387098,0.3348387096774195
2025-07-12,67.51612903225806,0.3503225806451613
2025-07-13,68.29032258064515,0.36580645161290304
2025-07-14,69.06451612903226,0.3812903225806451
2025-07-15,69.83870967741936,0.39677419354838717
2025-07-16,70.61290322580645,0.41225806451612895
2025-07-17,71.38709677419355,0.427741935483871
2025-07-18,72.16129032258064,0.4432258064516128
2025-07-19,72.93548387096774,0.45870967741935487
2025-07-20,73.70967741935483,0.47419354838709665
2025-07-21,74.48387096774194,0.4896774193548387
2025-07-22,75.25806451612902,0.5051612903225805
2025-07-23,76.03225806451613,0.5206451612903226
2025-07-24,76.80645161290323,0.5361290322580646
2025-07-25,77.58064516129032,0.5516129032258064
2025-07-26,78.35483870967742,0.5670967741935484
2025-07-27,79.12903225806451,0.5825806451612903
2025-07-28,79.90322580645162,0.5980645161290323
2025-07-29,80.6774193548387,0.6135483870967741
2025-07-30,81.45161290322581,0.6290322580645161
2025-07-31,82.2258064516129,0.644516129032258
2025-08-01,83.0,0.66
2025-08-02,83.29032258064517,0.6658064516129033
2025-08-03,83.58064516129032,0.6716129032258064
2025-08-04,83.87096774193549,0.6774193548387097
2025-08-05,84.16129032258064,0.6832258064516128
2025-08-06,84.45161290322581,0.6890322580645162
2025-08-07,84.74193548387098,0.6948387096774195
2025-08-08,85.03225806451613,0.7006451612903226
2025-08-09,85.3225806451613,0.7064516129032259
2025-08-10,85.61290322580645,0.7122580645161289
2025-08-11,85.90322580645162,0.7180645161290323
2025-08-12,86.19354838709677,0.7238709677419354
2025-08-13,86.48387096774194,0.7296774193548388
2025-08-14,86.7741935483871,0.735483870967742
2025-08-15,87.06451612903226,0.7412903225806451
2025-08-16,87.35483870967742,0.7470967741935485
2025-08-17,87.64516129032258,0.7529032258064515
2025-08-18,87.93548387096774,0.7587096774193549
2025-08-19,88.2258064516129,0.764516129032258
2025-08-20,88.51612903225806,0.7703225806451612
2025-08-21,88.80645161290323,0.7761290322580646
2025-08-22,89.09677419354838,0.7819354838709677
2025-08-23,89.38709677419355,0.7877419354838711
2025-08-24,89.6774193548387,0.7935483870967741
2025-08-25,89.96774193548387,0.7993548387096774
2025-08-26,90.25806451612904,0.8051612903225808
2025-08-27,90.54838709677419,0.8109677419354838
2025-08-28,90.83870967741936,0.8167741935483872
2025-08-29,91.12903225806451,0.8225806451612903
2025-08-30,91.41935483870968,0.8283870967741936
2025-08-31,91.70967741935485,0.8341935483870969
2025-09-01,92.0,0.84
2025-09-02,92.26666666666667,0.8453333333333333
2025-09-03,92.53333333333333,0.8506666666666667
2025-09-04,92.8,0.856
2025-09-05,93.06666666666666,0.8613333333333333
2025-09-06,93.33333333333333,0.8666666666666666
2025-09-07,93.6,0.8719999999999999
2025-09-08,93.86666666666666,0.8773333333333332
2025-09-09,94.13333333333334,0.8826666666666668
2025-09-10,94.4,0.8880000000000001
2025-09-11,94.66666666666667,0.8933333333333334
2025-09-12,94.93333333333334,0.8986666666666667
2025-09-13,95.2,0.904
2025-09-14,95.46666666666667,0.9093333333333333
2025-09-15,95.73333333333333,0.9146666666666667
2025-09-16,96.0,0.92
2025-09-17,96.26666666666667,0.9253333333333333
2025-09-18,96.53333333333333,0.9306666666666666
2025-09-19,96.8,0.9359999999999999
2025-09-20,97.06666666666666,0.9413333333333332
2025-09-21,97.33333333333333,0.9466666666666665
2025-09-22,97.6,0.9519999999999998
2025-09-23,97.86666666666666,0.9573333333333331
2025-09-24,98.13333333333333,0.9626666666666666
2025-09-25,98.4,0.9680000000000001
2025-09-26,98.66666666666667,0.9733333333333334
2025-09-27,98.93333333333334,0.9786666666666668
2025-09-28,99.2,0.9840000000000001
2025-09-29,99.46666666666667,0.9893333333333334
2025-09-30,99.73333333333333,0.9946666666666667
2025-10-01,100.0,1.0
2025-10-02,99.61290322580645,0.992258064516129
2025-10-03,99.2258064516129,0.9845161290322579
2025-10-04,98.83870967741936,0.9767741935483872
2025-10-05,98.45161290322581,0.9690322580645162
2025-10-06,98.06451612903226,0.9612903225806452
2025-10-07,97.6774193548387,0.9535483870967741
2025-10-08,97.29032258064517,0.9458064516129033
2025-10-09,96.90322580645162,0.9380645161290323
2025-10-10,96.51612903225806,0.9303225806451613
2025-10-11,96.12903225806451,0.9225806451612902
2025-10-12,95.74193548387098,0.9148387096774195
2025-10-13,95.35483870967742,0.9070967741935485
2025-10-14,94.96774193548387,0.8993548387096775
2025-10-15,94.58064516129032,0.8916129032258064
2025-10-16,94.19354838709677,0.8838709677419354
2025-10-17,93.80645161290323,0.8761290322580646
2025-10-18,93.41935483870968,0.8683870967741936
2025-10-19,93.03225806451613,0.8606451612903225
2025-10-20,92.64516129032258,0.8529032258064515
2025-10-21,92.25806451612902,0.8451612903225805
2025-10-22,91.87096774193549,0.8374193548387098
2025-10-23,91.48387096774194,0.8296774193548387
2025-10-24,91.09677419354838,0.8219354838709677
2025-10-25,90.70967741935485,0.8141935483870969
2025-10-26,90.3225806451613,0.8064516129032259
2025-10-27,89.93548387096774,0.7987096774193548
2025-10-28,89.54838709677419,0.7909677419354838
2025-10-29,89.16129032258064,0.7832258064516128
2025-10-30,88.7741935483871,0.7754838709677421
2025-10-31,88.38709677419355,0.767741935483871
2025-11-01,88.0,0.76
2025-11-02,87.56666666666666,0.7513333333333333
2025-11-03,87.13333333333334,0.7426666666666668
2025-11-04,86.7,0.7340000000000001
2025-11-05,86.26666666666667,0.7253333333333333
2025-11-06,85.83333333333333,0.7166666666666666
2025-11-07,85.4,0.7080000000000001
2025-11-08,84.96666666666667,0.6993333333333334
2025-11-09,84.53333333333333,0.6906666666666667
2025-11-10,84.1,0.6819999999999999
2025-11-11,83.66666666666667,0.6733333333333335
2025-11-12,83.23333333333333,0.6646666666666667
2025-11-13,82.8,0.6559999999999999
2025-11-14,82.36666666666666,0.6473333333333332
2025-11-15,81.93333333333334,0.6386666666666667
2025-11-16,81.5,0.63
2025-11-17,81.06666666666666,0.6213333333333333
2025-11-18,80.63333333333333,0.6126666666666665
2025-11-19,80.2,0.6040000000000001
2025-11-20,79.76666666666667,0.5953333333333333
2025-11-21,79.33333333333333,0.5866666666666666
2025-11-22,78.9,0.5780000000000001
2025-11-23,78.46666666666667,0.5693333333333334
2025-11-24,78.03333333333333,0.5606666666666666
2025-11-25,77.6,0.5519999999999999
2025-11-26,77.16666666666667,0.5433333333333334
2025-11-27,76.73333333333333,0.5346666666666667
2025-11-28,76.3,0.5259999999999999
2025-11-29,75.86666666666667,0.5173333333333335
2025-11-30,75.43333333333334,0.5086666666666667
2025-12-01,75.0,0.5
2025-12-02,74.83870967741936,0.4967741935483872
2025-12-03,74.6774193548387,0.49354838709677407
2025-12-04,74.51612903225806,0.49032258064516127
2025-12-05,74.35483870967742,0.48709677419354847
2025-12-06,74.19354838709677,0.4838709677419354
2025-12-07,74.03225806451613,0.4806451612903226
2025-12-08,73.87096774193549,0.47741935483870973
2025-12-09,73.70967741935483,0.47419354838709665
2025-12-10,73.54838709677419,0.47096774193548385
2025-12-11,73.38709677419355,0.46774193548387105
2025-12-12,73.2258064516129,0.4645161290322579
2025-12-13,73.06451612903226,0.4612903225806451
2025-12-14,72.90322580645162,0.4580645161290323
2025-12-15,72.74193548387098,0.4548387096774195
2025-12-16,72.58064516129032,0.4516129032258064
2025-12-17,72.41935483870968,0.4483870967741936
2025-12-18,72.25806451612904,0.4451612903225808
2025-12-19,72.09677419354838,0.4419354838709677
2025-12-20,71.93548387096774,0.43870967741935485
2025-12-21,71.7741935483871,0.43548387096774205
2025-12-22,71.61290322580645,0.43225806451612897
2025-12-23,71.45161290322581,0.42903225806451617
2025-12-24,71.29032258064517,0.42580645161290337
2025-12-25,71.12903225806451,0.42258064516129024
2025-12-26,70.96774193548387,0.41935483870967744
2025-12-27,70.80645161290323,0.41612903225806464
2025-12-28,70.64516129032258,0.41290322580645156
2025-12-29,70.48387096774194,0.4096774193548387
2025-12-30,70.3225806451613,0.4064516129032259
2025-12-31,70.16129032258064,0.4032258064516128
2026-01-01,70.0,0.4
2026-01-02,70.7741935483871,0.4154838709677421
2026-01-03,71.54838709677419,0.4309677419354838
2026-01-04,72.3225806451613,0.4464516129032259
2026-01-05,73.09677419354838,0.46193548387096767
2026-01-06,73.87096774193549,0.47741935483870973
2026-01-07,74.64516129032258,0.4929032258064515
2026-01-08,75.41935483870968,0.5083870967741936
2026-01-09,76.19354838709677,0.5238709677419354
2026-01-10,76.96774193548387,0.5393548387096775
2026-01-11,77.74193548387098,0.5548387096774196
2026-01-12,78.51612903225806,0.5703225806451613
2026-01-13,79.29032258064515,0.585806451612903
2026-01-14,80.06451612903226,0.6012903225806451
2026-01-15,80.83870967741936,0.6167741935483871
2026-01-16,81.61290322580645,0.632258064516129
2026-01-17,82.38709677419355,0.647741935483871
2026-01-18,83.16129032258064,0.6632258064516128
2026-01-19,83.93548387096774,0.6787096774193548
2026-01-20,84.70967741935483,0.6941935483870967
2026-01-21,85.48387096774194,0.7096774193548387
2026-01-22,86.25806451612902,0.7251612903225805
2026-01-23,87.03225806451613,0.7406451612903225
2026-01-24,87.80645161290323,0.7561290322580646
2026-01-25,88.58064516129032,0.7716129032258064
2026-01-26,89.35483870967742,0.7870967741935485
2026-01-27,90.12903225806451,0.8025806451612902
2026-01-28,90.90322580645162,0.8180645161290323
2026-01-29,91.6774193548387,0.8335483870967741
2026-01-30,92.45161290322581,0.8490322580645162
2026-01-31,93.2258064516129,0.8645161290322579
2026-02-01,94.0,0.88
2026-02-02,94.10714285714286,0.8821428571428572
2026-02-03,94.21428571428571,0.8842857142857141
2026-02-04,94.32142857142857,0.8864285714285713
2026-02-05,94.42857142857143,0.8885714285714286
2026-02-06,94.53571428571429,0.8907142857142858
2026-02-07,94.64285714285714,0.8928571428571428
2026-02-08,94.75,0.895
2026-02-09,94.85714285714286,0.8971428571428572
2026-02-10,94.96428571428571,0.8992857142857141
2026-02-11,95.07142857142857,0.9014285714285714
2026-02-12,95.17857142857143,0.9035714285714286
2026-02-13,95.28571428571429,0.9057142857142858
2026-02-14,95.39285714285714,0.9078571428571428
2026-02-15,95.5,0.91
2026-02-16,95.60714285714286,0.9121428571428573
2026-02-17,95.71428571428571,0.9142857142857141
2026-02-18,95.82142857142857,0.9164285714285714
2026-02-19,95.92857142857143,0.9185714285714286
2026-02-20,96.03571428571429,0.9207142857142858
2026-02-21,96.14285714285714,0.9228571428571428
2026-02-22,96.25,0.925
2026-02-23,96.35714285714286,0.9271428571428573
2026-02-24,96.46428571428571,0.9292857142857142
2026-02-25,96.57142857142857,0.9314285714285714
2026-02-26,96.67857142857143,0.9335714285714286
2026-02-27,96.78571428571429,0.9357142857142858
2026-02-28,96.89285714285714,0.9378571428571427
2026-03-01,97.0,0.94
2026-03-02,96.80645161290323,0.9361290322580647
2026-03-03,96.61290322580645,0.9322580645161289
2026-03-04,96.41935483870968,0.9283870967741936
2026-03-05,96.2258064516129,0.9245161290322579
2026-03-06,96.03225806451613,0.9206451612903226
2026-03-07,95.83870967741936,0.9167741935483872
2026-03-08,95.64516129032258,0.9129032258064516
2026-03-09,95.45161290322581,0.9090322580645162
2026-03-10,95.25806451612904,0.9051612903225807
2026-03-11,95.06451612903226,0.9012903225806451
2026-03-12,94.87096774193549,0.8974193548387097
2026-03-13,94.6774193548387,0.8935483870967741
2026-03-14,94.48387096774194,0.8896774193548387
2026-03-15,94.29032258064517,0.8858064516129034
2026-03-16,94.09677419354838,0.8819354838709677
2026-03-17,93.90322580645162,0.8780645161290324
2026-03-18,93.70967741935483,0.8741935483870966
2026-03-19,93.51612903225806,0.8703225806451613
2026-03-20,93.3225806451613,0.8664516129032259
2026-03-21,93.12903225806451,0.8625806451612903
2026-03-22,92.93548387096774,0.8587096774193549
2026-03-23,92.74193548387098,0.8548387096774195
2026-03-24,92.54838709677419,0.8509677419354839
2026-03-25,92.35483870967742,0.8470967741935485
2026-03-26,92.16129032258064,0.8432258064516128
2026-03-27,91.96774193548387,0.8393548387096774
2026-03-28,91.7741935483871,0.835483870967742
2026-03-29,91.58064516129032,0.8316129032258064
2026-03-30,91.38709677419355,0.827741935483871
2026-03-31,91.19354838709677,0.8238709677419354
2026-04-01,91.0,0.82
2026-04-02,90.13333333333334,0.8026666666666668
2026-04-03,89.26666666666667,0.7853333333333333
2026-04-04,88.4,0.7680000000000001
2026-04-05,87.53333333333333,0.7506666666666666
2026-04-06,86.66666666666667,0.7333333333333334
2026-04-07,85.8,0.716
2026-04-08,84.93333333333334,0.6986666666666668
2026-04-09,84.06666666666666,0.6813333333333332
2026-04-10,83.2,0.664
2026-04-11,82.33333333333333,0.6466666666666666
2026-04-12,81.46666666666667,0.6293333333333334
2026-04-13,80.6,0.6119999999999999
2026-04-14,79.73333333333333,0.5946666666666667
2026-04-15,78.86666666666667,0.5773333333333335
2026-04-16,78.0,0.56
2026-04-17,77.13333333333333,0.5426666666666665
2026-04-18,76.26666666666667,0.5253333333333333
2026-04-19,75.4,0.5080000000000001
2026-04-20,74.53333333333333,0.49066666666666664
2026-04-21,73.66666666666666,0.47333333333333316
2026-04-22,72.8,0.45599999999999996
2026-04-23,71.93333333333334,0.43866666666666676
2026-04-24,71.06666666666666,0.4213333333333333
2026-04-25,70.2,0.4040000000000001
2026-04-26,69.33333333333333,0.38666666666666655
2026-04-27,68.46666666666667,0.36933333333333335
2026-04-28,67.6,0.35199999999999987
2026-04-29,66.73333333333333,0.33466666666666667
2026-04-30,65.86666666666667,0.31733333333333347
2026-05-01,65.0,0.3
