Date,insp_soy_lbs,insp_soy_bu,insp_soy_4wk_avg,insp_soy_yoy,insp_soy_zscore
2016-01-07,2743303283,45721721.38333333,45721721.38333333,0.0,0.0
2016-01-14,3080471193,51341186.55,48531453.96666667,0.0,0.0
2016-01-21,2641717890,44028631.5,47030513.14444444,0.0,0.0
2016-01-28,2661780383,44363006.38333333,46363636.454166666,0.0,0.0
2016-02-04,2815932025,46932200.416666664,46666256.2125,0.0,0.0
2016-02-11,3844120831,64068680.516666666,49848129.704166666,0.0,0.0
2016-02-18,3406459533,56774325.55,53034553.21666666,0.0,0.0
2016-02-25,2326342750,38772379.166666664,51636896.412499994,0.0,0.0
2016-03-03,2415066163,40251102.71666667,49966621.9875,0.0,0.0
2016-03-10,1578231357,26303855.95,40525415.84583333,0.0,-1.9014148449292427
2016-03-17,1272287970,21204799.5,31633034.333333336,0.0,-1.8272986781162104
2016-03-24,1251914710,20865245.166666668,27156250.833333336,0.0,-1.554947579614287
2016-03-31,500098320,8334972.0,19177218.15416667,0.0,-1.9466326402090492
2016-04-07,853366610,14222776.833333334,16156948.375,0.0,-1.3940502886578128
2016-04-14,590926000,9848766.666666666,13317940.166666666,0.0,-1.4671875282994127
2016-04-21,623446730,10390778.833333334,10699323.583333334,0.0,-1.3064127386565594
2016-04-28,427941210,7132353.5,10398668.958333334,0.0,-1.3545097729075404
2016-05-05,319823200,5330386.666666667,8175571.416666666,0.0,-1.332338657119438
2016-05-12,465329350,7755489.166666667,7652252.041666667,0.0,-1.130623157620296
2016-05-19,194801260,3246687.6666666665,5866229.250000001,0.0,-1.2697958421002942
2016-05-26,500799724,8346662.066666666,6169806.391666667,0.0,-0.9641931020096876
2016-06-02,216906440,3615107.3333333335,5740986.558333333,0.0,-1.1386766787594507
2016-06-09,329160310,5486005.166666667,5173615.558333334,0.0,-0.9983850132823545
2016-06-16,695317860,11588631.0,7259101.391666666,0.0,-0.6716040091384201
2016-06-23,652197040,10869950.666666666,7889923.541666667,0.0,-0.6871995011195141
2016-06-30,425240100,7087335.0,8757980.458333332,0.0,-0.8515948356011637
2016-07-07,860604180,14343403.0,10972329.916666668,0.0,-0.4670010924069595
2016-07-14,883164670,14719411.166666666,11755024.958333334,0.0,-0.43794375338654684
2016-07-21,1588660580,26477676.333333332,15656956.375,0.0,0.18352196574467897
2016-07-28,1498299100,24971651.666666668,20128035.541666668,0.0,0.10041578728565598
2016-08-04,2238121455,37302024.25,25867690.854166668,0.0,0.7589272351168121
2016-08-11,1713317290,28555288.166666668,29326660.104166668,0.0,0.2698445197229541
2016-08-18,2087587643,34793127.38333333,31405522.866666667,0.0,0.6078806756101689
2016-08-25,2163829319,36063821.983333334,34178565.44583333,0.0,0.6656445945191222
2016-09-01,2717784030,45296400.5,36177159.50833333,0.0,1.1538885216011332
2016-09-08,2091909660,34865161.0,37754627.71666667,0.0,0.5496183670228906
2016-09-15,1678068330,27967805.5,36048297.24583334,0.0,0.1506814051652347
2016-09-22,852484440,14208074.0,30584360.25,0.0,-0.6399424104102277
2016-09-29,2447259858,40787664.3,29457176.2,0.0,0.9013926969895028
2016-10-06,4087748850,68129147.5,37773172.825,0.0,2.302482976324996
2016-10-13,5654119163,94235319.38333334,54340051.295833334,0.0,3.0
2016-10-20,6224468467,103741141.11666666,76723318.075,0.0,3.0
2016-10-27,6588544780,109809079.66666667,93978671.91666666,0.0,2.967823776320651
2016-11-03,5903667811,98394463.51666667,101545000.92083333,0.0,2.3365530150286613
2016-11-10,6492812034,108213533.9,105039554.55,0.0,2.4650537415718956
2016-11-17,6007218507,100120308.45,104134346.38333333,0.0,2.061623555283389
2016-11-24,5046996249,84116604.15,97711227.50416668,0.0,1.4891622984766266
2016-12-01,4243338416,70722306.93333334,90793188.35833333,0.0,1.0383183744286102
2016-12-08,4065820297,67763671.61666666,80680722.78750001,0.0,0.9259357289080603
2016-12-15,3863435245,64390587.416666664,71748292.52916667,0.0,0.8046966025219647
2016-12-22,3839980627,63999677.11666667,66719060.77083333,0.0,0.779643608203714
2016-12-29,3532124600,58868743.333333336,63755669.87083333,0.0,0.6065337051780795
2017-01-05,1010714669,16845244.483333334,51026063.087500006,-0.6315702039715017,-0.7319644865670921
2017-01-12,3136256235,52270937.25,47996150.545833334,0.018109256183523215,0.40821216780409186
2017-01-19,2856657960,47610966.0,43898972.766666666,0.08136374849624839,0.2558440179249313
2017-01-26,3617655650,60294260.833333336,44255352.141666666,0.359111244903934,0.6515255474768714
2017-02-02,3637359546,60622659.1,55199705.795833334,0.2917071554665813,0.651161057560309
2017-02-09,2532867508,42214458.46666667,52685586.1,-0.3411061672218284,0.07721004320868345
2017-02-16,2409051075,40150851.25,50820557.4125,-0.2927991506541111,0.02126365476358559
2017-02-23,1566209609,26103493.483333334,42272865.575,-0.3267502783070121,-0.4226343012948525
2017-03-02,2089394733,34823245.55,35823012.1875,-0.13484989976235295,-0.13886812573036705
2017-03-09,1494794226,24913237.1,31497706.845833335,-0.05286749032702176,-0.45643360568737545
2017-03-16,1640411995,27340199.916666668,28295044.0125,0.2893401758722909,-0.3829398314105418
2017-03-23,1226715085,20445251.416666668,26880483.49583333,-0.020128867245277404,-0.6045782042055808
2017-03-30,1384073170,23067886.166666668,23941643.650000002,1.7676021187193753,-0.5330623357579751
2017-04-06,1892370500,31539508.333333332,25598211.458333336,1.2175352044767722,-0.27082007359125965
2017-04-13,1002149537,16702492.283333333,22938784.55,0.695896841567303,-0.7619829864714402
2017-04-20,1428188372,23803139.533333335,23778256.579166666,1.2907945511238785,-0.5414547845986772
2017-04-27,1222413705,20373561.75,23104675.475,1.8564991555732622,-0.667908166038944
2017-05-04,818237060,13637284.333333334,18629119.475,1.5584043308928184,-0.9019590738009116
2017-05-11,628375080,10472918.0,17071725.90416667,0.35038780597011554,-1.0112753452039938
2017-05-18,728178350,12136305.833333334,14155017.479166668,2.738057700448139,-0.9676104452609396
2017-05-25,774915630,12915260.5,12290442.166666668,0.5473563439903175,-0.9472559170350071
2017-06-01,644616545,10743609.083333334,11567023.354166666,1.9718644822163878,-1.0308241557985205
2017-06-08,1185134628,19752243.8,13886854.804166667,2.6004785267093715,-0.7410506390032185
2017-06-15,644080742,10734679.033333333,13536448.104166668,-0.07368877019784881,-1.0490002872408284
2017-06-22,724547840,12075797.333333334,13326582.312500002,0.11093395946721873,-1.0046803356436143
2017-06-29,621635990,10360599.833333334,13230830.000000002,0.4618470600491347,-1.0682903230347518
2017-07-06,1051958150,17532635.833333332,12675928.008333333,0.22234840876557205,-0.8254219884583922
2017-07-13,660641608,11010693.466666667,12744931.616666667,-0.25196100971747426,-1.04500383709821
2017-07-20,1415033903,23583898.383333333,15621956.879166666,-0.10929123513595329,-0.6104719108585166
2017-07-27,1088016400,18133606.666666668,17565208.5875,-0.27383230758131005,-0.7905363776706068
2017-08-03,1514114190,25235236.5,19490858.754166666,-0.32348881843858646,-0.5381785889923718
2017-08-10,1302714339,21711905.65,22166161.8,-0.23965377189417159,-0.6522879316449962
2017-08-17,1474300765,24571679.416666668,22413107.058333334,-0.2937777870339693,-0.5468620224895034
2017-08-24,1628260274,27137671.233333334,24664123.2,-0.24750983836724694,-0.4531072507081721
2017-08-31,1570002572,26166709.533333335,24896991.458333332,-0.42232254120648427,-0.47260858948258966
2017-09-07,2464981476,41083024.6,29739771.195833337,0.17834030939940315,0.02779940305661688
2017-09-14,2104538880,35075648.0,32365763.34166667,0.254143733229266,-0.18029995901353923
2017-09-21,2326183465,38769724.416666664,35273776.6375,1.7287107609846815,-0.07172221077896826
2017-09-28,2027956795,33799279.916666664,37181919.233333334,-0.17133573356720344,-0.23671332181469595
2017-10-05,3286656573,54777609.55,40605565.47083333,-0.19597394712740246,0.4910693480209569
2017-10-12,3963792698,66063211.63333333,48352456.37916666,-0.29895487100118623,0.9215741931654597
2017-10-19,5843397389,97389956.48333333,63007514.395833336,-0.06122146493637293,2.0502878192358245
2017-10-26,5604379521,93406325.35,77909275.75416666,-0.14937520983199581,1.9700837163041023
2017-11-02,5497669499,91627824.98333333,87121829.6125,-0.0687705211400147,1.9289338348831606
2017-11-09,5108611623,85143527.05,91891908.46666667,-0.21318966323860167,1.769872275490224
2017-11-16,5024151055,83735850.91666667,88478382.075,-0.16364769333002716,1.773006868292889
2017-11-23,3801254880,63354248.0,80965362.7375,-0.24682827320246736,1.0105699336789948
2017-11-30,3975181528,66253025.46666667,74621662.85833333,-0.06319479186220067,1.1354206739888166
2017-12-07,2740832204,45680536.733333334,64755915.27916667,-0.3258845684787528,0.3264723473237047
2017-12-14,3959497715,65991628.583333336,60319859.69583333,0.024864521833081854,1.154550627962365
2017-12-21,2836970866,47282847.766666666,56302009.6375,-0.26120177637031605,0.4073878651778075
2017-12-28,2669250579,44487509.65,50860630.68333333,-0.24429319990580178,0.3055720564320651
2018-01-04,1140304350,19005072.5,44191764.625,0.12821589017622137,-0.7560964438846141
2018-01-11,2744791135,45746518.916666664,39130487.20833333,-0.1248192337192755,0.3628423987052029
2018-01-18,3135122548,52252042.46666667,40372785.88333333,0.09747914937635738,0.6292632607042591
2018-01-25,2495939505,41598991.75,39650656.40833333,-0.3100671411332364,0.20247619803391118
2018-02-01,2875986678,47933111.3,46882666.108333334,-0.20932021109578813,0.4825894490289785
2018-02-08,2953410594,49223509.9,47751913.85416667,0.16603437987645409,0.5303297177607429
2018-02-15,2121003003,35350050.05,43526415.75,-0.11956910129022491,-0.0518863993232163
2018-02-22,1692525750,28208762.5,40178858.4375,0.08065085303661923,-0.35559695584210865
2018-03-01,2245159871,37419331.18333333,37550413.40833333,0.07455036405511994,0.03175360509827064
2018-03-08,2050847344,34180789.06666667,33789733.2,0.37199308662569064,-0.11299290694614615
2018-03-15,1103382770,18389712.833333332,29549648.895833332,-0.32737460262231266,-0.7716362740502021
2018-03-22,1565382634,26089710.566666666,29019885.9125,0.27607677865965097,-0.45247170319218544
2018-03-29,1286656460,21444274.333333332,25026121.7,-0.07038407514250145,-0.6471796869866642
2018-04-05,840426476,14007107.933333334,19982701.416666664,-0.5558869280619202,-0.9394185635353719
2018-04-12,984326840,16405447.333333334,19486635.041666668,-0.01778446862666161,-0.8384602290353702
2018-04-19,1041366280,17356104.666666668,17303233.566666666,-0.2708480894983789,-0.7906520990788828
2018-04-26,1528968215,25482803.583333332,18312865.879166666,0.2507780375384452,-0.4563774699334282
2018-05-03,1179390730,19656512.166666668,19725216.9375,0.4413802400981446,-0.7080638190609803
2018-05-10,1540784110,25679735.166666668,22043788.895833332,1.4520133898371657,-0.4717789294322255
2018-05-17,2000083840,33334730.666666668,26038445.395833332,1.7466950095399016,-0.16585398702137633
2018-05-24,1281874440,21364574.0,25008888.0,0.6542116204315043,-0.690833658511912
2018-05-31,1263957673,21065961.216666665,25361250.262500003,0.9607899964776732,-0.7181693590854967
2018-06-07,1489549610,24825826.833333332,25147773.179166667,0.2568610981469017,-0.5603308181335739
2018-06-14,1805287370,30088122.833333332,24336121.22083333,1.802889843273718,-0.35125177776234073
2018-06-21,1139232125,18987202.083333332,23741778.241666667,0.5723352718848764,-0.8532295752013526
2018-06-28,1874196825,31236613.75,26284441.375,2.0149425952638294,-0.33078915537361925
2018-07-05,1472810080,24546834.666666668,26214693.333333332,0.400065278262258,-0.6420485669157925
2018-07-12,1405616635,23426943.916666668,24549398.604166668,1.1276538110509082,-0.7114294206589391
2018-07-19,1605319810,26755330.166666668,26491430.625000004,0.13447445082169174,-0.5625822660959849
2018-07-26,1694901270,28248354.5,25744365.8125,0.5577901858832275,-0.5062998542122273
2018-08-02,1970214640,32836910.666666668,27816884.8125,0.30123253121351445,-0.30178881355312165
2018-08-09,1282199400,21369990.0,27302646.333333336,-0.015747841553465758,-0.8334514104184869
2018-08-16,1457324970,24288749.5,26686001.166666664,-0.011514472082635119,-0.6976494525013419
2018-08-23,2001783240,33363054.0,27964676.041666664,0.22940003632367678,-0.28292605023559164
2018-08-30,1711488100,28524801.666666668,26886648.791666668,0.09011802306779915,-0.5106414280276758
2018-09-06,2082109967,34701832.78333333,30219609.487499997,-0.15532429461551056,-0.2172457376639322
2018-09-13,1735646270,28927437.833333332,31379281.57083333,-0.17528429315594307,-0.4795623545410011
2018-09-20,1636541315,27275688.583333332,29857440.21666667,-0.2964693715592205,-0.5444018824229732
2018-09-27,1414810285,23580171.416666668,28621282.654166665,-0.30234692943741925,-0.7033602594864587
2018-10-04,1388181573,23136359.55,25729914.34583333,-0.5776310843049557,-0.6961594821958704
2018-10-11,2729685005,45494750.083333336,29871742.408333335,-0.3113451653570809,0.3591341310875535
2018-10-18,2685047675,44750794.583333336,34240518.90833334,-0.5404988748404289,0.4038721334950979
2018-10-25,2988905010,49815083.5,40799246.92916667,-0.46668404614634584,0.7667174913692649
2018-11-01,2750699966,45844999.43333333,46476406.9,-0.4996607259675506,0.6588417538199642
2018-11-08,2992474334,49874572.233333334,47571362.4375,-0.41422943162731785,1.0401614829643435
2018-11-15,2449202570,40820042.833333336,46588674.5,-0.5125141455365736,0.5490253873567439
2018-11-22,2476385250,41273087.5,44453175.5,-0.34853480543246285,0.6471164870146459
2018-11-29,2327750730,38795845.5,42690887.016666666,-0.41442907358971814,0.528316271449132
2018-12-06,2042869290,34047821.5,38734199.333333336,-0.25465364606464613,0.14160236842905566
2018-12-13,2268175800,37802930.0,37979921.125,-0.4271556739615393,0.5638259735352273
2018-12-20,1542539745,25708995.75,34088898.1875,-0.45627226437650703,-0.5577954375361038
2018-12-27,1667092850,27784880.833333332,31336157.020833332,-0.3754453541695757,-0.33033999763692756
2019-01-03,980598875,16343314.583333334,26910030.291666668,-0.14005513089553678,-1.4417394550854763
2019-01-10,2425865975,40431099.583333336,27567072.6875,-0.11619287017261504,0.9345725096297519
2019-01-17,2491986648,41533110.8,31523101.449999996,-0.20513899860478446,1.100927083066728
2019-01-24,2082760925,34712682.083333336,33255051.7625,-0.1655403022277977,0.4205595854529859
2019-01-31,2409362505,40156041.75,39208233.55416667,-0.16224837777221435,1.0221193294944222
2019-02-07,2537282559,42288042.65,39672469.32083333,-0.14089745457180414,1.2924342582543207
2019-02-14,2388915160,39815252.666666664,39243004.7875,0.12631389801007287,1.0076460634591475
2019-02-21,2884837040,48080617.333333336,42584988.6,0.7044568095935912,1.796197299420737
2019-02-28,1871554540,31192575.666666668,40344122.079166666,-0.16640477848626212,0.05004488594131881
2019-03-07,1959299605,32654993.416666668,37935859.77083333,-0.044638982646774794,0.20632453488926783
2019-03-14,1873344074,31222401.233333334,35787646.9125,0.6978188575484101,0.030957412065558406
2019-03-21,1895927820,31598797.0,31667191.829166666,0.21115935415442966,0.059920988013518944
2019-03-28,1569820005,26163666.75,30409964.6,0.22007703983392757,-0.5343193592828626
2019-04-04,1959452470,32657541.166666668,30410601.5375,1.331497788272915,0.13044697942456862
2019-04-11,1050109908,17501831.8,26980459.179166667,0.06683051332827628,-1.5671452178104641
2019-04-18,851186610,14186443.5,22627370.804166667,-0.18262514703280008,-1.9081002732947532
2019-04-25,1119462620,18657710.333333332,20750881.7,-0.2678313329096903,-1.3784799958924394
2019-05-02,1330446200,22174103.333333332,18130022.241666667,0.12807924138932303,-1.0069835577538628
2019-05-09,1205679780,20094663.0,18778230.041666664,-0.21748947683527187,-1.2097356093969749
2019-05-16,1098240230,18304003.833333332,19807620.125,-0.4509029031503,-1.3479976921374042
2019-05-23,1184413410,19740223.5,20078248.416666668,-0.0760300907474214,-1.1873482823982584
2019-05-30,1125485130,18758085.5,19224243.958333332,-0.10955473111005032,-1.2796489113162868
2019-06-06,1618458560,26974309.333333332,20944155.541666664,0.08654223339362299,-0.4185266468204247
2019-06-13,1500009538,25000158.966666665,22618194.325,-0.16910207043657544,-0.6145793116138331
2019-06-20,1613400370,26890006.166666668,24405639.991666667,0.4162174104772547,-0.43759405302879595
2019-06-27,1589223105,26487051.75,26337881.554166667,-0.15205111661631376,-0.46983419797761683
2019-07-04,1679654320,27994238.666666668,26592863.8875,0.14044189594356937,-0.3174399162222266
2019-07-11,1886405688,31440094.8,28202847.845833335,0.3420484938981958,0.034794081648677415
2019-07-18,1241359878,20689331.3,26652679.129166666,-0.22672113664379434,-1.0987652621543211
2019-07-25,2350446463,39174107.71666667,29824443.120833334,0.38677485503329656,0.8433258410350681
2019-08-01,2277137920,37952298.666666664,32313958.12083333,0.15578164620683155,0.7002761023549747
2019-08-08,2083141590,34719026.5,33133691.045833334,0.6246627396643611,0.335740965322698
2019-08-15,2554699080,42578318.0,38605937.72083333,0.7530057691936753,1.1272780853688946
2019-08-22,2129519284,35491988.06666667,37685407.80833334,0.06381112672319111,0.37323299964293716
2019-08-29,2844922171,47415369.516666666,40051175.520833336,0.6622506291454786,1.5570712928492287
2019-09-05,2155995931,35933265.516666666,40354735.275000006,0.035486100720443,0.36987423382860807
2019-09-12,1473825290,24563754.833333332,35851094.483333334,-0.15084927414386118,-0.7894544287703551
2019-09-19,2064345370,34405756.166666664,35579536.50833333,0.261407427407355,0.20635104212661137
2019-09-26,2196702516,36611708.6,32878621.27916667,0.5526481106970464,0.4100319789643208
2019-10-03,2343017190,39050286.5,33657876.525,0.6878319346485087,0.6343117132273807
2019-10-10,2107751550,35129192.5,36299235.94166667,-0.22784074127996323,0.25117000383752847
2019-10-17,2934541670,48909027.833333336,39925053.858333334,0.09291976351965525,1.6794335582679707
2019-10-24,3480273274,58004554.56666667,45273265.35,0.16439741723341017,2.5221369613950513
2019-10-31,3270958706,54515978.43333333,49139688.333333336,0.18913685477538555,2.092550189861307
2019-11-07,2972331340,49538855.666666664,52742104.125,-0.006731216963547171,1.6071913894381822
2019-11-14,3392125092,56535418.2,54648701.71666667,0.38499164321879675,2.1671924722494302
2019-11-21,4304420364,71740339.4,58082647.925000004,0.7381868850979469,3.0
2019-11-28,3476329620,57938827.0,58938360.06666667,0.4934286456007255,1.9133699739623888
2019-12-05,3092333160,51538886.0,59438367.650000006,0.5137205180660385,1.3408286558807805
2019-12-12,2904781898,48413031.63333333,57407771.00833333,0.28066876385860384,1.0633684787741506
2019-12-19,2418433810,40307230.166666664,49549493.7,0.567825929827176,0.4024662853288987
2019-12-26,2186604378,36443406.3,44175638.525,0.31162723060086295,0.08322919188681226
2020-01-02,1735259870,28920997.833333332,38521166.483333334,0.7695919445145192,-0.5455136326416149
2020-01-09,2538869220,42314487.0,36996530.325,0.04658264148331592,0.5383631457984728
2020-01-16,2665143330,44419055.5,38024486.65833333,0.06948539717858071,0.7026200075533086
2020-01-23,2336956560,38949276.0,38650954.08333333,0.12204743806589313,0.2535453789873242
2020-01-30,3095691934,51594865.56666667,44319421.016666666,0.28485934664281665,1.2398732278159725
2020-02-06,1344091772,22401529.533333335,39341181.65,-0.4702632675921846,-1.0464699509490505
2020-02-13,2215920840,36932014.0,37469421.275000006,-0.07241543060909705,0.10576453552243614
2020-02-20,1264299690,21071661.5,33000017.650000002,-0.5617431166926503,-1.1044135136633786
2020-02-27,1299097490,21651624.833333332,25514207.466666665,-0.30587249143164175,-1.033952473415581
2020-03-05,1300572660,21676211.0,25332877.833333332,-0.33620531710360857,-1.005534444879245
2020-03-12,1091153910,18185898.5,20646348.958333332,-0.41753683952454745,-1.2375414777807365
2020-03-19,1295045130,21584085.5,20774454.958333332,-0.3169333155309678,-0.9555800568430729
2020-03-26,912891540,15214859.0,19165263.5,-0.4184737504348468,-1.3978747176028878
2020-04-02,663874200,11064570.0,16512353.25,-0.6611940273294815,-1.6304606595632463
2020-04-09,1048565950,17476099.166666668,16334903.416666668,-0.0014702822897276757,-1.1667258360761545
2020-04-16,1216498940,20274982.333333332,16007627.625,0.4291800713359435,-0.9829392292621751
2020-04-23,1236983610,20616393.5,17358011.25,0.10497982505213099,-0.9635374597755642
2020-04-30,840414590,14006909.833333334,18093596.208333336,-0.36832125192285103,-1.4174725552163379
2020-05-07,1181051530,19684192.166666668,18645619.458333336,-0.020426858282387328,-1.0057719253729096
2020-05-14,907389040,15123150.666666666,17357661.541666668,-0.17377909202980113,-1.3237404491570293
2020-05-21,757753340,12629222.333333334,15360868.750000002,-0.3602290099028851,-1.4749183486017816
2020-05-28,996300500,16605008.333333334,16010393.375000002,-0.11478128547109279,-1.185740959411207
2020-06-04,604230090,10070501.5,13606970.708333334,-0.6266632307224473,-1.586950457982626
2020-06-11,984272410,16404540.166666666,13927318.083333334,-0.34382256574691195,-1.1267837885701226
2020-06-18,564009300,9400155.0,13120051.25,-0.6504219842220564,-1.5473170141707333
2020-06-25,737806200,12296770.0,12042991.666666666,-0.5357441018327003,-1.3142217047535245
2020-07-02,1238236580,20637276.333333332,14684685.375,-0.26280272955211414,-0.7521858044409021
2020-07-09,1065815000,17763583.333333332,15024446.166666666,-0.4350022337294819,-0.9154506418819317
2020-07-16,1002524540,16708742.333333334,16851593.0,-0.19239814515738685,-0.9747933808642012
2020-07-23,1114118930,18568648.833333332,18419562.708333332,-0.5259968914254739,-0.8251004969733993
2020-07-30,1229357180,20489286.333333332,18382565.208333332,-0.4601305572215846,-0.6779068786041007
2020-08-06,1858996889,30983281.483333334,21687489.745833334,-0.10759935958073785,0.00042687848800331875
2020-08-13,2055943630,34265727.166666664,26076735.954166666,-0.19523060618160948,0.2226776244870899
2020-08-20,2696865489,44947758.15,32671513.28333333,0.2664198484900875,0.894198303658151
2020-08-27,1809281360,30154689.333333332,35087864.03333333,-0.3640313332845828,-0.03319015234085459
2020-09-03,3335255850,55587597.5,41238943.037499994,0.5469675995413557,1.553934099042674
2020-09-10,3603854503,60064241.71666667,47688571.675,1.4452386096590866,1.7418179940451066
2020-09-17,3065632530,51093875.5,49225101.0125,0.48503858634856245,1.1552871458712834
2020-09-24,2860877270,47681287.833333336,53606750.6375,0.30235079586898417,0.9279941160098225
2020-10-01,4592784046,76546400.76666667,58846451.45416667,0.9602007469693383,2.461869474769694
2020-10-08,5444175435,90736257.25,66514455.337500006,1.5829303434743056,2.9183283034964678
2020-10-15,5151199489,85853324.81666666,75204317.66666667,0.7553676411076484,2.4781378234268288
2020-10-22,6368743885,106145731.41666667,89820428.5625,0.8299551166222587,3.0
2020-10-29,5270346797,87839113.28333333,92643606.69166668,0.6112544580072117,2.1777649238875263
2020-11-05,6288626137,104810435.61666666,96162151.28333333,1.1157217744775387,2.6508331321869827
2020-11-12,5579342865,92989047.75,97946082.01666668,0.6447927814213992,2.0752400393556334
2020-11-19,5050406952,84173449.2,92453011.4625,0.17330709478076423,1.7094388420225919
2020-11-26,5344876385,89081273.08333333,92763551.4125,0.5375056364764397,1.8170780537118365
2020-12-03,5721895293,95364921.55,90402172.89583333,0.8503489103353921,1.940930826037477
2020-12-10,5419640637,90327343.95,89736746.94583333,0.865765082304985,1.6882311192216346
2020-12-17,6299814707,104996911.78333333,94942612.59166667,1.6049150822118223,2.051651187633644
2020-12-24,5012423343,83540389.05,93557391.58333333,1.2923320713300064,1.3031095173524807
2020-12-31,3889181740,64819695.666666664,85921085.1125,1.241267609098803,0.6814564329646589
2021-01-07,4209858788,70164313.13333334,80880327.40833333,0.6581629155360749,0.8288526813865521
2021-01-14,5134343621,85572393.68333334,76024197.88333333,0.9264793616184239,1.2701106162118982
2021-01-21,4641151364,77352522.73333333,74477231.30416666,0.9859810162667295,0.9821244500676223
2021-01-28,4211093520,70184892.0,75818530.3875,0.360307682347051,0.7462832065379575
2021-02-04,4206650575,70110842.91666667,75805162.83333334,2.1297346376434776,0.7159132435347977
2021-02-11,2039895784,33998263.06666667,62911630.17916667,-0.07943652716402982,-0.38929887171583255
2021-02-18,1777606647,29626777.45,50980193.85833334,0.4060010146803088,-0.5300766624988243
2021-02-25,2218802975,36980049.583333336,42678983.25416667,0.7079572488435801,-0.31465365755505836
2021-03-04,1468070585,24467843.083333332,31268233.295833334,0.1287878256644268,-0.7038296058065655
2021-03-11,1214620780,20243679.666666668,27829587.445833337,0.1131525707496206,-0.8366521529598852
2021-03-18,1095550711,18259178.516666666,24987687.712500002,-0.15404437604425425,-0.8946108787750767
2021-03-25,996255970,16604266.166666666,19893741.858333334,0.09131909580408637,-0.9473794548693969
2021-04-01,851118430,14185307.166666666,17323107.879166666,0.2820477584458019,-1.0261759004611508
2021-04-08,745626570,12427109.5,15368965.337499999,-0.2889082751542714,-1.0743875589015983
2021-04-15,494488770,8241479.5,12864540.583333332,-0.593514836930314,-1.187870468507727
2021-04-22,631242735,10520712.25,11343652.104166668,-0.48969191677487145,-1.105540648458014
2021-04-29,346434670,5773911.166666667,9240803.104166666,-0.5877812283101844,-1.238705316749015
2021-05-06,613084260,10218071.0,8688543.479166668,-0.4808996521938378,-1.0924596553558203
2021-05-13,686257160,11437619.333333334,9487578.4375,-0.24370129046301892,-1.0512265747752165
2021-05-20,489725400,8162090.0,8897922.875,-0.35371396713342107,-1.1440225323707574
2021-05-27,453860000,7564333.333333333,9345528.416666666,-0.5444547102003864,-1.1504997804030996
2021-06-03,529146990,8819116.5,8995789.791666668,-0.1242624312205306,-1.1114139847885387
2021-06-10,314687930,5244798.833333333,7447584.666666666,-0.6802837031670937,-1.203466484698997
2021-06-17,457141070,7619017.833333333,7311816.625,-0.1894795529080815,-1.1307836582449886
2021-06-24,248386523,4139775.3833333333,6455677.1375,-0.6633444893794603,-1.2227342461544795
2021-07-01,484450199,8074169.983333333,6269440.508333333,-0.6087579652993291,-1.0924872931385585
2021-07-08,444136893,7402281.55,6808811.1875,-0.583288945079587,-1.1000712197051612
2021-07-15,319527240,5325454.0,6235420.229166666,-0.6812773879829416,-1.1467620546599937
2021-07-22,536086540,8934775.666666666,7434170.3,-0.5188246734125592,-1.0320085190054973
2021-07-29,411920530,6865342.166666667,7131963.345833334,-0.6649301466641289,-1.0766482095353915
2021-08-05,254825090,4247084.833333333,6343164.166666667,-0.8629233370384624,-1.1240055345516138
2021-08-12,613835900,10230598.333333334,7569450.25,-0.7014334969874636,-0.9343666184143953
2021-08-19,530437050,8840617.5,7545910.708333334,-0.8033134940680017,-0.9453155492699302
2021-08-26,855550730,14259178.833333334,9394369.875,-0.5271322919062185,-0.7824855752533586
2021-09-02,206498800,3441646.6666666665,9193010.333333334,-0.9380860691691764,-1.043552336339214
2021-09-09,427480580,7124676.333333333,8416529.833333332,-0.8813823977510338,-0.909617951492758
2021-09-16,616396234,10273270.566666666,8774693.1,-0.7989334246789194,-0.7981052599785985
2021-09-23,1071872960,17864549.333333332,9676035.725,-0.6253341689138592,-0.5755117242289325
2021-09-30,1872996730,31216612.166666668,16619777.100000001,-0.5921870675301505,-0.19360816217263
2021-10-07,3845495096,64091584.93333333,30861504.25,-0.29364967350652615,0.7274425037017324
2021-10-14,5404454541,90074242.35,50811747.19583333,0.049164287374388715,1.4397613398394977
2021-10-21,5661805259,94363420.98333333,69936465.10833333,-0.1110012647336972,1.581827109818258
2021-10-28,5898188980,98303149.66666667,86708099.48333333,0.11912729981210779,1.671426657293576
2021-11-04,6419610963,106993516.05,97433582.2625,0.020828846101906606,1.9063570120608222
2021-11-11,5366827335,89447122.25,97276802.23750001,-0.03808970610735174,1.4281032311159774
2021-11-18,5547695601,92461593.35,96801345.32916667,0.09846506503858454,1.4977442012467714
2021-11-25,4980617291,83010288.18333334,92978129.95833333,-0.06815107923211572,1.2464554964284038
2021-12-02,5223166407,87052773.45,87992944.30833334,-0.0871614841694377,1.3716611840481319
2021-12-09,3854636794,64243946.56666667,81692150.3875,-0.2887652425357663,0.7635270497054955
2021-12-16,4208801192,70146686.53333333,76113423.68333334,-0.33191666933895425,0.9766200514955685
2021-12-23,3861168284,64352804.733333334,71449052.82083334,-0.2296803322903206,0.8288900854146907
2021-12-30,3562788746,59379812.43333333,64530812.56666666,-0.08392330721988839,0.6873026829130867
2022-01-06,189573840,3159564.0,49259716.925,-0.9549690738937916,-0.9341034886540106
2022-01-13,4119697234,68661620.56666666,48888450.43333333,-0.19761949372651866,1.0227128574237705
2022-01-20,3049591535,50826525.583333336,45506880.64583333,-0.34292349121497,0.511786371335067
2022-01-27,3125780005,52096333.416666664,43686010.891666666,-0.25772724111812173,0.5659227707174808
2022-02-03,2736390673,45606511.21666667,54297747.695833325,-0.34950844520762225,0.3860128415981928
2022-02-10,2718463851,45307730.85,48459275.266666666,0.33264839915959143,0.369533495944223
2022-02-17,2304480285,38408004.75,45354645.05833333,0.2963949526680636,0.15107085655812968
2022-02-24,1630289120,27171485.333333332,39123433.037499994,-0.2652393482571386,-0.19027382536902906
2022-03-03,1701916200,28365270.0,34813122.73333333,0.15928771912557593,-0.15578821158030676
2022-03-10,1760870284,29347838.066666666,30823149.537499998,0.44972843622846614,-0.13102397076291686
2022-03-17,1227284240,20454737.333333332,26334832.683333326,0.12024411802878188,-0.40785707564543516
2022-03-24,1392501000,23208350.0,25344048.849999994,0.3977341586219052,-0.3270627402545306
2022-03-31,1636626241,27277104.016666666,25072007.35416666,0.9229124682448717,-0.20931626631692332
2022-04-07,1810197645,30169960.75,25277538.024999995,1.4277536743359347,-0.1304567286003371
2022-04-14,2223105190,37051753.166666664,29426791.98333333,3.0,0.06782166535506998
2022-04-21,1338863920,22314398.666666668,29203304.15,1.120996956899631,-0.4048642565307897
2022-04-28,1336301695,22271694.916666668,27951951.875,2.8572978131778783,-0.4191314604599603
2022-05-05,1117684500,18628075.0,25066480.4375,0.8230520222456861,-0.542157366562664
2022-05-12,1772903830,29548397.166666668,23190641.437499996,1.5834394645878813,-0.20563364747644192
2022-05-19,1283898455,21398307.583333332,22961618.666666664,1.6216701339158637,-0.47830708603586525
2022-05-26,891487420,14858123.666666666,21108225.854166664,0.9642343894593046,-0.6967132693525339
2022-06-02,815851030,13597517.166666666,19850586.39583333,0.5418230575213137,-0.742410648684533
2022-06-09,1342614665,22376911.083333332,18057714.874999993,3.0,-0.4715779742412393
2022-06-16,947251410,15787523.5,16655018.854166662,1.0721205600713146,-0.6956813445139978
2022-06-23,1051569425,17526157.083333332,17322027.20833333,3.0,-0.6518074161952758
2022-06-30,987758730,16462645.5,18038309.29166666,1.038927287136897,-0.6955765998156672
2022-07-07,794189490,13236491.5,15753204.395833328,0.7881637452712131,-0.8095739273157703
2022-07-14,967447470,16124124.5,15837354.645833328,2.027746460677343,-0.724603729459449
2022-07-21,889036080,14817268.0,15160132.374999996,0.6583816486047198,-0.7749938604324175
2022-07-28,1311699620,21861660.333333332,16509886.08333333,2.1843511659882546,-0.5513059122959655
2022-08-04,1921052982,32017549.7,21205150.63333333,3.0,-0.22682217698958923
2022-08-11,1693916932,28231948.866666667,24232106.724999994,1.7595598954052702,-0.3722974870611188
2022-08-18,1514760220,25246003.666666668,26839290.641666662,1.8556832898456097,-0.4912621501403009
2022-08-25,1124066793,18734446.55,26057487.19583333,0.31385171397142053,-0.7243264252162439
2022-09-01,1103028835,18383813.916666668,22649053.249999996,3.0,-0.7545891448025192
2022-09-08,753391060,12556517.666666666,18730195.45,0.7623983292995438,-0.9691229256112188
2022-09-15,1148783040,19146384.0,17205290.53333333,0.8637087260335208,-0.7443978419740093
2022-09-22,642711215,10711853.583333334,15199642.291666664,-0.40038489729230586,-1.037108576969882
2022-09-29,1344174265,22402904.416666668,16204414.916666662,-0.28234030339177363,-0.6120772361439392
2022-10-06,2153478887,35891314.78333333,22038114.19583333,-0.4399995752848569,-0.1135900780452144
2022-10-13,4248131182,70802186.36666666,34952064.787499994,-0.21395745865336535,1.175505952471205
2022-10-20,6438475440,107307924.0,59101082.391666666,0.13717712734209742,2.4514939880532185
2022-10-27,5701727788,95028796.46666667,77257555.40416665,-0.033308731318405504,2.023139858252925
2022-11-03,5750706630,95845110.5,92246004.33333333,-0.10419702017073773,2.0979067802097133
2022-11-10,4474769944,74579499.06666666,93190332.50833333,-0.16621689786485372,1.3515045347599808
2022-11-17,5497742067,91629034.45,89270610.12083334,-0.009004375436711953,1.9909747314905986
2022-11-24,4915190035,81919833.91666667,85993369.48333333,-0.013136374906425163,1.6310321511064847
2022-12-01,4589444147,76490735.78333333,81154775.80416666,-0.12132913459366268,1.4539328925172876
2022-12-08,4141427441,69023790.68333334,79765848.70833333,0.07440147083284443,1.1629619304446326
2022-12-15,4336741133,72279018.88333334,74928344.81666666,0.030398190639934652,1.2818179791103463
2022-12-22,3939782664,65663044.4,70864147.4375,0.020360257367119772,1.0305262834375581
2022-12-29,3255383779,54256396.31666667,65305562.57083333,-0.08628212024783344,0.6063761223370775
2023-01-05,1221546865,20359114.416666668,53139393.50416666,3.0,-0.6946873880509637
2023-01-12,4831888571,80531476.18333334,55202507.829166666,0.17287467902307507,1.5785236315506148
2023-01-19,4054803157,67580052.61666666,55681759.88333333,0.32962172489765895,1.0669048503194052
2023-01-26,4257533049,70958884.15,59857381.84166666,0.36207060067875774,1.1664096078935053
2023-02-02,4221157556,70352625.93333334,72355759.72083333,0.5426004764780896,1.1129129485193838
2023-02-09,3733127114,62218785.233333334,67777586.98333333,0.37324876055524925,0.7988020497289364
2023-02-16,3491964290,58199404.833333336,65432425.037499994,0.5152936272570456,0.6363342659377818
2023-02-23,1687947699,28132461.65,54725819.4125,0.03536708813955647,-0.45279176898096896
2023-03-02,1215188975,20253149.583333332,42200950.324999996,-0.28598777366359174,-0.729967090782082
2023-03-09,1397605100,23293418.333333332,32469608.599999994,-0.20629866225853133,-0.6147162737473363
2023-03-16,1587109575,26451826.25,24532713.95416666,0.2931882633806169,-0.5064548856249917
2023-03-23,1968657590,32810959.833333332,25702338.499999996,0.4137566795284169,-0.2844291046572574
2023-03-30,1110943750,18515729.166666668,25267983.39583333,-0.32119886497652694,-0.7928446985821409
2023-04-06,1496822368,24947039.466666665,25681388.67916666,-0.17311660849056076,-0.5562944354181157
2023-04-13,1169259199,19487653.316666666,23940345.445833325,-0.4740423420989809,-0.7367876354810052
2023-04-20,837067545,13951125.75,19225386.924999997,-0.37479266376824916,-0.9250863086657395
2023-04-27,899481435,14991357.25,18344293.94583333,-0.32688745485726567,-0.8796300570318731
2023-05-04,877021365,14617022.75,15761789.766666662,-0.21532296010188923,-0.8881528356457505
2023-05-11,419870740,6997845.666666667,12639337.854166662,-0.7631734260509776,-1.1295649373867132
2023-05-18,375037840,6250630.666666667,10714214.08333333,-0.7078913534481976,-1.135126429502156
2023-05-25,565813440,9430224.0,9323930.77083333,-0.3653152839778715,-1.0176609281514428
2023-06-01,490140465,8169007.75,7711927.02083333,-0.3992279877369279,-1.053934610927112
2023-06-08,325547950,5425799.166666667,7318915.395833329,-0.7575268924982284,-1.1263252569141042
2023-06-15,396233030,6603883.833333333,7407228.687499996,-0.5817023592501172,-1.0739831774380972
2023-06-22,322137220,5368953.666666667,6391911.104166662,-0.6936605303068791,-1.0999346685362534
2023-06-29,582439190,9707319.833333334,6776489.124999996,-0.4103426552352516,-0.9458356136099442
2023-07-06,663317070,11055284.5,8183860.45833333,-0.1647873985338184,-0.8980610211461407
2023-07-13,354634450,5910574.166666667,8010533.041666663,-0.6334328622514254,-1.057635156005421
2023-07-20,636420560,10607009.333333334,9320046.95833333,-0.28414540836182933,-0.8963579903314496
2023-07-27,737238890,12287314.833333334,9965045.70833333,-0.43795143433829764,-0.830846471196927
2023-08-03,641019920,10683665.333333334,9872140.916666664,-0.6663184586753891,-0.8641163207619755
2023-08-10,922381820,15373030.333333334,12237754.95833333,-0.4554739948723766,-0.6989544721378719
2023-08-17,706467560,11774459.333333334,12529617.45833333,-0.5336109631925772,-0.8041930973894504
2023-08-24,719275200,11987920.0,12454768.749999996,-0.36011346969841496,-0.790681293714683
2023-08-31,899234440,14987240.666666666,13530662.58333333,-0.1847589007045315,-0.6901883795590312
2023-09-07,823817915,13730298.583333334,13119979.64583333,0.09347981246286641,-0.7321013206604114
2023-09-14,948047330,15800788.833333334,14126562.02083333,-0.1747377033003551,-0.6619580354044912
2023-09-21,1119977425,18666290.416666668,15796154.624999996,0.7425826698854165,-0.5760818451563106
2023-09-28,1494297190,24904953.166666668,18275582.749999996,0.11168412378435177,-0.3749649374902077
2023-10-05,3096043709,51600728.483333334,27743190.224999994,0.43769401580392664,0.48300387144213675
2023-10-12,4651918603,77531976.71666667,43175987.195833325,0.09505060077026606,1.3140626040238148
2023-10-19,5795357668,96589294.46666667,62656738.20833333,-0.09988665453385648,1.9646852274257351
2023-10-26,4521818084,75363634.73333333,75271408.6,-0.20693897496882752,1.3080266410504664
2023-11-02,4813679033,80227983.88333334,82428222.44999999,-0.16294129700718185,1.507921933225404
2023-11-09,4434269296,73904488.26666667,81521350.3375,-0.009050889432719367,1.2936679456632636
2023-11-16,3597009493,59950158.21666667,72361566.27499999,-0.34572967426192636,0.8641111854476146
2023-11-23,3470342715,57839045.25,67980418.90416667,-0.29395553573952515,0.8230635971560558
2023-11-30,2586889354,43114822.56666667,58702128.574999996,-0.4363392883447591,0.3250582452324818
2023-12-07,2204226375,36737106.25,49410283.070833325,-0.4677616820765157,0.11597734483579633
2023-12-14,3141685570,52361426.166666664,47513100.05833332,-0.27556534419505563,0.7236854821455079
2023-12-21,2467821345,41130355.75,43335927.68333332,-0.37361485252730686,0.32100907154588143
2023-12-28,2139381800,35656363.333333336,41471312.87499999,-0.34281733115436774,0.1254234073283069
2024-01-04,526658870,8777647.833333334,34481448.27083333,-0.5688590547854258,-0.8994168184464523
2024-01-11,2821225323,47020422.05,33146197.24166666,-0.4161236788587359,0.6138870885959228
2024-01-18,2612447950,43540799.166666664,33748808.095833324,-0.3557152224541389,0.5033358522566
2024-01-25,2014006005,33566766.75,33226408.949999988,-0.5269546984554717,0.13291476155106355
2024-02-01,3861503517,64358391.95,47121594.97916666,-0.08520270428872856,1.4257363742046611
2024-02-08,2960545305,49342421.75,47702094.904166654,-0.20695298751083457,0.817771824424683
2024-02-15,2847728895,47462148.25,48682432.17499999,-0.1844908313767436,0.7535389701173182
2024-02-22,2336052603,38934210.05,50024292.99999999,0.38396029947134047,0.38044940218692297
2024-02-29,2558381818,42639696.96666667,44594619.25416666,1.1053365942527584,0.519416298520441
2024-03-07,1731481238,28858020.633333333,39473518.974999994,0.23889161394731606,-0.0715618709981218
2024-03-14,1543837066,25730617.766666666,34040636.35416666,-0.027264978853145716,-0.20412426912254286
2024-03-21,1732019750,28866995.833333332,31523832.79999999,-0.12020264021637206,-0.06735494537676025
2024-03-28,1134894690,18914911.5,25592636.433333322,0.021559093338433977,-0.4915325239642888
2024-04-04,1084418880,18073648.0,22896543.27499999,-0.27551932468181817,-0.5206021264488487
2024-04-11,986749775,16445829.583333334,20575346.22916666,-0.1560897910027903,-0.5865135025316587
2024-04-18,977824220,16297070.333333334,17432864.85416666,0.1681545006024574,-0.5954900224329207
2024-04-25,608713000,10145216.666666666,15240441.145833327,-0.32326229723685185,-0.850362391162528
2024-05-02,789704040,13161734.0,14012462.645833325,-0.0995612290471396,-0.7207814537074575
2024-05-09,954909610,15915160.166666666,13879795.29166666,1.2742942506543797,-0.6151274805918547
2024-05-16,423867360,7064456.0,11571641.708333325,0.13019891539477713,-0.9933471706133098
2024-05-23,491642510,8194041.833333333,11083847.999999993,-0.13108725377749952,-0.943307999023003
2024-05-30,796377530,13272958.833333334,11111654.208333327,0.62479449641033,-0.7339018665066013
2024-06-06,516080005,8601333.416666666,9283197.520833327,0.585265718920976,-0.9386016339798046
2024-06-13,752203640,12536727.333333334,10651265.35416666,0.8983870173569328,-0.778405630572463
2024-06-20,771399320,12856655.333333334,11816918.729166659,1.3946295929417905,-0.775398632691809
2024-06-27,705163725,11752728.75,11436861.208333325,0.2107078938146314,-0.8261310305591635
2024-07-04,648682285,10811371.416666666,11989370.708333325,-0.02206303088204864,-0.8665812108922162
2024-07-11,386577300,6442955.0,10465927.624999993,0.09007260856919008,-1.0568747926706274
2024-07-18,745771455,12429524.25,10359144.85416666,0.17182175101319785,-0.7998335995529454
2024-07-25,900816915,15013615.25,11174366.47916666,0.22187926765502008,-0.6911094693693104
2024-08-01,588429710,9807161.833333334,10923314.083333325,-0.08204145980362043,-0.9162195553537644
2024-08-08,773785685,12896428.083333334,12536682.354166659,-0.1611004594604868,-0.7786756828008575
2024-08-15,895656750,14927612.5,13161204.41666666,0.267796004674298,-0.6945724314078734
2024-08-22,925014700,15416911.666666666,13262028.520833327,0.2860372497202739,-0.6776474514145452
2024-08-29,1108826386,18480439.766666666,15430348.004166659,0.23307820149770953,-0.5480716148187553
2024-09-05,805377655,13422960.916666666,15561981.212499991,-0.02238390263702883,-0.7684965842595759
2024-09-12,1045058100,17417635.0,16184486.837499991,0.10232692707441093,-0.5959796495297757
2024-09-19,1099772550,18329542.5,16912644.545833327,-0.018040430591714895,-0.5557630813743949
2024-09-26,1506557080,25109284.666666668,18569855.770833325,0.008204452288369746,-0.25975398142154255
2024-10-03,3583996840,59733280.666666664,30147435.70833333,0.15760537539620367,1.2369302865575327
2024-10-10,4206412622,70106877.03333333,43319746.21666666,-0.09576822361266069,1.7131359764938843
2024-10-17,5621888786,93698146.43333334,62161897.199999996,-0.02993238587461755,2.7702897047164683
2024-10-24,5799720833,96662013.88333334,80050079.50416666,0.28260817336321664,2.7623571628498125
2024-10-31,5099508148,84991802.46666667,86364709.95416667,0.05937851548483164,2.245195286527659
2024-11-07,5210760177,86846002.95,90549491.43333334,0.17511134961975494,2.263771581086333
2024-11-14,4998180812,83303013.53333333,87950708.20833334,0.3895378429572578,2.03815472272317
2024-11-21,4673500221,77891670.35,83258122.32499999,0.3466970281636865,1.7680932457049194
2024-11-28,4652810881,77546848.01666667,81396883.71249999,0.7986122498071093,1.6820181902978846
2024-12-05,3832916580,63881943.0,75655868.725,0.7388942549061006,1.1287455584382846
2024-12-12,3740046995,62334116.583333336,70413644.4875,0.19045872404092945,1.0567132487774562
2024-12-19,3913452829,65224213.81666667,67246780.35416667,0.5857926008010925,1.1331205261606048
2024-12-26,3623770406,60396173.43333333,62959111.70833333,0.6938399709673138,0.9297939401025954
2025-01-02,883446235,14724103.916666666,50669651.9375,0.6774543928216759,-0.7434504147106005
2025-01-09,2992805115,49880085.25,47556144.10416666,0.060817471969076164,0.5413373782443645
2025-01-16,2181494460,36358241.0,40339650.89999999,-0.16496156028678,0.051791638807549986
2025-01-23,1627131435,27118857.25,32020321.85416666,-0.1920920637969995,-0.28175509269095267
2025-01-30,2514281288,41904688.13333333,38815467.90833333,-0.3488854077353415,0.2780694274452691
2025-02-06,2423356808,40389280.13333333,36442766.62916666,-0.18144917292525609,0.2289604886644554
2025-02-13,1603971971,26732866.183333334,34036422.925,-0.43675397829609763,-0.26319329367618033
2025-02-20,1938396886,32306614.766666666,35333362.30416666,-0.1702254977004043,-0.05140099581956533
2025-02-27,1548060399,25801006.65,31307441.93333333,-0.3949064255740423,-0.2812308478052935
2025-03-06,1890445642,31507427.366666667,29086978.741666663,0.09180833179781756,-0.07099989649030963
2025-03-13,1465274295,24421238.25,28509071.75833333,-0.05088799377226505,-0.333461295972072
2025-03-20,1838312491,30638541.516666666,28092053.44583333,0.06136924304702651,-0.10362701734549105
2025-03-27,1803140270,30052337.833333332,29154886.241666663,0.5888172584541742,-0.13375122424892644
2025-04-03,1800909477,30015157.95,28781818.887499996,0.6607138719311121,-0.1441552578099251
2025-04-10,1223369045,20389484.083333332,27773880.345833328,0.23979662929236523,-0.5078472010253318
2025-04-17,1234642749,20577379.15,25258589.754166663,0.26264283881207184,-0.504817243294709
2025-04-24,1012542735,16875712.25,21964433.358333327,0.6634156572966243,-0.6511021501990318
2025-05-01,740128618,12335476.966666667,17544513.112499993,-0.06277721714580564,-0.8211593808334291
2025-05-08,969668690,16161144.833333334,16487428.299999997,0.015455996929384819,-0.677354719603807
2025-05-15,496880400,8281340.0,13413418.512499996,0.17225445243059045,-0.975885052249604
2025-05-22,441025920,7350432.0,11032098.449999996,-0.10295405496973808,-1.0097392275302464
2025-05-29,664654520,11077575.333333334,10717623.041666662,-0.1654027204911218,-0.8665742639990188
2025-06-05,1232257695,20537628.25,11811743.895833328,1.3877260949104202,-0.5227135112587088
2025-06-12,497363455,8289390.916666667,11813756.624999996,-0.338791480721896,-0.9806672730366693
2025-06-19,446258490,7437641.5,11835558.999999996,-0.4214948361634543,-1.0052381640110795
2025-06-26,521892070,8698201.166666666,11240715.458333328,-0.259899436829369,-0.9536682234236338
2025-07-03,883191970,14719866.166666666,9786274.937499994,0.36151701753347565,-0.7320723557464964
2025-07-10,333715270,5561921.166666667,9104407.499999994,-0.1367437508617293,-1.0753668343489209
2025-07-17,831237420,13853957.0,10708486.374999994,0.11460074588132363,-0.7651646863335392
2025-07-24,943228810,15720480.166666666,12464056.124999994,0.047081592600867195,-0.6956741412649983
2025-07-31,1385450550,23090842.5,14556800.208333328,1.354487760313802,-0.430608733891176
2025-08-07,1200141280,20002354.666666668,18166908.58333333,0.5509995897636695,-0.554874652484394
2025-08-14,1108598820,18476647.0,19322581.08333333,0.23774964013836763,-0.6166303204897637
2025-08-21,867902615,14465043.583333334,19008721.937499996,-0.06174181340037077,-0.7684188221004743
2025-08-28,1084706820,18078447.0,17755623.062499993,-0.02175233770095364,-0.6303601886789966
2025-09-04,1030989915,17183165.25,17050825.70833333,0.28013225671129405,-0.6685980239797009
2025-09-11,1813730020,30228833.666666668,19988872.374999993,0.7355303212328579,-0.18083922349854104
2025-09-18,1247050195,20784169.916666668,21568653.95833333,0.13391645845315936,-0.5451599269841649
2025-09-25,1346254345,22437572.416666668,22658435.312499996,-0.10640335977180504,-0.4793481899713761
2025-10-02,1727373555,28789559.25,25560033.812499996,-0.518031507248762,-0.21492752832112585
2025-10-09,2242602464,37376707.733333334,27347002.329166662,-0.46686103682008206,0.1441487376791294
2025-10-16,3508400235,58473337.25,36769294.162499994,-0.375939231715709,1.051686931203683
2025-10-23,2559888055,42664800.916666664,41826101.287499994,-0.5586187458481763,0.47390383205240044
2025-10-30,2188490201,36474836.68333333,43747420.64583333,-0.5708428857284376,0.2546055861116
2025-11-06,2479535135,41325585.583333336,44734640.10833333,-0.5241509778276636,0.5630117013396123
2025-11-13,2657813036,44296883.93333333,41190526.77916666,-0.468243919944047,0.806815628698124
2025-11-20,1786428055,29773800.916666668,37967776.77916666,-0.6177537240775492,0.07339599878701121
2025-11-27,2055824815,34263746.916666664,37415004.33749999,-0.5581542281473185,0.4203481175429124
2025-12-04,2259806940,37663449.0,36499470.19166666,-0.4104210480886594,0.7053395231421364
2025-12-11,1786059820,29767663.666666668,32867165.124999996,-0.5224498990553459,0.22918033058205176
2025-12-18,2051388545,34189809.083333336,33971167.16666666,-0.47581109709601666,0.6354281163005131
2025-12-25,1705534116,28425568.6,32511622.5875,-0.5293481857525826,0.2564966702551565
2026-01-01,3294000,54900.0,23109485.3375,-0.9962714199580012,-2.012133485588963
2026-01-08,3513947785,58565796.416666664,30309018.524999995,0.17413184286140848,2.600094222567516
2026-01-15,2966178873,49436314.55,34120644.891666666,0.3597003922714521,1.8192802467364697
2026-01-22,2949850675,49164177.916666664,39305297.22083333,0.8129148091838074,1.7140198818700996
2026-01-29,2907930274,48465504.56666667,51407948.3625,0.15656521323957784,1.6314758196496864
2026-02-05,2527528890,42125481.5,47297869.633333325,0.04298668757985058,1.1647893843967767
2026-02-12,2680743136,44679052.266666666,46108554.0625,0.6713154496887401,1.3023324699435825
2026-02-19,1503095670,25051594.5,40080408.20833333,-0.22456764099444593,-0.08705761136328777
2026-02-26,2566686175,42778102.916666664,38658557.79583333,0.6580013135521077,1.1403404399407082
2026-03-05,1966012365,32766872.75,36318905.60833333,0.0399729679188523,0.4328027188671785
2026-03-12,2163255688,36054261.46666667,34162707.90833333,0.47634862317706883,0.6460116540596681
2026-03-19,2459692343,40994872.38333333,38148527.37916666,0.33801644445226153,0.9700588290345066
2026-03-26,1531226820,25520447.0,33834113.4,-0.1507999430349365,-0.09993725012593811
2026-04-02,1750751056,29179184.266666666,32937191.279166665,-0.027851716946681426,0.155711899043221
2026-04-09,1632809480,27213491.333333332,30726998.745833326,0.33468268358874487,0.009841738208745555
2026-04-16,1668922283,27815371.383333333,27432123.49583333,0.35174509739902104,0.04218545747633179
2026-04-23,1407308680,23455144.666666668,26915797.912499994,0.3898758357097887,-0.27248439864743795
2026-04-30,1115721055,18595350.916666668,24269839.574999996,0.5074691450452737,-0.6265057786066456
2026-05-07,1464495837,24408263.95,23568532.729166664,0.5103053776027355,-0.22815944065872037
2026-05-14,1257941979,20965699.65,21856114.795833327,1.5316796134442008,-0.4985796708570337
2026-05-21,1260253905,21004231.75,21243386.566666663,1.8575506514447042,-0.5250324465478952
