Date,Soybeans,upper,lower
2026-10-08,1289.399095527576,1299.4047769430492,1275.6367749756057
2026-10-09,1289.399095527576,1299.4047769430492,1275.6367749756057
2026-10-10,1289.399095527576,1299.4047769430492,1275.6367749756057
2026-10-11,1289.399095527576,1299.4047769430492,1275.6367749756057
2026-10-12,1289.399095527576,1299.4047769430492,1275.6367749756057
2026-10-13,1289.399095527576,1299.4047769430492,1275.6367749756057
2026-10-14,1289.399095527576,1299.4047769430492,1275.6367749756057
2026-10-15,1289.399095527576,1299.4047769430492,1275.6367749756057
2026-10-16,1289.399095527576,1299.4047769430492,1275.6367749756057
2026-10-17,1289.399095527576,1299.4047769430492,1275.6367749756057
2026-10-18,1289.399095527576,1299.4047769430492,1275.6367749756057
2026-10-19,1289.399095527576,1299.4047769430492,1275.6367749756057
2026-10-20,1289.399095527576,1299.4047769430492,1275.6367749756057
2026-10-21,1289.399095527576,1299.4047769430492,1275.6367749756057
2026-10-22,1289.399095527576,1299.4047769430492,1275.6367749756057
2026-10-23,1289.399095527576,1299.4047769430492,1275.6367749756057
2026-10-24,1289.399095527576,1299.4047769430492,1275.6367749756057
2026-10-25,1289.399095527576,1299.4047769430492,1275.6367749756057
2026-10-26,1289.399095527576,1299.4047769430492,1275.6367749756057
2026-10-27,1289.399095527576,1299.4047769430492,1275.6367749756057
2026-10-28,1289.399095527576,1299.4047769430492,1275.6367749756057
2026-10-29,1289.399095527576,1299.4047769430492,1275.6367749756057
2026-10-30,1289.399095527576,1299.4047769430492,1275.6367749756057
2026-10-31,1289.399095527576,1299.4047769430492,1275.6367749756057
2026-11-01,1289.399095527576,1299.4047769430492,1275.6367749756057
2026-11-02,1289.399095527576,1299.4047769430492,1275.6367749756057
2026-11-03,1289.399095527576,1299.4047769430492,1275.6367749756057
2026-11-04,1289.399095527576,1299.4047769430492,1275.6367749756057
2026-11-05,1289.399095527576,1299.4047769430492,1275.6367749756057
2026-11-06,1289.399095527576,1299.4047769430492,1275.6367749756057
