Date,forecast,upper,lower,method
2026-10-06,1281.2641348740806,1305.1529351191434,1257.3753346290177,seasonal_naive
2026-10-07,1281.5283242112616,1315.3121895066513,1247.744458915872,seasonal_naive
2026-10-08,1281.7925680227731,1323.1691837790859,1240.4159522664604,seasonal_naive
2026-10-09,1282.0568663198474,1329.8344668099733,1234.2792658297215,seasonal_naive
2026-10-10,1282.321219113719,1335.7382003625935,1228.9042378648446,seasonal_naive
2026-10-11,1282.585626415625,1341.1009975833028,1224.0702552479472,seasonal_naive
2026-10-12,1282.8500882368044,1346.0539128049397,1219.646263668669,seasonal_naive
2026-10-13,1283.1146045884989,1350.6823351792782,1215.5468739977196,seasonal_naive
2026-10-14,1283.3791754819524,1355.0455762171412,1211.7127747467637,seasonal_naive
2026-10-15,1283.643800928411,1359.1868202715984,1208.1007815852238,seasonal_naive
2026-10-16,1283.9084809391236,1363.1386680437474,1204.6782938344998,seasonal_naive
2026-10-17,1284.1732155253405,1366.9264470379662,1201.4199840127148,seasonal_naive
2026-10-18,1284.4380046983151,1370.5702988912062,1198.305710505424,seasonal_naive
2026-10-19,1284.7028484693028,1374.0865543674097,1195.319142571196,seasonal_naive
2026-10-20,1284.9677468495615,1377.488672359566,1192.4468213395571,seasonal_naive
2026-10-21,1285.2326998503513,1380.7879008306031,1189.6774988700995,seasonal_naive
2026-10-22,1285.4977074829346,1383.9937541626102,1187.001660803259,seasonal_naive
2026-10-23,1285.7627697585763,1387.1143656447455,1184.411173872407,seasonal_naive
2026-10-24,1286.0278866885433,1390.1567528392022,1181.8990205378843,seasonal_naive
2026-10-25,1286.293058284105,1393.1270207818536,1179.4590957863563,seasonal_naive
2026-10-26,1286.5582845565332,1396.0305199412137,1177.0860491718527,seasonal_naive
2026-10-27,1286.823565517102,1398.871970669819,1174.775160364385,seasonal_naive
2026-10-28,1287.0889011770878,1401.655562446481,1172.5222399076945,seasonal_naive
2026-10-29,1287.3542915477692,1404.385033883125,1170.3235492124134,seasonal_naive
2026-10-30,1287.6197366404274,1407.063737865742,1168.1757354151127,seasonal_naive
2026-10-31,1287.8852364663455,1409.6946950722415,1166.0757778604495,seasonal_naive
2026-11-01,1289.7310720687112,1413.8609193376496,1165.6012247997728,seasonal_naive
2026-11-02,1291.579553177815,1417.9872023140856,1165.1719040415442,seasonal_naive
2026-11-03,1293.430683585276,1422.075809949655,1164.785557220897,seasonal_naive
2026-11-04,1295.284467088148,1426.128814747707,1164.4401194285888,seasonal_naive
2026-11-05,1297.1409074889266,1430.148118164153,1164.1336968137002,seasonal_naive
2026-11-06,1299.0000085955573,1434.1354697771162,1163.8645474139985,seasonal_naive
2026-11-07,1300.8617742214433,1438.0924837798402,1163.6310646630463,seasonal_naive
2026-11-08,1302.7262081854528,1442.0206532399834,1163.4317631309223,seasonal_naive
2026-11-09,1304.5933143119282,1445.92136248425,1163.2652661396064,seasonal_naive
2026-11-10,1306.4630964306923,1449.7958979010698,1163.1302949603148,seasonal_naive
2026-11-11,1308.3355583770574,1453.6454574015052,1163.0256593526096,seasonal_naive
2026-11-12,1310.2107039918324,1457.4711587366269,1162.9502492470378,seasonal_naive
2026-11-13,1312.088537121331,1461.2740468358882,1162.9030274067738,seasonal_naive
2026-11-14,1313.9690616173796,1465.0551003037544,1162.8830229310047,seasonal_naive
2026-11-15,1315.8522813373252,1468.8152371896795,1162.8893254849709,seasonal_naive
2026-11-16,1317.7382001440433,1472.5553201283583,1162.9210801597283,seasonal_naive
2026-11-17,1319.6268219059455,1476.276160932276,1162.9774828796149,seasonal_naive
2026-11-18,1321.518150496988,1479.9785247062357,1163.0577762877404,seasonal_naive
2026-11-19,1323.4121897966795,1483.6631335433026,1163.1612460500564,seasonal_naive
2026-11-20,1325.3089436900884,1487.330669853069,1163.287217527108,seasonal_naive
2026-11-21,1327.2084160678514,1490.9817793659786,1163.4350527697243,seasonal_naive
2026-11-22,1329.1106108261818,1494.6170738514331,1163.6041478009304,seasonal_naive
2026-11-23,1331.0155318668765,1498.237133582317,1163.793930151436,seasonal_naive
2026-11-24,1332.923183097325,1501.8425095742734,1164.0038566203764,seasonal_naive
2026-11-25,1334.8335684305166,1505.4337256243905,1164.2334112366427,seasonal_naive
2026-11-26,1336.7466917850495,1509.0112801708317,1164.4821033992673,seasonal_naive
2026-11-27,1338.6625570851372,1512.5756479922666,1164.7494661780079,seasonal_naive
2026-11-28,1340.5811682606184,1516.127281763652,1165.0350547575847,seasonal_naive
2026-11-29,1342.5025292469636,1519.6666134829297,1165.3384450109975,seasonal_naive
2026-11-30,1344.4266439852838,1523.1940557814976,1165.65923218907,seasonal_naive
2026-12-01,1345.0199027407316,1525.376389448212,1164.6634160332512,seasonal_naive
2026-12-02,1345.6134232850634,1527.5451057227688,1163.681740847358,seasonal_naive
2026-12-03,1346.2072057337996,1529.7005621578473,1162.7138493097518,seasonal_naive
2026-12-04,1346.8012502025115,1531.8431012225203,1161.7593991825026,seasonal_naive
2026-12-05,1347.3955568068213,1533.9730511786229,1160.8180624350198,seasonal_naive
2026-12-06,1347.9901256624025,1536.0907268927233,1159.8895244320818,seasonal_naive
2026-12-07,1348.5849568849792,1538.1964305893853,1158.973483180573,seasonal_naive
2026-12-08,1349.1800505903268,1540.2904525508302,1158.0696486298234,seasonal_naive
2026-12-09,1349.7754068942718,1542.3730717675867,1157.1777420209569,seasonal_naive
2026-12-10,1350.3710259126917,1544.44455654426,1156.2974952811235,seasonal_naive
2026-12-11,1350.9669077615154,1546.5051650641485,1155.4286504588822,seasonal_naive
2026-12-12,1351.5630525567226,1548.5551459160736,1154.5709591973716,seasonal_naive
2026-12-13,1352.1594604143445,1550.5947385864674,1153.7241822422216,seasonal_naive
2026-12-14,1352.7561314504633,1552.624173919479,1152.8880889814475,seasonal_naive
2026-12-15,1353.3530657812123,1554.6436745476046,1152.06245701482,seasonal_naive
2026-12-16,1353.9502635227766,1556.6534552951148,1151.2470717504384,seasonal_naive
2026-12-17,1354.5477247913918,1558.653723556352,1150.4417260264318,seasonal_naive
2026-12-18,1355.1454497033455,1560.6446796507844,1149.6462197559067,seasonal_naive
2026-12-19,1355.7434383749762,1562.6265171565403,1148.860359593412,seasonal_naive
2026-12-20,1356.341690922674,1564.5994232239918,1148.083958621356,seasonal_naive
2026-12-21,1356.94020746288,1566.5635788708314,1147.3168360549284,seasonal_naive
2026-12-22,1357.5389881120868,1568.5191592599567,1146.558816964217,seasonal_naive
2026-12-23,1358.1380329868387,1570.4663339613742,1145.8097320123031,seasonal_naive
2026-12-24,1358.737342203731,1572.4052671992283,1145.0694172082337,seasonal_naive
2026-12-25,1359.336915879411,1574.3361180849772,1144.3377136738447,seasonal_naive
2026-12-26,1359.9367541305767,1576.259040837653,1143.6144674235004,seasonal_naive
2026-12-27,1360.5368570739784,1578.1741849920702,1142.8995291558865,seasonal_naive
2026-12-28,1361.1372248264174,1580.0816955957785,1142.1927540570564,seasonal_naive
2026-12-29,1361.7378575047467,1581.9817133954934,1141.494001614,seasonal_naive
2026-12-30,1362.3387552258707,1583.8743750136887,1140.8031354380528,seasonal_naive
2026-12-31,1362.9399181067458,1585.7598131159687,1140.120023097523,seasonal_naive
2027-01-01,1364.4878492670089,1588.584659572443,1140.3910389615748,seasonal_naive
2027-01-02,1366.0375384584552,1591.404029237848,1140.6710476790624,seasonal_naive
2027-01-03,1367.5889876777326,1594.2180457072948,1140.9599296481704,seasonal_naive
